/*
Navicat MySQL Data Transfer

Source Server         : localhost
Source Server Version : 50632
Source Host           : localhost:3306
Source Database       : testplatform

Target Server Type    : MYSQL
Target Server Version : 50632
File Encoding         : 65001

Date: 2020-01-06 14:32:33
*/

SET FOREIGN_KEY_CHECKS=0;

-- ----------------------------
-- Table structure for gen_table
-- ----------------------------
DROP TABLE IF EXISTS `gen_table`;
CREATE TABLE `gen_table` (
  `table_id` bigint(20) NOT NULL AUTO_INCREMENT COMMENT '编号',
  `table_name` varchar(200) DEFAULT '' COMMENT '表名称',
  `table_comment` varchar(500) DEFAULT '' COMMENT '表描述',
  `class_name` varchar(100) DEFAULT '' COMMENT '实体类名称',
  `tpl_category` varchar(200) DEFAULT 'crud' COMMENT '使用的模板（crud单表操作 tree树表操作）',
  `package_name` varchar(100) DEFAULT NULL COMMENT '生成包路径',
  `module_name` varchar(30) DEFAULT NULL COMMENT '生成模块名',
  `business_name` varchar(30) DEFAULT NULL COMMENT '生成业务名',
  `function_name` varchar(50) DEFAULT NULL COMMENT '生成功能名',
  `function_author` varchar(50) DEFAULT NULL COMMENT '生成功能作者',
  `options` varchar(1000) DEFAULT NULL COMMENT '其它生成选项',
  `create_by` varchar(64) DEFAULT '' COMMENT '创建者',
  `create_time` datetime DEFAULT NULL COMMENT '创建时间',
  `update_by` varchar(64) DEFAULT '' COMMENT '更新者',
  `update_time` datetime DEFAULT NULL COMMENT '更新时间',
  `remark` varchar(500) DEFAULT NULL COMMENT '备注',
  PRIMARY KEY (`table_id`)
) ENGINE=InnoDB AUTO_INCREMENT=12 DEFAULT CHARSET=utf8 COMMENT='代码生成业务表';

-- ----------------------------
-- Records of gen_table
-- ----------------------------
INSERT INTO `gen_table` VALUES ('5', 'testcase', '用例表', 'Testcase', 'crud', 'com.ruoyi.test', 'test', 'testcase', '测试用例', 'zhangsy', '{\"treeName\":\"\",\"treeParentCode\":\"\",\"treeCode\":\"\"}', 'admin', '2019-10-23 20:41:37', '', '2019-10-24 10:11:49', '');
INSERT INTO `gen_table` VALUES ('8', 'test_interface_info', '接口信息管理表', 'TestInterfaceInfo', 'crud', 'com.ruoyi.test', 'test', 'interface', '接口信息实体', 'zhangsy', '{\"treeName\":\"\",\"treeParentCode\":\"\",\"treeCode\":\"\"}', 'admin', '2019-12-06 15:05:40', '', '2019-12-06 16:08:07', '');
INSERT INTO `gen_table` VALUES ('10', 'test_message', '报文管理表', 'TestMessage', 'crud', 'com.ruoyi.test', 'test', 'message', '报文实体', 'zhangsy', '{\"treeName\":\"\",\"treeParentCode\":\"\",\"treeCode\":\"\"}', 'admin', '2019-12-09 17:32:49', '', '2019-12-09 17:37:14', '');
INSERT INTO `gen_table` VALUES ('11', 'test_case', '测试用例表', 'TestCase', 'crud', 'com.ruoyi.test', 'test', 'case', '用例实体', 'zhangsy', '{\"treeName\":\"\",\"treeParentCode\":\"\",\"treeCode\":\"\"}', 'admin', '2019-12-31 18:59:06', '', '2020-01-02 11:57:48', '');

-- ----------------------------
-- Table structure for gen_table_column
-- ----------------------------
DROP TABLE IF EXISTS `gen_table_column`;
CREATE TABLE `gen_table_column` (
  `column_id` bigint(20) NOT NULL AUTO_INCREMENT COMMENT '编号',
  `table_id` varchar(64) DEFAULT NULL COMMENT '归属表编号',
  `column_name` varchar(200) DEFAULT NULL COMMENT '列名称',
  `column_comment` varchar(500) DEFAULT NULL COMMENT '列描述',
  `column_type` varchar(100) DEFAULT NULL COMMENT '列类型',
  `java_type` varchar(500) DEFAULT NULL COMMENT 'JAVA类型',
  `java_field` varchar(200) DEFAULT NULL COMMENT 'JAVA字段名',
  `is_pk` char(1) DEFAULT NULL COMMENT '是否主键（1是）',
  `is_increment` char(1) DEFAULT NULL COMMENT '是否自增（1是）',
  `is_required` char(1) DEFAULT NULL COMMENT '是否必填（1是）',
  `is_insert` char(1) DEFAULT NULL COMMENT '是否为插入字段（1是）',
  `is_edit` char(1) DEFAULT NULL COMMENT '是否编辑字段（1是）',
  `is_list` char(1) DEFAULT NULL COMMENT '是否列表字段（1是）',
  `is_query` char(1) DEFAULT NULL COMMENT '是否查询字段（1是）',
  `query_type` varchar(200) DEFAULT 'EQ' COMMENT '查询方式（等于、不等于、大于、小于、范围）',
  `html_type` varchar(200) DEFAULT NULL COMMENT '显示类型（文本框、文本域、下拉框、复选框、单选框、日期控件）',
  `dict_type` varchar(200) DEFAULT '' COMMENT '字典类型',
  `sort` int(11) DEFAULT NULL COMMENT '排序',
  `create_by` varchar(64) DEFAULT '' COMMENT '创建者',
  `create_time` datetime DEFAULT NULL COMMENT '创建时间',
  `update_by` varchar(64) DEFAULT '' COMMENT '更新者',
  `update_time` datetime DEFAULT NULL COMMENT '更新时间',
  PRIMARY KEY (`column_id`)
) ENGINE=InnoDB AUTO_INCREMENT=138 DEFAULT CHARSET=utf8 COMMENT='代码生成业务表字段';

-- ----------------------------
-- Records of gen_table_column
-- ----------------------------
INSERT INTO `gen_table_column` VALUES ('46', '5', 'test_case_id', 'null', 'bigint(20)', 'Long', 'testCaseId', '1', '1', null, '1', null, null, null, 'EQ', 'input', '', '1', 'admin', '2019-10-23 20:41:37', null, '2019-10-24 10:11:49');
INSERT INTO `gen_table_column` VALUES ('47', '5', 'parent_title', '用例父标题', 'varchar(50)', 'String', 'parentTitle', '0', '0', '1', '1', '1', '1', '1', 'EQ', 'input', '', '2', 'admin', '2019-10-23 20:41:38', null, '2019-10-24 10:11:49');
INSERT INTO `gen_table_column` VALUES ('48', '5', 'test_case_title', '用例标题', 'varchar(50)', 'String', 'testCaseTitle', '0', '0', '1', '1', '1', '1', '1', 'EQ', 'input', '', '3', 'admin', '2019-10-23 20:41:38', null, '2019-10-24 10:11:49');
INSERT INTO `gen_table_column` VALUES ('49', '5', 'description', '用例描述', 'varchar(500)', 'String', 'description', '0', '0', '1', '1', '1', '1', '1', 'EQ', 'textarea', '', '4', 'admin', '2019-10-23 20:41:38', null, '2019-10-24 10:11:49');
INSERT INTO `gen_table_column` VALUES ('50', '5', 'test_case_type', '用例类型，auto,manual', 'char(1)', 'String', 'testCaseType', '0', '0', '1', '1', '1', '1', '1', 'EQ', 'select', '', '5', 'admin', '2019-10-23 20:41:38', null, '2019-10-24 10:11:49');
INSERT INTO `gen_table_column` VALUES ('51', '5', 'create_by', 'null', 'varchar(64)', 'String', 'createBy', '0', '0', null, '1', null, null, null, 'EQ', 'input', '', '6', 'admin', '2019-10-23 20:41:38', null, '2019-10-24 10:11:49');
INSERT INTO `gen_table_column` VALUES ('52', '5', 'create_time', 'null', 'datetime', 'Date', 'createTime', '0', '0', null, '1', null, null, null, 'EQ', 'datetime', '', '7', 'admin', '2019-10-23 20:41:38', null, '2019-10-24 10:11:49');
INSERT INTO `gen_table_column` VALUES ('53', '5', 'update_by', 'null', 'varchar(64)', 'String', 'updateBy', '0', '0', null, '1', '1', null, null, 'EQ', 'input', '', '8', 'admin', '2019-10-23 20:41:38', null, '2019-10-24 10:11:49');
INSERT INTO `gen_table_column` VALUES ('54', '5', 'update_time', 'null', 'datetime', 'Date', 'updateTime', '0', '0', null, '1', '1', null, null, 'EQ', 'datetime', '', '9', 'admin', '2019-10-23 20:41:38', null, '2019-10-24 10:11:49');
INSERT INTO `gen_table_column` VALUES ('85', '8', 'interface_id', '接口Id', 'int(11)', 'Long', 'interfaceId', '1', '1', null, '1', null, null, null, 'EQ', 'input', '', '1', 'admin', '2019-12-06 15:05:40', null, '2019-12-06 16:08:07');
INSERT INTO `gen_table_column` VALUES ('86', '8', 'interface_name', '接口英文名称，必须为英文', 'varchar(120)', 'String', 'interfaceName', '0', '0', '1', '1', '1', '1', '1', 'LIKE', 'input', '', '2', 'admin', '2019-12-06 15:05:40', null, '2019-12-06 16:08:07');
INSERT INTO `gen_table_column` VALUES ('87', '8', 'interface_ch_name', '接口中文名称', 'varchar(120)', 'String', 'interfaceChName', '0', '0', '1', '1', '1', '1', '1', 'LIKE', 'input', '', '3', 'admin', '2019-12-06 15:05:40', null, '2019-12-06 16:08:07');
INSERT INTO `gen_table_column` VALUES ('88', '8', 'request_url', '请求路径', 'text', 'String', 'requestUrl', '0', '0', '1', '1', '1', '1', '1', 'EQ', 'input', '', '4', 'admin', '2019-12-06 15:05:40', null, '2019-12-06 16:08:07');
INSERT INTO `gen_table_column` VALUES ('89', '8', 'interface_type', '接口分类（收、付、退、鉴权等）', 'char(2)', 'String', 'interfaceType', '0', '0', '1', '1', '1', '1', '1', 'EQ', 'select', 'test_interface_type', '5', 'admin', '2019-12-06 15:05:40', null, '2019-12-06 16:08:07');
INSERT INTO `gen_table_column` VALUES ('90', '8', 'interface_protocol', '接口协议（http、https、dubbo）', 'char(2)', 'String', 'interfaceProtocol', '0', '0', '1', '1', '1', '1', '1', 'EQ', 'select', 'test_interface_protocol', '6', 'admin', '2019-12-06 15:05:40', null, '2019-12-06 16:08:07');
INSERT INTO `gen_table_column` VALUES ('91', '8', 'request_type', '请求类型（协议http(s)时，为post、get等）', 'char(2)', 'String', 'requestType', '0', '0', '1', '1', '1', '1', '1', 'EQ', 'select', 'test_request_type', '7', 'admin', '2019-12-06 15:05:40', null, '2019-12-06 16:08:07');
INSERT INTO `gen_table_column` VALUES ('92', '8', 'status', '接口状态（1：正常；2：禁用）', 'char(1)', 'String', 'status', '0', '0', '1', '1', '1', '1', '1', 'EQ', 'radio', 'status', '8', 'admin', '2019-12-06 15:05:40', null, '2019-12-06 16:08:07');
INSERT INTO `gen_table_column` VALUES ('93', '8', 'create_by', '创建人', 'varchar(64)', 'String', 'createBy', '0', '0', null, '1', null, null, null, 'EQ', 'input', '', '9', 'admin', '2019-12-06 15:05:40', null, '2019-12-06 16:08:07');
INSERT INTO `gen_table_column` VALUES ('94', '8', 'create_time', '创建时间', 'datetime', 'Date', 'createTime', '0', '0', null, '1', null, null, null, 'EQ', 'datetime', '', '10', 'admin', '2019-12-06 15:05:40', null, '2019-12-06 16:08:07');
INSERT INTO `gen_table_column` VALUES ('95', '8', 'update_by', '修改人', 'varchar(64)', 'String', 'updateBy', '0', '0', null, '1', '1', null, null, 'EQ', 'input', '', '11', 'admin', '2019-12-06 15:05:40', null, '2019-12-06 16:08:07');
INSERT INTO `gen_table_column` VALUES ('96', '8', 'update_time', '修改时间', 'datetime', 'Date', 'updateTime', '0', '0', null, '1', '1', null, null, 'EQ', 'datetime', '', '12', 'admin', '2019-12-06 15:05:40', null, '2019-12-06 16:08:07');
INSERT INTO `gen_table_column` VALUES ('97', '8', 'remark', '备注', 'varchar(255)', 'String', 'remark', '0', '0', null, '1', '1', '1', null, 'EQ', 'input', '', '13', 'admin', '2019-12-06 15:05:40', null, '2019-12-06 16:08:07');
INSERT INTO `gen_table_column` VALUES ('109', '10', 'message_id', '报文Id', 'int(11)', 'Long', 'messageId', '1', '1', null, '1', null, null, null, 'EQ', 'input', '', '1', 'admin', '2019-12-09 17:32:49', null, '2019-12-09 17:37:14');
INSERT INTO `gen_table_column` VALUES ('110', '10', 'message_name', '报文名称', 'varchar(120)', 'String', 'messageName', '0', '0', null, '1', '1', '1', '1', 'LIKE', 'input', '', '2', 'admin', '2019-12-09 17:32:49', null, '2019-12-09 17:37:14');
INSERT INTO `gen_table_column` VALUES ('111', '10', 'message_type', '报文格式：xml、json、url', 'char(1)', 'String', 'messageType', '0', '0', null, '1', '1', '1', '1', 'EQ', 'select', 'test_message_type', '3', 'admin', '2019-12-09 17:32:49', null, '2019-12-09 17:37:14');
INSERT INTO `gen_table_column` VALUES ('112', '10', 'interface_id', '所属接口', 'int(11)', 'Long', 'interfaceId', '0', '0', null, '1', '1', '1', '1', 'EQ', 'input', '', '4', 'admin', '2019-12-09 17:32:49', null, '2019-12-09 17:37:14');
INSERT INTO `gen_table_column` VALUES ('113', '10', 'parameter_json', '入参报文', 'longtext', 'String', 'parameterJson', '0', '0', '1', '1', '1', '1', '1', 'EQ', 'input', '', '5', 'admin', '2019-12-09 17:32:49', null, '2019-12-09 17:37:14');
INSERT INTO `gen_table_column` VALUES ('114', '10', 'status', '报文状态（1：正常；2：禁用）', 'char(1)', 'String', 'status', '0', '0', null, '1', '1', '1', '1', 'EQ', 'radio', 'status', '6', 'admin', '2019-12-09 17:32:49', null, '2019-12-09 17:37:14');
INSERT INTO `gen_table_column` VALUES ('115', '10', 'create_by', '创建人', 'varchar(64)', 'String', 'createBy', '0', '0', null, '1', '1', '1', null, 'EQ', 'input', '', '7', 'admin', '2019-12-09 17:32:49', null, '2019-12-09 17:37:14');
INSERT INTO `gen_table_column` VALUES ('116', '10', 'create_time', '创建时间', 'datetime', 'Date', 'createTime', '0', '0', null, '1', '1', '1', null, 'EQ', 'datetime', '', '8', 'admin', '2019-12-09 17:32:49', null, '2019-12-09 17:37:14');
INSERT INTO `gen_table_column` VALUES ('117', '10', 'update_by', '修改人', 'varchar(64)', 'String', 'updateBy', '0', '0', null, '1', '1', '1', null, 'EQ', 'input', '', '9', 'admin', '2019-12-09 17:32:49', null, '2019-12-09 17:37:14');
INSERT INTO `gen_table_column` VALUES ('118', '10', 'update_time', '修改时间', 'datetime', 'Date', 'updateTime', '0', '0', null, '1', '1', '1', null, 'EQ', 'datetime', '', '10', 'admin', '2019-12-09 17:32:49', null, '2019-12-09 17:37:14');
INSERT INTO `gen_table_column` VALUES ('119', '10', 'remark', '备注', 'varchar(255)', 'String', 'remark', '0', '0', null, '1', '1', '1', null, 'EQ', 'input', '', '11', 'admin', '2019-12-09 17:32:49', null, '2019-12-09 17:37:14');
INSERT INTO `gen_table_column` VALUES ('120', '11', 'case_id', '用例Id', 'int(11)', 'Long', 'caseId', '1', '1', null, '1', null, null, null, 'EQ', 'input', '', '1', 'admin', '2019-12-31 18:59:06', null, '2020-01-02 11:57:48');
INSERT INTO `gen_table_column` VALUES ('121', '11', 'case_name', '用例名称', 'varchar(120)', 'String', 'caseName', '0', '0', '1', '1', '1', '1', '1', 'LIKE', 'input', '', '2', 'admin', '2019-12-31 18:59:06', null, '2020-01-02 11:57:48');
INSERT INTO `gen_table_column` VALUES ('122', '11', 'interface_id', '所属接口', 'int(11)', 'Long', 'interfaceId', '0', '0', '1', '1', '1', '1', '1', 'EQ', 'input', '', '3', 'admin', '2019-12-31 18:59:06', null, '2020-01-02 11:57:48');
INSERT INTO `gen_table_column` VALUES ('123', '11', 'parameter_json', '用例实参', 'longtext', 'String', 'parameterJson', '0', '0', '1', '1', '1', null, null, 'EQ', 'input', '', '4', 'admin', '2019-12-31 18:59:06', null, '2020-01-02 11:57:48');
INSERT INTO `gen_table_column` VALUES ('124', '11', 'case_type', '用例类型，auto,manual', 'char(1)', 'String', 'caseType', '0', '0', null, '1', '1', '1', '1', 'EQ', 'select', 'test_case_type', '5', 'admin', '2019-12-31 18:59:06', null, '2020-01-02 11:57:48');
INSERT INTO `gen_table_column` VALUES ('125', '11', 'status', '用例状态（1：正常；2：禁用）', 'char(1)', 'String', 'status', '0', '0', null, '1', '1', '1', '1', 'EQ', 'radio', 'status', '6', 'admin', '2019-12-31 18:59:06', null, '2020-01-02 11:57:48');
INSERT INTO `gen_table_column` VALUES ('126', '11', 'env', '所属环境', 'char(1)', 'String', 'env', '0', '0', null, '1', '1', '1', '1', 'EQ', 'select', 'test_env', '7', 'admin', '2019-12-31 18:59:06', null, '2020-01-02 11:57:48');
INSERT INTO `gen_table_column` VALUES ('127', '11', 'first_run_time', '首次执行时间', 'datetime', 'Date', 'firstRunTime', '0', '0', null, '1', '1', null, null, 'EQ', 'datetime', '', '8', 'admin', '2019-12-31 18:59:06', null, '2020-01-02 11:57:48');
INSERT INTO `gen_table_column` VALUES ('128', '11', 'last_run_time', '最近执行时间', 'datetime', 'Date', 'lastRunTime', '0', '0', null, '1', '1', '1', null, 'EQ', 'datetime', '', '9', 'admin', '2019-12-31 18:59:06', null, '2020-01-02 11:57:48');
INSERT INTO `gen_table_column` VALUES ('129', '11', 'run_count', '运行次数', 'int(11)', 'Long', 'runCount', '0', '0', null, '1', '1', null, null, 'EQ', 'input', '', '10', 'admin', '2019-12-31 18:59:06', null, '2020-01-02 11:57:48');
INSERT INTO `gen_table_column` VALUES ('130', '11', 'check_rule_flag', '校验规则', 'char(1)', 'String', 'checkRuleFlag', '0', '0', null, '1', '1', null, null, 'EQ', 'radio', 'check_rule_flag', '11', 'admin', '2019-12-31 18:59:06', null, '2020-01-02 11:57:48');
INSERT INTO `gen_table_column` VALUES ('131', '11', 'check_expression', '校验表达式', 'varchar(255)', 'String', 'checkExpression', '0', '0', null, '1', '1', null, null, 'EQ', 'input', '', '12', 'admin', '2019-12-31 18:59:06', null, '2020-01-02 11:57:48');
INSERT INTO `gen_table_column` VALUES ('132', '11', 'pre_action_id', '前置动作', 'int(11)', 'Long', 'preActionId', '0', '0', null, '1', '1', null, null, 'EQ', 'radio', 'action_type', '13', 'admin', '2019-12-31 18:59:06', null, '2020-01-02 11:57:48');
INSERT INTO `gen_table_column` VALUES ('133', '11', 'create_by', '创建人', 'varchar(64)', 'String', 'createBy', '0', '0', null, '1', '1', null, null, 'EQ', 'input', '', '14', 'admin', '2019-12-31 18:59:06', null, '2020-01-02 11:57:48');
INSERT INTO `gen_table_column` VALUES ('134', '11', 'create_time', '创建时间', 'datetime', 'Date', 'createTime', '0', '0', null, '1', '1', null, '1', 'EQ', 'datetime', '', '15', 'admin', '2019-12-31 18:59:06', null, '2020-01-02 11:57:48');
INSERT INTO `gen_table_column` VALUES ('135', '11', 'update_by', '修改人', 'varchar(64)', 'String', 'updateBy', '0', '0', null, '1', '1', null, null, 'EQ', 'input', '', '16', 'admin', '2019-12-31 18:59:06', null, '2020-01-02 11:57:48');
INSERT INTO `gen_table_column` VALUES ('136', '11', 'update_time', '修改时间', 'datetime', 'Date', 'updateTime', '0', '0', null, '1', '1', null, '1', 'EQ', 'datetime', '', '17', 'admin', '2019-12-31 18:59:06', null, '2020-01-02 11:57:48');
INSERT INTO `gen_table_column` VALUES ('137', '11', 'remark', '备注', 'varchar(255)', 'String', 'remark', '0', '0', null, '1', '1', null, null, 'EQ', 'input', '', '18', 'admin', '2019-12-31 18:59:06', null, '2020-01-02 11:57:48');

-- ----------------------------
-- Table structure for qrtz_blob_triggers
-- ----------------------------
DROP TABLE IF EXISTS `qrtz_blob_triggers`;
CREATE TABLE `qrtz_blob_triggers` (
  `sched_name` varchar(120) NOT NULL,
  `trigger_name` varchar(200) NOT NULL,
  `trigger_group` varchar(200) NOT NULL,
  `blob_data` blob,
  PRIMARY KEY (`sched_name`,`trigger_name`,`trigger_group`),
  CONSTRAINT `qrtz_blob_triggers_ibfk_1` FOREIGN KEY (`sched_name`, `trigger_name`, `trigger_group`) REFERENCES `qrtz_triggers` (`sched_name`, `trigger_name`, `trigger_group`)
) ENGINE=InnoDB DEFAULT CHARSET=utf8;

-- ----------------------------
-- Records of qrtz_blob_triggers
-- ----------------------------

-- ----------------------------
-- Table structure for qrtz_calendars
-- ----------------------------
DROP TABLE IF EXISTS `qrtz_calendars`;
CREATE TABLE `qrtz_calendars` (
  `sched_name` varchar(120) NOT NULL,
  `calendar_name` varchar(200) NOT NULL,
  `calendar` blob NOT NULL,
  PRIMARY KEY (`sched_name`,`calendar_name`)
) ENGINE=InnoDB DEFAULT CHARSET=utf8;

-- ----------------------------
-- Records of qrtz_calendars
-- ----------------------------

-- ----------------------------
-- Table structure for qrtz_cron_triggers
-- ----------------------------
DROP TABLE IF EXISTS `qrtz_cron_triggers`;
CREATE TABLE `qrtz_cron_triggers` (
  `sched_name` varchar(120) NOT NULL,
  `trigger_name` varchar(200) NOT NULL,
  `trigger_group` varchar(200) NOT NULL,
  `cron_expression` varchar(200) NOT NULL,
  `time_zone_id` varchar(80) DEFAULT NULL,
  PRIMARY KEY (`sched_name`,`trigger_name`,`trigger_group`),
  CONSTRAINT `qrtz_cron_triggers_ibfk_1` FOREIGN KEY (`sched_name`, `trigger_name`, `trigger_group`) REFERENCES `qrtz_triggers` (`sched_name`, `trigger_name`, `trigger_group`)
) ENGINE=InnoDB DEFAULT CHARSET=utf8;

-- ----------------------------
-- Records of qrtz_cron_triggers
-- ----------------------------
INSERT INTO `qrtz_cron_triggers` VALUES ('RuoyiScheduler', 'TASK_CLASS_NAME1', 'DEFAULT', '0/10 * * * * ?', 'Asia/Shanghai');
INSERT INTO `qrtz_cron_triggers` VALUES ('RuoyiScheduler', 'TASK_CLASS_NAME2', 'DEFAULT', '0/15 * * * * ?', 'Asia/Shanghai');
INSERT INTO `qrtz_cron_triggers` VALUES ('RuoyiScheduler', 'TASK_CLASS_NAME3', 'DEFAULT', '0/20 * * * * ?', 'Asia/Shanghai');

-- ----------------------------
-- Table structure for qrtz_fired_triggers
-- ----------------------------
DROP TABLE IF EXISTS `qrtz_fired_triggers`;
CREATE TABLE `qrtz_fired_triggers` (
  `sched_name` varchar(120) NOT NULL,
  `entry_id` varchar(95) NOT NULL,
  `trigger_name` varchar(200) NOT NULL,
  `trigger_group` varchar(200) NOT NULL,
  `instance_name` varchar(200) NOT NULL,
  `fired_time` bigint(13) NOT NULL,
  `sched_time` bigint(13) NOT NULL,
  `priority` int(11) NOT NULL,
  `state` varchar(16) NOT NULL,
  `job_name` varchar(200) DEFAULT NULL,
  `job_group` varchar(200) DEFAULT NULL,
  `is_nonconcurrent` varchar(1) DEFAULT NULL,
  `requests_recovery` varchar(1) DEFAULT NULL,
  PRIMARY KEY (`sched_name`,`entry_id`)
) ENGINE=InnoDB DEFAULT CHARSET=utf8;

-- ----------------------------
-- Records of qrtz_fired_triggers
-- ----------------------------

-- ----------------------------
-- Table structure for qrtz_job_details
-- ----------------------------
DROP TABLE IF EXISTS `qrtz_job_details`;
CREATE TABLE `qrtz_job_details` (
  `sched_name` varchar(120) NOT NULL,
  `job_name` varchar(200) NOT NULL,
  `job_group` varchar(200) NOT NULL,
  `description` varchar(250) DEFAULT NULL,
  `job_class_name` varchar(250) NOT NULL,
  `is_durable` varchar(1) NOT NULL,
  `is_nonconcurrent` varchar(1) NOT NULL,
  `is_update_data` varchar(1) NOT NULL,
  `requests_recovery` varchar(1) NOT NULL,
  `job_data` blob,
  PRIMARY KEY (`sched_name`,`job_name`,`job_group`)
) ENGINE=InnoDB DEFAULT CHARSET=utf8;

-- ----------------------------
-- Records of qrtz_job_details
-- ----------------------------
INSERT INTO `qrtz_job_details` VALUES ('RuoyiScheduler', 'TASK_CLASS_NAME1', 'DEFAULT', null, 'com.ruoyi.quartz.util.QuartzDisallowConcurrentExecution', '0', '1', '0', '0', 0xACED0005737200156F72672E71756172747A2E4A6F62446174614D61709FB083E8BFA9B0CB020000787200266F72672E71756172747A2E7574696C732E537472696E674B65794469727479466C61674D61708208E8C3FBC55D280200015A0013616C6C6F77735472616E7369656E74446174617872001D6F72672E71756172747A2E7574696C732E4469727479466C61674D617013E62EAD28760ACE0200025A000564697274794C00036D617074000F4C6A6176612F7574696C2F4D61703B787001737200116A6176612E7574696C2E486173684D61700507DAC1C31660D103000246000A6C6F6164466163746F724900097468726573686F6C6478703F4000000000000C7708000000100000000174000F5441534B5F50524F504552544945537372001E636F6D2E72756F79692E71756172747A2E646F6D61696E2E5379734A6F6200000000000000010200084C000A636F6E63757272656E747400124C6A6176612F6C616E672F537472696E673B4C000E63726F6E45787072657373696F6E71007E00094C000C696E766F6B6554617267657471007E00094C00086A6F6247726F757071007E00094C00056A6F6249647400104C6A6176612F6C616E672F4C6F6E673B4C00076A6F624E616D6571007E00094C000D6D697366697265506F6C69637971007E00094C000673746174757371007E000978720027636F6D2E72756F79692E636F6D6D6F6E2E636F72652E646F6D61696E2E42617365456E7469747900000000000000010200074C0008637265617465427971007E00094C000A63726561746554696D657400104C6A6176612F7574696C2F446174653B4C0006706172616D7371007E00034C000672656D61726B71007E00094C000B73656172636856616C756571007E00094C0008757064617465427971007E00094C000A75706461746554696D6571007E000C787074000561646D696E7372000E6A6176612E7574696C2E44617465686A81014B59741903000078707708000001622CDE29E078707400007070707400013174000E302F3130202A202A202A202A203F74001172795461736B2E72794E6F506172616D7374000744454641554C547372000E6A6176612E6C616E672E4C6F6E673B8BE490CC8F23DF0200014A000576616C7565787200106A6176612E6C616E672E4E756D62657286AC951D0B94E08B02000078700000000000000001740018E7B3BBE7BB9FE9BB98E8AEA4EFBC88E697A0E58F82EFBC8974000133740001317800);
INSERT INTO `qrtz_job_details` VALUES ('RuoyiScheduler', 'TASK_CLASS_NAME2', 'DEFAULT', null, 'com.ruoyi.quartz.util.QuartzDisallowConcurrentExecution', '0', '1', '0', '0', 0xACED0005737200156F72672E71756172747A2E4A6F62446174614D61709FB083E8BFA9B0CB020000787200266F72672E71756172747A2E7574696C732E537472696E674B65794469727479466C61674D61708208E8C3FBC55D280200015A0013616C6C6F77735472616E7369656E74446174617872001D6F72672E71756172747A2E7574696C732E4469727479466C61674D617013E62EAD28760ACE0200025A000564697274794C00036D617074000F4C6A6176612F7574696C2F4D61703B787001737200116A6176612E7574696C2E486173684D61700507DAC1C31660D103000246000A6C6F6164466163746F724900097468726573686F6C6478703F4000000000000C7708000000100000000174000F5441534B5F50524F504552544945537372001E636F6D2E72756F79692E71756172747A2E646F6D61696E2E5379734A6F6200000000000000010200084C000A636F6E63757272656E747400124C6A6176612F6C616E672F537472696E673B4C000E63726F6E45787072657373696F6E71007E00094C000C696E766F6B6554617267657471007E00094C00086A6F6247726F757071007E00094C00056A6F6249647400104C6A6176612F6C616E672F4C6F6E673B4C00076A6F624E616D6571007E00094C000D6D697366697265506F6C69637971007E00094C000673746174757371007E000978720027636F6D2E72756F79692E636F6D6D6F6E2E636F72652E646F6D61696E2E42617365456E7469747900000000000000010200074C0008637265617465427971007E00094C000A63726561746554696D657400104C6A6176612F7574696C2F446174653B4C0006706172616D7371007E00034C000672656D61726B71007E00094C000B73656172636856616C756571007E00094C0008757064617465427971007E00094C000A75706461746554696D6571007E000C787074000561646D696E7372000E6A6176612E7574696C2E44617465686A81014B59741903000078707708000001622CDE29E078707400007070707400013174000E302F3135202A202A202A202A203F74001572795461736B2E7279506172616D7328277279272974000744454641554C547372000E6A6176612E6C616E672E4C6F6E673B8BE490CC8F23DF0200014A000576616C7565787200106A6176612E6C616E672E4E756D62657286AC951D0B94E08B02000078700000000000000002740018E7B3BBE7BB9FE9BB98E8AEA4EFBC88E69C89E58F82EFBC8974000133740001317800);
INSERT INTO `qrtz_job_details` VALUES ('RuoyiScheduler', 'TASK_CLASS_NAME3', 'DEFAULT', null, 'com.ruoyi.quartz.util.QuartzDisallowConcurrentExecution', '0', '1', '0', '0', 0xACED0005737200156F72672E71756172747A2E4A6F62446174614D61709FB083E8BFA9B0CB020000787200266F72672E71756172747A2E7574696C732E537472696E674B65794469727479466C61674D61708208E8C3FBC55D280200015A0013616C6C6F77735472616E7369656E74446174617872001D6F72672E71756172747A2E7574696C732E4469727479466C61674D617013E62EAD28760ACE0200025A000564697274794C00036D617074000F4C6A6176612F7574696C2F4D61703B787001737200116A6176612E7574696C2E486173684D61700507DAC1C31660D103000246000A6C6F6164466163746F724900097468726573686F6C6478703F4000000000000C7708000000100000000174000F5441534B5F50524F504552544945537372001E636F6D2E72756F79692E71756172747A2E646F6D61696E2E5379734A6F6200000000000000010200084C000A636F6E63757272656E747400124C6A6176612F6C616E672F537472696E673B4C000E63726F6E45787072657373696F6E71007E00094C000C696E766F6B6554617267657471007E00094C00086A6F6247726F757071007E00094C00056A6F6249647400104C6A6176612F6C616E672F4C6F6E673B4C00076A6F624E616D6571007E00094C000D6D697366697265506F6C69637971007E00094C000673746174757371007E000978720027636F6D2E72756F79692E636F6D6D6F6E2E636F72652E646F6D61696E2E42617365456E7469747900000000000000010200074C0008637265617465427971007E00094C000A63726561746554696D657400104C6A6176612F7574696C2F446174653B4C0006706172616D7371007E00034C000672656D61726B71007E00094C000B73656172636856616C756571007E00094C0008757064617465427971007E00094C000A75706461746554696D6571007E000C787074000561646D696E7372000E6A6176612E7574696C2E44617465686A81014B59741903000078707708000001622CDE29E078707400007070707400013174000E302F3230202A202A202A202A203F74003872795461736B2E72794D756C7469706C65506172616D7328277279272C20747275652C20323030304C2C203331362E3530442C203130302974000744454641554C547372000E6A6176612E6C616E672E4C6F6E673B8BE490CC8F23DF0200014A000576616C7565787200106A6176612E6C616E672E4E756D62657286AC951D0B94E08B02000078700000000000000003740018E7B3BBE7BB9FE9BB98E8AEA4EFBC88E5A49AE58F82EFBC8974000133740001317800);

-- ----------------------------
-- Table structure for qrtz_locks
-- ----------------------------
DROP TABLE IF EXISTS `qrtz_locks`;
CREATE TABLE `qrtz_locks` (
  `sched_name` varchar(120) NOT NULL,
  `lock_name` varchar(40) NOT NULL,
  PRIMARY KEY (`sched_name`,`lock_name`)
) ENGINE=InnoDB DEFAULT CHARSET=utf8;

-- ----------------------------
-- Records of qrtz_locks
-- ----------------------------
INSERT INTO `qrtz_locks` VALUES ('RuoyiScheduler', 'STATE_ACCESS');
INSERT INTO `qrtz_locks` VALUES ('RuoyiScheduler', 'TRIGGER_ACCESS');

-- ----------------------------
-- Table structure for qrtz_paused_trigger_grps
-- ----------------------------
DROP TABLE IF EXISTS `qrtz_paused_trigger_grps`;
CREATE TABLE `qrtz_paused_trigger_grps` (
  `sched_name` varchar(120) NOT NULL,
  `trigger_group` varchar(200) NOT NULL,
  PRIMARY KEY (`sched_name`,`trigger_group`)
) ENGINE=InnoDB DEFAULT CHARSET=utf8;

-- ----------------------------
-- Records of qrtz_paused_trigger_grps
-- ----------------------------

-- ----------------------------
-- Table structure for qrtz_scheduler_state
-- ----------------------------
DROP TABLE IF EXISTS `qrtz_scheduler_state`;
CREATE TABLE `qrtz_scheduler_state` (
  `sched_name` varchar(120) NOT NULL,
  `instance_name` varchar(200) NOT NULL,
  `last_checkin_time` bigint(13) NOT NULL,
  `checkin_interval` bigint(13) NOT NULL,
  PRIMARY KEY (`sched_name`,`instance_name`)
) ENGINE=InnoDB DEFAULT CHARSET=utf8;

-- ----------------------------
-- Records of qrtz_scheduler_state
-- ----------------------------
INSERT INTO `qrtz_scheduler_state` VALUES ('RuoyiScheduler', 'DESKTOP-KU7TB341578290849877', '1578292340185', '15000');

-- ----------------------------
-- Table structure for qrtz_simple_triggers
-- ----------------------------
DROP TABLE IF EXISTS `qrtz_simple_triggers`;
CREATE TABLE `qrtz_simple_triggers` (
  `sched_name` varchar(120) NOT NULL,
  `trigger_name` varchar(200) NOT NULL,
  `trigger_group` varchar(200) NOT NULL,
  `repeat_count` bigint(7) NOT NULL,
  `repeat_interval` bigint(12) NOT NULL,
  `times_triggered` bigint(10) NOT NULL,
  PRIMARY KEY (`sched_name`,`trigger_name`,`trigger_group`),
  CONSTRAINT `qrtz_simple_triggers_ibfk_1` FOREIGN KEY (`sched_name`, `trigger_name`, `trigger_group`) REFERENCES `qrtz_triggers` (`sched_name`, `trigger_name`, `trigger_group`)
) ENGINE=InnoDB DEFAULT CHARSET=utf8;

-- ----------------------------
-- Records of qrtz_simple_triggers
-- ----------------------------

-- ----------------------------
-- Table structure for qrtz_simprop_triggers
-- ----------------------------
DROP TABLE IF EXISTS `qrtz_simprop_triggers`;
CREATE TABLE `qrtz_simprop_triggers` (
  `sched_name` varchar(120) NOT NULL,
  `trigger_name` varchar(200) NOT NULL,
  `trigger_group` varchar(200) NOT NULL,
  `str_prop_1` varchar(512) DEFAULT NULL,
  `str_prop_2` varchar(512) DEFAULT NULL,
  `str_prop_3` varchar(512) DEFAULT NULL,
  `int_prop_1` int(11) DEFAULT NULL,
  `int_prop_2` int(11) DEFAULT NULL,
  `long_prop_1` bigint(20) DEFAULT NULL,
  `long_prop_2` bigint(20) DEFAULT NULL,
  `dec_prop_1` decimal(13,4) DEFAULT NULL,
  `dec_prop_2` decimal(13,4) DEFAULT NULL,
  `bool_prop_1` varchar(1) DEFAULT NULL,
  `bool_prop_2` varchar(1) DEFAULT NULL,
  PRIMARY KEY (`sched_name`,`trigger_name`,`trigger_group`),
  CONSTRAINT `qrtz_simprop_triggers_ibfk_1` FOREIGN KEY (`sched_name`, `trigger_name`, `trigger_group`) REFERENCES `qrtz_triggers` (`sched_name`, `trigger_name`, `trigger_group`)
) ENGINE=InnoDB DEFAULT CHARSET=utf8;

-- ----------------------------
-- Records of qrtz_simprop_triggers
-- ----------------------------

-- ----------------------------
-- Table structure for qrtz_triggers
-- ----------------------------
DROP TABLE IF EXISTS `qrtz_triggers`;
CREATE TABLE `qrtz_triggers` (
  `sched_name` varchar(120) NOT NULL,
  `trigger_name` varchar(200) NOT NULL,
  `trigger_group` varchar(200) NOT NULL,
  `job_name` varchar(200) NOT NULL,
  `job_group` varchar(200) NOT NULL,
  `description` varchar(250) DEFAULT NULL,
  `next_fire_time` bigint(13) DEFAULT NULL,
  `prev_fire_time` bigint(13) DEFAULT NULL,
  `priority` int(11) DEFAULT NULL,
  `trigger_state` varchar(16) NOT NULL,
  `trigger_type` varchar(8) NOT NULL,
  `start_time` bigint(13) NOT NULL,
  `end_time` bigint(13) DEFAULT NULL,
  `calendar_name` varchar(200) DEFAULT NULL,
  `misfire_instr` smallint(2) DEFAULT NULL,
  `job_data` blob,
  PRIMARY KEY (`sched_name`,`trigger_name`,`trigger_group`),
  KEY `sched_name` (`sched_name`,`job_name`,`job_group`),
  CONSTRAINT `qrtz_triggers_ibfk_1` FOREIGN KEY (`sched_name`, `job_name`, `job_group`) REFERENCES `qrtz_job_details` (`sched_name`, `job_name`, `job_group`)
) ENGINE=InnoDB DEFAULT CHARSET=utf8;

-- ----------------------------
-- Records of qrtz_triggers
-- ----------------------------
INSERT INTO `qrtz_triggers` VALUES ('RuoyiScheduler', 'TASK_CLASS_NAME1', 'DEFAULT', 'TASK_CLASS_NAME1', 'DEFAULT', null, '1578290850000', '-1', '5', 'PAUSED', 'CRON', '1578290850000', '0', null, '2', '');
INSERT INTO `qrtz_triggers` VALUES ('RuoyiScheduler', 'TASK_CLASS_NAME2', 'DEFAULT', 'TASK_CLASS_NAME2', 'DEFAULT', null, '1578290850000', '-1', '5', 'PAUSED', 'CRON', '1578290850000', '0', null, '2', '');
INSERT INTO `qrtz_triggers` VALUES ('RuoyiScheduler', 'TASK_CLASS_NAME3', 'DEFAULT', 'TASK_CLASS_NAME3', 'DEFAULT', null, '1578290860000', '-1', '5', 'PAUSED', 'CRON', '1578290850000', '0', null, '2', '');

-- ----------------------------
-- Table structure for sys_config
-- ----------------------------
DROP TABLE IF EXISTS `sys_config`;
CREATE TABLE `sys_config` (
  `config_id` int(5) NOT NULL AUTO_INCREMENT COMMENT '参数主键',
  `config_name` varchar(100) DEFAULT '' COMMENT '参数名称',
  `config_key` varchar(100) DEFAULT '' COMMENT '参数键名',
  `config_value` varchar(500) DEFAULT '' COMMENT '参数键值',
  `config_type` char(1) DEFAULT 'N' COMMENT '系统内置（Y是 N否）',
  `create_by` varchar(64) DEFAULT '' COMMENT '创建者',
  `create_time` datetime DEFAULT NULL COMMENT '创建时间',
  `update_by` varchar(64) DEFAULT '' COMMENT '更新者',
  `update_time` datetime DEFAULT NULL COMMENT '更新时间',
  `remark` varchar(500) DEFAULT NULL COMMENT '备注',
  PRIMARY KEY (`config_id`)
) ENGINE=InnoDB AUTO_INCREMENT=4 DEFAULT CHARSET=utf8 COMMENT='参数配置表';

-- ----------------------------
-- Records of sys_config
-- ----------------------------
INSERT INTO `sys_config` VALUES ('1', '主框架页-默认皮肤样式名称', 'sys.index.skinName', 'skin-blue', 'Y', 'admin', '2018-03-16 11:33:00', 'ry', '2018-03-16 11:33:00', '蓝色 skin-blue、绿色 skin-green、紫色 skin-purple、红色 skin-red、黄色 skin-yellow');
INSERT INTO `sys_config` VALUES ('2', '用户管理-账号初始密码', 'sys.user.initPassword', '123456', 'Y', 'admin', '2018-03-16 11:33:00', 'ry', '2018-03-16 11:33:00', '初始化密码 123456');
INSERT INTO `sys_config` VALUES ('3', '主框架页-侧边栏主题', 'sys.index.sideTheme', 'theme-light', 'Y', 'admin', '2018-03-16 11:33:00', 'admin', '2020-01-06 14:26:25', '深色主题theme-dark，浅色主题theme-light');

-- ----------------------------
-- Table structure for sys_dept
-- ----------------------------
DROP TABLE IF EXISTS `sys_dept`;
CREATE TABLE `sys_dept` (
  `dept_id` bigint(20) NOT NULL AUTO_INCREMENT COMMENT '部门id',
  `parent_id` bigint(20) DEFAULT '0' COMMENT '父部门id',
  `ancestors` varchar(50) DEFAULT '' COMMENT '祖级列表',
  `dept_name` varchar(30) DEFAULT '' COMMENT '部门名称',
  `order_num` int(4) DEFAULT '0' COMMENT '显示顺序',
  `leader` varchar(20) DEFAULT NULL COMMENT '负责人',
  `phone` varchar(11) DEFAULT NULL COMMENT '联系电话',
  `email` varchar(50) DEFAULT NULL COMMENT '邮箱',
  `status` char(1) DEFAULT '0' COMMENT '部门状态（0正常 1停用）',
  `del_flag` char(1) DEFAULT '0' COMMENT '删除标志（0代表存在 2代表删除）',
  `create_by` varchar(64) DEFAULT '' COMMENT '创建者',
  `create_time` datetime DEFAULT NULL COMMENT '创建时间',
  `update_by` varchar(64) DEFAULT '' COMMENT '更新者',
  `update_time` datetime DEFAULT NULL COMMENT '更新时间',
  PRIMARY KEY (`dept_id`)
) ENGINE=InnoDB AUTO_INCREMENT=110 DEFAULT CHARSET=utf8 COMMENT='部门表';

-- ----------------------------
-- Records of sys_dept
-- ----------------------------
INSERT INTO `sys_dept` VALUES ('100', '0', '0', '若依科技', '0', '若依', '15888888888', 'ry@qq.com', '0', '0', 'admin', '2018-03-16 11:33:00', 'ry', '2018-03-16 11:33:00');
INSERT INTO `sys_dept` VALUES ('101', '100', '0,100', '深圳总公司', '1', '若依', '15888888888', 'ry@qq.com', '0', '0', 'admin', '2018-03-16 11:33:00', 'ry', '2018-03-16 11:33:00');
INSERT INTO `sys_dept` VALUES ('102', '100', '0,100', '长沙分公司', '2', '若依', '15888888888', 'ry@qq.com', '0', '0', 'admin', '2018-03-16 11:33:00', 'ry', '2018-03-16 11:33:00');
INSERT INTO `sys_dept` VALUES ('103', '101', '0,100,101', '研发部门', '1', '若依', '15888888888', 'ry@qq.com', '0', '0', 'admin', '2018-03-16 11:33:00', 'ry', '2018-03-16 11:33:00');
INSERT INTO `sys_dept` VALUES ('104', '101', '0,100,101', '市场部门', '2', '若依', '15888888888', 'ry@qq.com', '0', '0', 'admin', '2018-03-16 11:33:00', 'ry', '2018-03-16 11:33:00');
INSERT INTO `sys_dept` VALUES ('105', '101', '0,100,101', '测试部门', '3', '若依', '15888888888', 'ry@qq.com', '0', '0', 'admin', '2018-03-16 11:33:00', 'ry', '2018-03-16 11:33:00');
INSERT INTO `sys_dept` VALUES ('106', '101', '0,100,101', '财务部门', '4', '若依', '15888888888', 'ry@qq.com', '0', '0', 'admin', '2018-03-16 11:33:00', 'ry', '2018-03-16 11:33:00');
INSERT INTO `sys_dept` VALUES ('107', '101', '0,100,101', '运维部门', '5', '若依', '15888888888', 'ry@qq.com', '0', '0', 'admin', '2018-03-16 11:33:00', 'ry', '2018-03-16 11:33:00');
INSERT INTO `sys_dept` VALUES ('108', '102', '0,100,102', '市场部门', '1', '若依', '15888888888', 'ry@qq.com', '0', '0', 'admin', '2018-03-16 11:33:00', 'ry', '2018-03-16 11:33:00');
INSERT INTO `sys_dept` VALUES ('109', '102', '0,100,102', '财务部门', '2', '若依', '15888888888', 'ry@qq.com', '0', '0', 'admin', '2018-03-16 11:33:00', 'ry', '2018-03-16 11:33:00');

-- ----------------------------
-- Table structure for sys_dict_data
-- ----------------------------
DROP TABLE IF EXISTS `sys_dict_data`;
CREATE TABLE `sys_dict_data` (
  `dict_code` bigint(20) NOT NULL AUTO_INCREMENT COMMENT '字典编码',
  `dict_sort` int(4) DEFAULT '0' COMMENT '字典排序',
  `dict_label` varchar(100) DEFAULT '' COMMENT '字典标签',
  `dict_value` varchar(100) DEFAULT '' COMMENT '字典键值',
  `dict_type` varchar(100) DEFAULT '' COMMENT '字典类型',
  `css_class` varchar(100) DEFAULT NULL COMMENT '样式属性（其他样式扩展）',
  `list_class` varchar(100) DEFAULT NULL COMMENT '表格回显样式',
  `is_default` char(1) DEFAULT 'N' COMMENT '是否默认（Y是 N否）',
  `status` char(1) DEFAULT '0' COMMENT '状态（0正常 1停用）',
  `create_by` varchar(64) DEFAULT '' COMMENT '创建者',
  `create_time` datetime DEFAULT NULL COMMENT '创建时间',
  `update_by` varchar(64) DEFAULT '' COMMENT '更新者',
  `update_time` datetime DEFAULT NULL COMMENT '更新时间',
  `remark` varchar(500) DEFAULT NULL COMMENT '备注',
  PRIMARY KEY (`dict_code`)
) ENGINE=InnoDB AUTO_INCREMENT=64 DEFAULT CHARSET=utf8 COMMENT='字典数据表';

-- ----------------------------
-- Records of sys_dict_data
-- ----------------------------
INSERT INTO `sys_dict_data` VALUES ('1', '1', '男', '0', 'sys_user_sex', '', '', 'Y', '0', 'admin', '2018-03-16 11:33:00', 'ry', '2018-03-16 11:33:00', '性别男');
INSERT INTO `sys_dict_data` VALUES ('2', '2', '女', '1', 'sys_user_sex', '', '', 'N', '0', 'admin', '2018-03-16 11:33:00', 'ry', '2018-03-16 11:33:00', '性别女');
INSERT INTO `sys_dict_data` VALUES ('3', '3', '未知', '2', 'sys_user_sex', '', '', 'N', '0', 'admin', '2018-03-16 11:33:00', 'ry', '2018-03-16 11:33:00', '性别未知');
INSERT INTO `sys_dict_data` VALUES ('4', '1', '显示', '0', 'sys_show_hide', '', 'primary', 'Y', '0', 'admin', '2018-03-16 11:33:00', 'ry', '2018-03-16 11:33:00', '显示菜单');
INSERT INTO `sys_dict_data` VALUES ('5', '2', '隐藏', '1', 'sys_show_hide', '', 'danger', 'N', '0', 'admin', '2018-03-16 11:33:00', 'ry', '2018-03-16 11:33:00', '隐藏菜单');
INSERT INTO `sys_dict_data` VALUES ('6', '1', '正常', '0', 'sys_normal_disable', '', 'primary', 'Y', '0', 'admin', '2018-03-16 11:33:00', 'ry', '2018-03-16 11:33:00', '正常状态');
INSERT INTO `sys_dict_data` VALUES ('7', '2', '停用', '1', 'sys_normal_disable', '', 'danger', 'N', '0', 'admin', '2018-03-16 11:33:00', 'ry', '2018-03-16 11:33:00', '停用状态');
INSERT INTO `sys_dict_data` VALUES ('8', '1', '正常', '0', 'sys_job_status', '', 'primary', 'Y', '0', 'admin', '2018-03-16 11:33:00', 'ry', '2018-03-16 11:33:00', '正常状态');
INSERT INTO `sys_dict_data` VALUES ('9', '2', '暂停', '1', 'sys_job_status', '', 'danger', 'N', '0', 'admin', '2018-03-16 11:33:00', 'ry', '2018-03-16 11:33:00', '停用状态');
INSERT INTO `sys_dict_data` VALUES ('10', '1', '默认', 'DEFAULT', 'sys_job_group', '', '', 'Y', '0', 'admin', '2018-03-16 11:33:00', 'ry', '2018-03-16 11:33:00', '默认分组');
INSERT INTO `sys_dict_data` VALUES ('11', '2', '系统', 'SYSTEM', 'sys_job_group', '', '', 'N', '0', 'admin', '2018-03-16 11:33:00', 'ry', '2018-03-16 11:33:00', '系统分组');
INSERT INTO `sys_dict_data` VALUES ('12', '1', '是', 'Y', 'sys_yes_no', '', 'primary', 'Y', '0', 'admin', '2018-03-16 11:33:00', 'ry', '2018-03-16 11:33:00', '系统默认是');
INSERT INTO `sys_dict_data` VALUES ('13', '2', '否', 'N', 'sys_yes_no', '', 'danger', 'N', '0', 'admin', '2018-03-16 11:33:00', 'ry', '2018-03-16 11:33:00', '系统默认否');
INSERT INTO `sys_dict_data` VALUES ('14', '1', '通知', '1', 'sys_notice_type', '', 'warning', 'Y', '0', 'admin', '2018-03-16 11:33:00', 'ry', '2018-03-16 11:33:00', '通知');
INSERT INTO `sys_dict_data` VALUES ('15', '2', '公告', '2', 'sys_notice_type', '', 'success', 'N', '0', 'admin', '2018-03-16 11:33:00', 'ry', '2018-03-16 11:33:00', '公告');
INSERT INTO `sys_dict_data` VALUES ('16', '1', '正常', '0', 'sys_notice_status', '', 'primary', 'Y', '0', 'admin', '2018-03-16 11:33:00', 'ry', '2018-03-16 11:33:00', '正常状态');
INSERT INTO `sys_dict_data` VALUES ('17', '2', '关闭', '1', 'sys_notice_status', '', 'danger', 'N', '0', 'admin', '2018-03-16 11:33:00', 'ry', '2018-03-16 11:33:00', '关闭状态');
INSERT INTO `sys_dict_data` VALUES ('18', '1', '新增', '1', 'sys_oper_type', '', 'info', 'N', '0', 'admin', '2018-03-16 11:33:00', 'ry', '2018-03-16 11:33:00', '新增操作');
INSERT INTO `sys_dict_data` VALUES ('19', '2', '修改', '2', 'sys_oper_type', '', 'info', 'N', '0', 'admin', '2018-03-16 11:33:00', 'ry', '2018-03-16 11:33:00', '修改操作');
INSERT INTO `sys_dict_data` VALUES ('20', '3', '删除', '3', 'sys_oper_type', '', 'danger', 'N', '0', 'admin', '2018-03-16 11:33:00', 'ry', '2018-03-16 11:33:00', '删除操作');
INSERT INTO `sys_dict_data` VALUES ('21', '4', '授权', '4', 'sys_oper_type', '', 'primary', 'N', '0', 'admin', '2018-03-16 11:33:00', 'ry', '2018-03-16 11:33:00', '授权操作');
INSERT INTO `sys_dict_data` VALUES ('22', '5', '导出', '5', 'sys_oper_type', '', 'warning', 'N', '0', 'admin', '2018-03-16 11:33:00', 'ry', '2018-03-16 11:33:00', '导出操作');
INSERT INTO `sys_dict_data` VALUES ('23', '6', '导入', '6', 'sys_oper_type', '', 'warning', 'N', '0', 'admin', '2018-03-16 11:33:00', 'ry', '2018-03-16 11:33:00', '导入操作');
INSERT INTO `sys_dict_data` VALUES ('24', '7', '强退', '7', 'sys_oper_type', '', 'danger', 'N', '0', 'admin', '2018-03-16 11:33:00', 'ry', '2018-03-16 11:33:00', '强退操作');
INSERT INTO `sys_dict_data` VALUES ('25', '8', '生成代码', '8', 'sys_oper_type', '', 'warning', 'N', '0', 'admin', '2018-03-16 11:33:00', 'ry', '2018-03-16 11:33:00', '生成操作');
INSERT INTO `sys_dict_data` VALUES ('26', '9', '清空数据', '9', 'sys_oper_type', '', 'danger', 'N', '0', 'admin', '2018-03-16 11:33:00', 'ry', '2018-03-16 11:33:00', '清空操作');
INSERT INTO `sys_dict_data` VALUES ('27', '1', '成功', '0', 'sys_common_status', '', 'primary', 'N', '0', 'admin', '2018-03-16 11:33:00', 'ry', '2018-03-16 11:33:00', '正常状态');
INSERT INTO `sys_dict_data` VALUES ('28', '2', '失败', '1', 'sys_common_status', '', 'danger', 'N', '0', 'admin', '2018-03-16 11:33:00', 'ry', '2018-03-16 11:33:00', '停用状态');
INSERT INTO `sys_dict_data` VALUES ('29', '1', 'PJ', '1', 'test_workorder_type', '', 'primary', 'Y', '0', 'admin', '2019-08-04 13:20:57', 'admin', '2019-08-04 18:44:51', '项目工单');
INSERT INTO `sys_dict_data` VALUES ('30', '2', 'DB', '2', 'test_workorder_type', '', 'warning', 'Y', '0', 'admin', '2019-08-04 13:21:20', 'admin', '2019-08-04 18:48:35', '数据工单');
INSERT INTO `sys_dict_data` VALUES ('31', '3', 'BG', '3', 'test_workorder_type', '', 'danger', 'Y', '0', 'admin', '2019-08-04 13:21:41', 'admin', '2019-08-04 18:48:56', 'BUG工单');
INSERT INTO `sys_dict_data` VALUES ('32', '4', 'CF', '4', 'test_workorder_type', '', 'info', 'Y', '0', 'admin', '2019-08-04 13:22:16', 'admin', '2019-08-04 18:44:01', '配置工单');
INSERT INTO `sys_dict_data` VALUES ('33', '1', '初始', '0', 'test_workorder_status', '', 'info', 'Y', '0', 'admin', '2019-08-04 14:25:10', 'admin', '2019-08-04 18:50:15', '新建工单-初始状态');
INSERT INTO `sys_dict_data` VALUES ('34', '2', '开发中', '1', 'test_workorder_status', '', 'danger', 'Y', '0', 'admin', '2019-08-04 14:26:53', 'admin', '2019-08-04 18:50:05', '开发中');
INSERT INTO `sys_dict_data` VALUES ('35', '3', '测试中', '2', 'test_workorder_status', '', 'warning', 'Y', '0', 'admin', '2019-08-04 14:27:12', 'admin', '2019-08-04 18:49:56', '测试中');
INSERT INTO `sys_dict_data` VALUES ('36', '4', '测试完成', '3', 'test_workorder_status', '', 'primary', 'Y', '0', 'admin', '2019-08-04 14:27:49', 'admin', '2019-08-04 18:49:48', '测试完成');
INSERT INTO `sys_dict_data` VALUES ('37', '5', '上线完成', '4', 'test_workorder_status', '', 'success', 'Y', '0', 'admin', '2019-08-04 14:28:14', 'admin', '2019-08-04 18:49:33', '上线完成');
INSERT INTO `sys_dict_data` VALUES ('38', '1', 'AUTO', '1', 'test_case_type', '', 'success', 'Y', '0', 'admin', '2019-10-24 10:54:18', 'admin', '2020-01-02 15:32:00', '自动化用例');
INSERT INTO `sys_dict_data` VALUES ('39', '2', 'MANUAL', '2', 'test_case_type', null, 'primary', 'Y', '0', 'admin', '2019-10-24 10:54:42', '', null, '人工用例');
INSERT INTO `sys_dict_data` VALUES ('40', '1', '收款', '1', 'test_interface_type', '', 'success', 'Y', '0', 'admin', '2019-12-06 15:46:46', 'admin', '2019-12-06 16:34:48', '收款');
INSERT INTO `sys_dict_data` VALUES ('41', '2', '付款', '2', 'test_interface_type', null, 'primary', 'Y', '0', 'admin', '2019-12-06 15:47:07', '', null, '付款');
INSERT INTO `sys_dict_data` VALUES ('42', '3', '退款', '3', 'test_interface_type', null, 'success', 'Y', '0', 'admin', '2019-12-06 15:47:24', '', null, '退款');
INSERT INTO `sys_dict_data` VALUES ('43', '4', '签约', '4', 'test_interface_type', null, 'info', 'Y', '0', 'admin', '2019-12-06 15:47:41', '', null, '签约');
INSERT INTO `sys_dict_data` VALUES ('44', '5', '鉴权', '5', 'test_interface_type', null, 'warning', 'Y', '0', 'admin', '2019-12-06 15:48:00', '', null, '鉴权');
INSERT INTO `sys_dict_data` VALUES ('45', '6', '开户', '6', 'test_interface_type', null, 'danger', 'Y', '0', 'admin', '2019-12-06 15:48:13', '', null, '开户');
INSERT INTO `sys_dict_data` VALUES ('46', '1', 'http', '1', 'test_interface_protocol', '', 'info', 'Y', '0', 'admin', '2019-12-06 15:57:12', 'admin', '2019-12-06 16:34:28', '');
INSERT INTO `sys_dict_data` VALUES ('47', '2', 'https', '2', 'test_interface_protocol', null, 'primary', 'Y', '0', 'admin', '2019-12-06 15:57:23', '', null, null);
INSERT INTO `sys_dict_data` VALUES ('48', '3', 'dubbo', '3', 'test_interface_protocol', null, 'success', 'Y', '0', 'admin', '2019-12-06 15:57:36', '', null, null);
INSERT INTO `sys_dict_data` VALUES ('49', '1', 'post', '1', 'test_request_type', '', 'success', 'Y', '0', 'admin', '2019-12-06 15:59:04', 'admin', '2019-12-06 16:33:30', '');
INSERT INTO `sys_dict_data` VALUES ('50', '2', 'get', '2', 'test_request_type', null, 'primary', 'Y', '0', 'admin', '2019-12-06 15:59:13', '', null, null);
INSERT INTO `sys_dict_data` VALUES ('51', '1', '正常', '1', 'status', '', 'success', 'Y', '0', 'admin', '2019-12-06 16:00:25', 'admin', '2019-12-06 16:31:11', '');
INSERT INTO `sys_dict_data` VALUES ('52', '2', '禁用', '2', 'status', null, 'danger', 'Y', '0', 'admin', '2019-12-06 16:00:37', '', null, null);
INSERT INTO `sys_dict_data` VALUES ('53', '1', 'xml', '1', 'test_message_type', null, 'primary', 'Y', '0', 'admin', '2019-12-09 17:31:51', '', null, null);
INSERT INTO `sys_dict_data` VALUES ('54', '2', 'json', '2', 'test_message_type', null, 'success', 'Y', '0', 'admin', '2019-12-09 17:32:05', '', null, null);
INSERT INTO `sys_dict_data` VALUES ('55', '3', 'url', '3', 'test_message_type', null, 'info', 'Y', '0', 'admin', '2019-12-09 17:32:16', '', null, null);
INSERT INTO `sys_dict_data` VALUES ('56', '1', 'uat', '1', 'test_env', null, 'primary', 'Y', '0', 'admin', '2019-12-31 16:25:38', '', null, null);
INSERT INTO `sys_dict_data` VALUES ('57', '2', 'prod', '2', 'test_env', null, 'success', 'Y', '0', 'admin', '2019-12-31 16:26:11', '', null, null);
INSERT INTO `sys_dict_data` VALUES ('58', '1', '返回码校验', '1', 'check_rule_flag', null, 'primary', 'Y', '0', 'admin', '2019-12-31 18:46:19', '', null, '返回码校验');
INSERT INTO `sys_dict_data` VALUES ('59', '1', '执行用例', '1', 'action_type', null, 'primary', 'Y', '0', 'admin', '2019-12-31 18:53:53', '', null, '执行测试用例');
INSERT INTO `sys_dict_data` VALUES ('60', '2', '执行Sql', '2', 'action_type', null, 'success', 'Y', '0', 'admin', '2019-12-31 18:54:23', '', null, '执行sql语句');
INSERT INTO `sys_dict_data` VALUES ('61', '3', '等待时间', '3', 'action_type', null, 'info', 'Y', '0', 'admin', '2019-12-31 18:56:41', '', null, '用例执行前后等待相应时长');
INSERT INTO `sys_dict_data` VALUES ('62', '1', '请求报文', '1', 'test_message_res', null, 'primary', 'Y', '0', 'admin', '2020-01-03 16:41:23', '', null, '请求报文');
INSERT INTO `sys_dict_data` VALUES ('63', '2', '响应报文', '2', 'test_message_res', null, 'success', 'Y', '0', 'admin', '2020-01-03 16:41:38', '', null, '响应报文');

-- ----------------------------
-- Table structure for sys_dict_type
-- ----------------------------
DROP TABLE IF EXISTS `sys_dict_type`;
CREATE TABLE `sys_dict_type` (
  `dict_id` bigint(20) NOT NULL AUTO_INCREMENT COMMENT '字典主键',
  `dict_name` varchar(100) DEFAULT '' COMMENT '字典名称',
  `dict_type` varchar(100) DEFAULT '' COMMENT '字典类型',
  `status` char(1) DEFAULT '0' COMMENT '状态（0正常 1停用）',
  `create_by` varchar(64) DEFAULT '' COMMENT '创建者',
  `create_time` datetime DEFAULT NULL COMMENT '创建时间',
  `update_by` varchar(64) DEFAULT '' COMMENT '更新者',
  `update_time` datetime DEFAULT NULL COMMENT '更新时间',
  `remark` varchar(500) DEFAULT NULL COMMENT '备注',
  PRIMARY KEY (`dict_id`),
  UNIQUE KEY `dict_type` (`dict_type`)
) ENGINE=InnoDB AUTO_INCREMENT=23 DEFAULT CHARSET=utf8 COMMENT='字典类型表';

-- ----------------------------
-- Records of sys_dict_type
-- ----------------------------
INSERT INTO `sys_dict_type` VALUES ('1', '用户性别', 'sys_user_sex', '0', 'admin', '2018-03-16 11:33:00', 'ry', '2018-03-16 11:33:00', '用户性别列表');
INSERT INTO `sys_dict_type` VALUES ('2', '菜单状态', 'sys_show_hide', '0', 'admin', '2018-03-16 11:33:00', 'ry', '2018-03-16 11:33:00', '菜单状态列表');
INSERT INTO `sys_dict_type` VALUES ('3', '系统开关', 'sys_normal_disable', '0', 'admin', '2018-03-16 11:33:00', 'ry', '2018-03-16 11:33:00', '系统开关列表');
INSERT INTO `sys_dict_type` VALUES ('4', '任务状态', 'sys_job_status', '0', 'admin', '2018-03-16 11:33:00', 'ry', '2018-03-16 11:33:00', '任务状态列表');
INSERT INTO `sys_dict_type` VALUES ('5', '任务分组', 'sys_job_group', '0', 'admin', '2018-03-16 11:33:00', 'ry', '2018-03-16 11:33:00', '任务分组列表');
INSERT INTO `sys_dict_type` VALUES ('6', '系统是否', 'sys_yes_no', '0', 'admin', '2018-03-16 11:33:00', 'ry', '2018-03-16 11:33:00', '系统是否列表');
INSERT INTO `sys_dict_type` VALUES ('7', '通知类型', 'sys_notice_type', '0', 'admin', '2018-03-16 11:33:00', 'ry', '2018-03-16 11:33:00', '通知类型列表');
INSERT INTO `sys_dict_type` VALUES ('8', '通知状态', 'sys_notice_status', '0', 'admin', '2018-03-16 11:33:00', 'ry', '2018-03-16 11:33:00', '通知状态列表');
INSERT INTO `sys_dict_type` VALUES ('9', '操作类型', 'sys_oper_type', '0', 'admin', '2018-03-16 11:33:00', 'ry', '2018-03-16 11:33:00', '操作类型列表');
INSERT INTO `sys_dict_type` VALUES ('10', '系统状态', 'sys_common_status', '0', 'admin', '2018-03-16 11:33:00', 'ry', '2018-03-16 11:33:00', '登录状态列表');
INSERT INTO `sys_dict_type` VALUES ('11', '工单类型', 'test_workorder_type', '0', 'admin', '2019-08-04 13:18:15', '', null, '工单类型：PJ、DB、BUG');
INSERT INTO `sys_dict_type` VALUES ('12', '工单状态', 'test_workorder_status', '0', 'admin', '2019-08-04 14:21:37', 'admin', '2019-08-04 14:24:36', '工单状态：初始，开发中，测试中，测试完成，上线完成');
INSERT INTO `sys_dict_type` VALUES ('13', '用例类型', 'test_case_type', '0', 'admin', '2019-10-24 10:52:59', 'admin', '2019-12-31 19:00:01', '测试用例类型，auto：自动化，manual：人工');
INSERT INTO `sys_dict_type` VALUES ('14', '接口类型', 'test_interface_type', '0', 'admin', '2019-12-06 15:45:01', '', null, '接口分类（收、付、退、鉴权等）');
INSERT INTO `sys_dict_type` VALUES ('15', '协议类型', 'test_interface_protocol', '0', 'admin', '2019-12-06 15:52:43', '', null, '接口协议（http、https、dubbo）');
INSERT INTO `sys_dict_type` VALUES ('16', '请求类型', 'test_request_type', '0', 'admin', '2019-12-06 15:58:48', '', null, '请求类型（协议http(s)时，为post、get等）');
INSERT INTO `sys_dict_type` VALUES ('17', '状态', 'status', '0', 'admin', '2019-12-06 16:00:01', '', null, '（1：正常；2：禁用）');
INSERT INTO `sys_dict_type` VALUES ('18', '报文类型', 'test_message_type', '0', 'admin', '2019-12-09 17:31:33', '', null, '报文格式：xml、json、url');
INSERT INTO `sys_dict_type` VALUES ('19', '运行环境', 'test_env', '0', 'admin', '2019-12-31 16:24:52', '', null, '用例或测试集执行的环境');
INSERT INTO `sys_dict_type` VALUES ('20', '校验类型', 'check_rule_flag', '0', 'admin', '2019-12-31 18:32:49', '', null, '用例校验规则');
INSERT INTO `sys_dict_type` VALUES ('21', '前后置动作类型', 'action_type', '0', 'admin', '2019-12-31 18:50:55', '', null, '前后置动作类型');
INSERT INTO `sys_dict_type` VALUES ('22', '报文来源', 'test_message_res', '0', 'admin', '2020-01-03 16:41:00', '', null, '请求报文、响应报文');

-- ----------------------------
-- Table structure for sys_job
-- ----------------------------
DROP TABLE IF EXISTS `sys_job`;
CREATE TABLE `sys_job` (
  `job_id` bigint(20) NOT NULL AUTO_INCREMENT COMMENT '任务ID',
  `job_name` varchar(64) NOT NULL DEFAULT '' COMMENT '任务名称',
  `job_group` varchar(64) NOT NULL DEFAULT 'DEFAULT' COMMENT '任务组名',
  `invoke_target` varchar(500) NOT NULL COMMENT '调用目标字符串',
  `cron_expression` varchar(255) DEFAULT '' COMMENT 'cron执行表达式',
  `misfire_policy` varchar(20) DEFAULT '3' COMMENT '计划执行错误策略（1立即执行 2执行一次 3放弃执行）',
  `concurrent` char(1) DEFAULT '1' COMMENT '是否并发执行（0允许 1禁止）',
  `status` char(1) DEFAULT '0' COMMENT '状态（0正常 1暂停）',
  `create_by` varchar(64) DEFAULT '' COMMENT '创建者',
  `create_time` datetime DEFAULT NULL COMMENT '创建时间',
  `update_by` varchar(64) DEFAULT '' COMMENT '更新者',
  `update_time` datetime DEFAULT NULL COMMENT '更新时间',
  `remark` varchar(500) DEFAULT '' COMMENT '备注信息',
  PRIMARY KEY (`job_id`,`job_name`,`job_group`)
) ENGINE=InnoDB AUTO_INCREMENT=4 DEFAULT CHARSET=utf8 COMMENT='定时任务调度表';

-- ----------------------------
-- Records of sys_job
-- ----------------------------
INSERT INTO `sys_job` VALUES ('1', '系统默认（无参）', 'DEFAULT', 'ryTask.ryNoParams', '0/10 * * * * ?', '3', '1', '1', 'admin', '2018-03-16 11:33:00', 'ry', '2018-03-16 11:33:00', '');
INSERT INTO `sys_job` VALUES ('2', '系统默认（有参）', 'DEFAULT', 'ryTask.ryParams(\'ry\')', '0/15 * * * * ?', '3', '1', '1', 'admin', '2018-03-16 11:33:00', 'ry', '2018-03-16 11:33:00', '');
INSERT INTO `sys_job` VALUES ('3', '系统默认（多参）', 'DEFAULT', 'ryTask.ryMultipleParams(\'ry\', true, 2000L, 316.50D, 100)', '0/20 * * * * ?', '3', '1', '1', 'admin', '2018-03-16 11:33:00', 'ry', '2018-03-16 11:33:00', '');

-- ----------------------------
-- Table structure for sys_job_log
-- ----------------------------
DROP TABLE IF EXISTS `sys_job_log`;
CREATE TABLE `sys_job_log` (
  `job_log_id` bigint(20) NOT NULL AUTO_INCREMENT COMMENT '任务日志ID',
  `job_name` varchar(64) NOT NULL COMMENT '任务名称',
  `job_group` varchar(64) NOT NULL COMMENT '任务组名',
  `invoke_target` varchar(500) NOT NULL COMMENT '调用目标字符串',
  `job_message` varchar(500) DEFAULT NULL COMMENT '日志信息',
  `status` char(1) DEFAULT '0' COMMENT '执行状态（0正常 1失败）',
  `exception_info` varchar(2000) DEFAULT '' COMMENT '异常信息',
  `create_time` datetime DEFAULT NULL COMMENT '创建时间',
  PRIMARY KEY (`job_log_id`)
) ENGINE=InnoDB DEFAULT CHARSET=utf8 COMMENT='定时任务调度日志表';

-- ----------------------------
-- Records of sys_job_log
-- ----------------------------

-- ----------------------------
-- Table structure for sys_logininfor
-- ----------------------------
DROP TABLE IF EXISTS `sys_logininfor`;
CREATE TABLE `sys_logininfor` (
  `info_id` bigint(20) NOT NULL AUTO_INCREMENT COMMENT '访问ID',
  `login_name` varchar(50) DEFAULT '' COMMENT '登录账号',
  `ipaddr` varchar(50) DEFAULT '' COMMENT '登录IP地址',
  `login_location` varchar(255) DEFAULT '' COMMENT '登录地点',
  `browser` varchar(50) DEFAULT '' COMMENT '浏览器类型',
  `os` varchar(50) DEFAULT '' COMMENT '操作系统',
  `status` char(1) DEFAULT '0' COMMENT '登录状态（0成功 1失败）',
  `msg` varchar(255) DEFAULT '' COMMENT '提示消息',
  `login_time` datetime DEFAULT NULL COMMENT '访问时间',
  PRIMARY KEY (`info_id`)
) ENGINE=InnoDB AUTO_INCREMENT=269 DEFAULT CHARSET=utf8 COMMENT='系统访问记录';

-- ----------------------------
-- Records of sys_logininfor
-- ----------------------------
INSERT INTO `sys_logininfor` VALUES ('100', 'admin', '127.0.0.1', '内网IP', 'Firefox', 'Windows 10', '0', '登录成功', '2019-07-27 11:01:56');
INSERT INTO `sys_logininfor` VALUES ('101', 'admin', '127.0.0.1', '内网IP', 'Firefox', 'Windows 10', '0', '登录成功', '2019-07-27 11:26:59');
INSERT INTO `sys_logininfor` VALUES ('102', 'admin', '127.0.0.1', '内网IP', 'Firefox', 'Windows 10', '0', '退出成功', '2019-07-27 11:39:00');
INSERT INTO `sys_logininfor` VALUES ('103', 'admin', '127.0.0.1', '内网IP', 'Firefox', 'Windows 10', '0', '登录成功', '2019-07-27 11:40:45');
INSERT INTO `sys_logininfor` VALUES ('104', 'admin', '127.0.0.1', '内网IP', 'Firefox', 'Windows 10', '0', '登录成功', '2019-07-27 14:37:25');
INSERT INTO `sys_logininfor` VALUES ('105', 'admin', '127.0.0.1', '内网IP', 'Firefox', 'Windows 10', '0', '登录成功', '2019-07-27 14:55:37');
INSERT INTO `sys_logininfor` VALUES ('106', 'admin', '127.0.0.1', '内网IP', 'Firefox', 'Windows 10', '0', '登录成功', '2019-07-27 15:23:11');
INSERT INTO `sys_logininfor` VALUES ('107', 'admin', '127.0.0.1', '内网IP', 'Firefox', 'Windows 10', '1', '验证码错误', '2019-07-27 15:27:13');
INSERT INTO `sys_logininfor` VALUES ('108', 'admin', '127.0.0.1', '内网IP', 'Firefox', 'Windows 10', '0', '登录成功', '2019-07-27 15:27:17');
INSERT INTO `sys_logininfor` VALUES ('109', 'admin', '127.0.0.1', '内网IP', 'Firefox', 'Windows 10', '1', '验证码错误', '2019-07-27 15:31:22');
INSERT INTO `sys_logininfor` VALUES ('110', 'admin', '127.0.0.1', '内网IP', 'Firefox', 'Windows 10', '0', '登录成功', '2019-07-27 15:31:26');
INSERT INTO `sys_logininfor` VALUES ('111', 'admin', '127.0.0.1', '内网IP', 'Firefox', 'Windows 10', '0', '登录成功', '2019-07-27 16:20:06');
INSERT INTO `sys_logininfor` VALUES ('112', 'admin', '127.0.0.1', '内网IP', 'Firefox', 'Windows 10', '1', '验证码错误', '2019-07-27 16:59:12');
INSERT INTO `sys_logininfor` VALUES ('113', 'admin', '127.0.0.1', '内网IP', 'Firefox', 'Windows 10', '0', '登录成功', '2019-07-27 16:59:16');
INSERT INTO `sys_logininfor` VALUES ('114', 'admin', '127.0.0.1', '内网IP', 'Firefox', 'Windows 10', '0', '登录成功', '2019-07-27 17:10:33');
INSERT INTO `sys_logininfor` VALUES ('115', 'admin', '127.0.0.1', '内网IP', 'Firefox', 'Windows 10', '0', '登录成功', '2019-07-27 17:13:59');
INSERT INTO `sys_logininfor` VALUES ('116', 'admin', '127.0.0.1', '内网IP', 'Firefox', 'Windows 10', '0', '登录成功', '2019-07-27 18:02:24');
INSERT INTO `sys_logininfor` VALUES ('117', 'admin', '127.0.0.1', '内网IP', 'Firefox', 'Windows 10', '0', '登录成功', '2019-07-27 18:57:01');
INSERT INTO `sys_logininfor` VALUES ('118', 'admin', '127.0.0.1', '内网IP', 'Firefox', 'Windows 10', '0', '登录成功', '2019-07-28 19:30:32');
INSERT INTO `sys_logininfor` VALUES ('119', 'admin', '127.0.0.1', '内网IP', 'Firefox', 'Windows 10', '0', '登录成功', '2019-07-28 20:05:24');
INSERT INTO `sys_logininfor` VALUES ('120', 'admin', '127.0.0.1', '内网IP', 'Firefox', 'Windows 10', '1', '验证码错误', '2019-07-28 20:22:12');
INSERT INTO `sys_logininfor` VALUES ('121', 'admin', '127.0.0.1', '内网IP', 'Firefox', 'Windows 10', '0', '登录成功', '2019-07-28 20:22:17');
INSERT INTO `sys_logininfor` VALUES ('122', 'admin', '127.0.0.1', '内网IP', 'Firefox', 'Windows 10', '0', '登录成功', '2019-07-29 21:41:57');
INSERT INTO `sys_logininfor` VALUES ('123', 'admin', '127.0.0.1', '内网IP', 'Firefox', 'Windows 10', '0', '登录成功', '2019-08-02 20:10:30');
INSERT INTO `sys_logininfor` VALUES ('124', 'admin', '127.0.0.1', '内网IP', 'Firefox', 'Windows 10', '0', '登录成功', '2019-08-02 21:42:17');
INSERT INTO `sys_logininfor` VALUES ('125', 'admin', '127.0.0.1', '内网IP', 'Firefox', 'Windows 10', '0', '登录成功', '2019-08-03 09:59:37');
INSERT INTO `sys_logininfor` VALUES ('126', 'admin', '127.0.0.1', '内网IP', 'Firefox', 'Windows 10', '0', '登录成功', '2019-08-03 12:02:47');
INSERT INTO `sys_logininfor` VALUES ('127', 'admin', '127.0.0.1', '内网IP', 'Firefox', 'Windows 10', '0', '登录成功', '2019-08-03 12:12:17');
INSERT INTO `sys_logininfor` VALUES ('128', 'admin', '127.0.0.1', '内网IP', 'Firefox', 'Windows 10', '0', '登录成功', '2019-08-03 15:02:49');
INSERT INTO `sys_logininfor` VALUES ('129', 'admin', '127.0.0.1', '内网IP', 'Firefox', 'Windows 10', '0', '登录成功', '2019-08-03 17:20:11');
INSERT INTO `sys_logininfor` VALUES ('130', 'admin', '127.0.0.1', '内网IP', 'Firefox', 'Windows 10', '0', '登录成功', '2019-08-03 22:37:39');
INSERT INTO `sys_logininfor` VALUES ('131', 'admin', '127.0.0.1', '内网IP', 'Firefox', 'Windows 10', '0', '登录成功', '2019-08-03 23:03:00');
INSERT INTO `sys_logininfor` VALUES ('132', 'admin', '127.0.0.1', '内网IP', 'Firefox', 'Windows 10', '0', '登录成功', '2019-08-03 23:35:48');
INSERT INTO `sys_logininfor` VALUES ('133', 'admin', '127.0.0.1', '内网IP', 'Firefox', 'Windows 10', '0', '登录成功', '2019-08-03 23:54:55');
INSERT INTO `sys_logininfor` VALUES ('134', 'admin', '127.0.0.1', '内网IP', 'Firefox', 'Windows 10', '0', '登录成功', '2019-08-04 00:34:21');
INSERT INTO `sys_logininfor` VALUES ('135', 'admin', '127.0.0.1', '内网IP', 'Firefox', 'Windows 10', '0', '登录成功', '2019-08-04 12:11:26');
INSERT INTO `sys_logininfor` VALUES ('136', 'admin', '127.0.0.1', '内网IP', 'Firefox', 'Windows 10', '0', '登录成功', '2019-08-04 12:23:59');
INSERT INTO `sys_logininfor` VALUES ('137', 'admin', '127.0.0.1', '内网IP', 'Firefox', 'Windows 10', '0', '登录成功', '2019-08-04 12:27:52');
INSERT INTO `sys_logininfor` VALUES ('138', 'admin', '127.0.0.1', '内网IP', 'Firefox', 'Windows 10', '0', '登录成功', '2019-08-04 13:00:42');
INSERT INTO `sys_logininfor` VALUES ('139', 'admin', '127.0.0.1', '内网IP', 'Firefox', 'Windows 10', '0', '登录成功', '2019-08-04 14:12:40');
INSERT INTO `sys_logininfor` VALUES ('140', 'admin', '127.0.0.1', '内网IP', 'Firefox', 'Windows 10', '0', '登录成功', '2019-08-04 14:13:43');
INSERT INTO `sys_logininfor` VALUES ('141', 'admin', '127.0.0.1', '内网IP', 'Firefox', 'Windows 10', '0', '退出成功', '2019-08-04 14:49:58');
INSERT INTO `sys_logininfor` VALUES ('142', 'ry', '127.0.0.1', '内网IP', 'Firefox', 'Windows 10', '0', '登录成功', '2019-08-04 14:50:14');
INSERT INTO `sys_logininfor` VALUES ('143', 'ry', '127.0.0.1', '内网IP', 'Firefox', 'Windows 10', '1', '验证码错误', '2019-08-04 14:50:57');
INSERT INTO `sys_logininfor` VALUES ('144', 'ry', '127.0.0.1', '内网IP', 'Firefox', 'Windows 10', '1', '密码输入错误1次', '2019-08-04 14:51:00');
INSERT INTO `sys_logininfor` VALUES ('145', 'ry', '127.0.0.1', '内网IP', 'Firefox', 'Windows 10', '1', '密码输入错误2次', '2019-08-04 14:51:02');
INSERT INTO `sys_logininfor` VALUES ('146', 'ry', '127.0.0.1', '内网IP', 'Firefox', 'Windows 10', '1', '密码输入错误3次', '2019-08-04 14:51:05');
INSERT INTO `sys_logininfor` VALUES ('147', 'ry', '127.0.0.1', '内网IP', 'Firefox', 'Windows 10', '0', '登录成功', '2019-08-04 14:51:11');
INSERT INTO `sys_logininfor` VALUES ('148', 'ry', '127.0.0.1', '内网IP', 'Firefox', 'Windows 10', '0', '退出成功', '2019-08-04 14:53:37');
INSERT INTO `sys_logininfor` VALUES ('149', 'ry', '127.0.0.1', '内网IP', 'Firefox', 'Windows 10', '0', '登录成功', '2019-08-04 14:53:45');
INSERT INTO `sys_logininfor` VALUES ('150', 'ry', '127.0.0.1', '内网IP', 'Firefox', 'Windows 10', '0', '退出成功', '2019-08-04 14:55:47');
INSERT INTO `sys_logininfor` VALUES ('151', 'admin', '127.0.0.1', '内网IP', 'Firefox', 'Windows 10', '0', '登录成功', '2019-08-04 14:55:50');
INSERT INTO `sys_logininfor` VALUES ('152', 'admin', '127.0.0.1', '内网IP', 'Firefox', 'Windows 10', '0', '登录成功', '2019-08-04 15:59:04');
INSERT INTO `sys_logininfor` VALUES ('153', 'admin', '127.0.0.1', '内网IP', 'Firefox', 'Windows 10', '0', '登录成功', '2019-08-04 18:17:59');
INSERT INTO `sys_logininfor` VALUES ('154', 'admin', '127.0.0.1', '内网IP', 'Firefox', 'Windows 10', '0', '登录成功', '2019-08-04 21:43:41');
INSERT INTO `sys_logininfor` VALUES ('155', 'admin', '127.0.0.1', '内网IP', 'Firefox', 'Windows 10', '1', '验证码错误', '2019-08-04 22:39:38');
INSERT INTO `sys_logininfor` VALUES ('156', 'admin', '127.0.0.1', '内网IP', 'Firefox', 'Windows 10', '0', '登录成功', '2019-08-04 22:39:41');
INSERT INTO `sys_logininfor` VALUES ('157', 'admin', '127.0.0.1', '内网IP', 'Firefox', 'Windows 10', '0', '登录成功', '2019-08-05 21:08:22');
INSERT INTO `sys_logininfor` VALUES ('158', 'admin', '127.0.0.1', '内网IP', 'Firefox', 'Windows 10', '0', '登录成功', '2019-08-06 20:57:51');
INSERT INTO `sys_logininfor` VALUES ('159', 'admin', '127.0.0.1', '内网IP', 'Firefox', 'Windows 10', '0', '登录成功', '2019-08-06 21:11:58');
INSERT INTO `sys_logininfor` VALUES ('160', 'admin', '127.0.0.1', '内网IP', 'Firefox', 'Windows 10', '0', '登录成功', '2019-08-14 21:22:07');
INSERT INTO `sys_logininfor` VALUES ('161', 'admin', '127.0.0.1', '内网IP', 'Firefox', 'Windows 10', '0', '登录成功', '2019-08-14 21:49:33');
INSERT INTO `sys_logininfor` VALUES ('162', 'admin', '127.0.0.1', '内网IP', 'Firefox', 'Windows 10', '0', '登录成功', '2019-08-18 11:43:34');
INSERT INTO `sys_logininfor` VALUES ('163', 'admin', '127.0.0.1', '内网IP', 'Firefox', 'Windows 10', '0', '登录成功', '2019-08-18 13:10:27');
INSERT INTO `sys_logininfor` VALUES ('164', 'admin', '127.0.0.1', '内网IP', 'Firefox', 'Windows 10', '0', '登录成功', '2019-08-18 13:32:13');
INSERT INTO `sys_logininfor` VALUES ('165', 'admin', '127.0.0.1', '内网IP', 'Firefox', 'Windows 10', '0', '登录成功', '2019-08-18 15:10:38');
INSERT INTO `sys_logininfor` VALUES ('166', 'admin', '127.0.0.1', '内网IP', 'Firefox', 'Windows 10', '0', '登录成功', '2019-08-18 15:12:58');
INSERT INTO `sys_logininfor` VALUES ('167', 'admin', '127.0.0.1', '内网IP', 'Firefox', 'Windows 10', '1', '验证码错误', '2019-08-18 16:12:11');
INSERT INTO `sys_logininfor` VALUES ('168', 'admin', '127.0.0.1', '内网IP', 'Firefox', 'Windows 10', '0', '登录成功', '2019-08-18 16:12:15');
INSERT INTO `sys_logininfor` VALUES ('169', 'admin', '127.0.0.1', '内网IP', 'Firefox', 'Windows 10', '0', '登录成功', '2019-08-18 16:16:22');
INSERT INTO `sys_logininfor` VALUES ('170', 'admin', '127.0.0.1', '内网IP', 'Firefox', 'Windows 10', '0', '登录成功', '2019-08-18 20:10:22');
INSERT INTO `sys_logininfor` VALUES ('171', 'admin', '127.0.0.1', '内网IP', 'Firefox', 'Windows 10', '0', '登录成功', '2019-08-18 21:03:37');
INSERT INTO `sys_logininfor` VALUES ('172', 'admin', '127.0.0.1', '内网IP', 'Firefox', 'Windows 10', '1', '验证码错误', '2019-08-18 22:05:39');
INSERT INTO `sys_logininfor` VALUES ('173', 'admin', '127.0.0.1', '内网IP', 'Firefox', 'Windows 10', '0', '登录成功', '2019-08-18 22:05:43');
INSERT INTO `sys_logininfor` VALUES ('174', 'admin', '127.0.0.1', '内网IP', 'Firefox', 'Windows 10', '0', '登录成功', '2019-09-21 12:40:46');
INSERT INTO `sys_logininfor` VALUES ('175', 'admin', '127.0.0.1', '内网IP', 'Firefox', 'Windows 10', '0', '登录成功', '2019-10-23 15:59:28');
INSERT INTO `sys_logininfor` VALUES ('176', 'admin', '127.0.0.1', '内网IP', 'Firefox', 'Windows 10', '0', '退出成功', '2019-10-23 18:47:46');
INSERT INTO `sys_logininfor` VALUES ('177', 'admin', '127.0.0.1', '内网IP', 'Firefox', 'Windows 10', '0', '登录成功', '2019-10-23 18:47:51');
INSERT INTO `sys_logininfor` VALUES ('178', 'admin', '127.0.0.1', '内网IP', 'Firefox', 'Windows 10', '0', '退出成功', '2019-10-23 18:47:56');
INSERT INTO `sys_logininfor` VALUES ('179', 'admin', '127.0.0.1', '内网IP', 'Firefox', 'Windows 10', '1', '验证码错误', '2019-10-23 18:51:09');
INSERT INTO `sys_logininfor` VALUES ('180', 'admin', '127.0.0.1', '内网IP', 'Firefox', 'Windows 10', '1', '验证码错误', '2019-10-23 18:55:41');
INSERT INTO `sys_logininfor` VALUES ('181', 'admin', '127.0.0.1', '内网IP', 'Firefox', 'Windows 10', '1', '验证码错误', '2019-10-23 19:00:24');
INSERT INTO `sys_logininfor` VALUES ('182', 'admin', '127.0.0.1', '内网IP', 'Firefox', 'Windows 10', '0', '登录成功', '2019-10-23 19:04:36');
INSERT INTO `sys_logininfor` VALUES ('183', 'admin', '127.0.0.1', '内网IP', 'Firefox', 'Windows 10', '0', '登录成功', '2019-10-24 09:48:37');
INSERT INTO `sys_logininfor` VALUES ('184', 'admin', '127.0.0.1', '内网IP', 'Firefox', 'Windows 10', '0', '登录成功', '2019-10-24 10:48:17');
INSERT INTO `sys_logininfor` VALUES ('185', 'admin', '127.0.0.1', '内网IP', 'Firefox', 'Windows 10', '0', '登录成功', '2019-10-24 11:00:10');
INSERT INTO `sys_logininfor` VALUES ('186', 'admin', '127.0.0.1', '内网IP', 'Firefox', 'Windows 10', '0', '登录成功', '2019-10-24 13:24:56');
INSERT INTO `sys_logininfor` VALUES ('187', 'admin', '127.0.0.1', '内网IP', 'Firefox', 'Windows 10', '0', '登录成功', '2019-10-24 19:40:11');
INSERT INTO `sys_logininfor` VALUES ('188', 'admin', '127.0.0.1', '内网IP', 'Firefox', 'Windows 10', '0', '登录成功', '2019-10-24 21:39:41');
INSERT INTO `sys_logininfor` VALUES ('189', 'admin', '127.0.0.1', '内网IP', 'Firefox', 'Windows 10', '0', '登录成功', '2019-10-25 09:02:30');
INSERT INTO `sys_logininfor` VALUES ('190', 'admin', '127.0.0.1', '内网IP', 'Firefox 7', 'Windows 10', '0', '登录成功', '2019-10-31 20:09:26');
INSERT INTO `sys_logininfor` VALUES ('191', 'admin', '127.0.0.1', '内网IP', 'Firefox 7', 'Windows 10', '0', '登录成功', '2019-12-05 12:09:22');
INSERT INTO `sys_logininfor` VALUES ('192', 'admin', '127.0.0.1', '内网IP', 'Firefox 7', 'Windows 10', '0', '退出成功', '2019-12-06 15:17:12');
INSERT INTO `sys_logininfor` VALUES ('193', 'admin', '127.0.0.1', '内网IP', 'Firefox 7', 'Windows 10', '0', '登录成功', '2019-12-06 15:17:14');
INSERT INTO `sys_logininfor` VALUES ('194', 'admin', '127.0.0.1', '内网IP', 'Firefox 7', 'Windows 10', '0', '退出成功', '2019-12-06 15:32:53');
INSERT INTO `sys_logininfor` VALUES ('195', 'admin', '127.0.0.1', '内网IP', 'Firefox 7', 'Windows 10', '0', '登录成功', '2019-12-06 15:32:55');
INSERT INTO `sys_logininfor` VALUES ('196', 'admin', '127.0.0.1', '内网IP', 'Firefox 7', 'Windows 10', '0', '登录成功', '2019-12-06 15:37:54');
INSERT INTO `sys_logininfor` VALUES ('197', 'admin', '127.0.0.1', '内网IP', 'Firefox 7', 'Windows 10', '0', '登录成功', '2019-12-06 15:45:36');
INSERT INTO `sys_logininfor` VALUES ('198', 'admin', '127.0.0.1', '内网IP', 'Firefox 7', 'Windows 10', '0', '登录成功', '2019-12-06 15:51:00');
INSERT INTO `sys_logininfor` VALUES ('199', 'admin', '127.0.0.1', '内网IP', 'Firefox 7', 'Windows 10', '0', '登录成功', '2019-12-06 16:14:07');
INSERT INTO `sys_logininfor` VALUES ('200', 'admin', '127.0.0.1', '内网IP', 'Firefox 7', 'Windows 10', '0', '登录成功', '2019-12-09 15:07:25');
INSERT INTO `sys_logininfor` VALUES ('201', 'admin', '127.0.0.1', '内网IP', 'Firefox 7', 'Windows 10', '0', '登录成功', '2019-12-09 15:47:10');
INSERT INTO `sys_logininfor` VALUES ('202', 'admin', '127.0.0.1', '内网IP', 'Firefox 7', 'Windows 10', '0', '登录成功', '2019-12-09 17:13:32');
INSERT INTO `sys_logininfor` VALUES ('203', 'admin', '127.0.0.1', '内网IP', 'Firefox 7', 'Windows 10', '0', '登录成功', '2019-12-09 18:21:56');
INSERT INTO `sys_logininfor` VALUES ('204', 'admin', '127.0.0.1', '内网IP', 'Firefox 7', 'Windows 10', '0', '登录成功', '2019-12-09 18:24:34');
INSERT INTO `sys_logininfor` VALUES ('205', 'admin', '127.0.0.1', '内网IP', 'Firefox 7', 'Windows 10', '0', '登录成功', '2019-12-09 18:25:40');
INSERT INTO `sys_logininfor` VALUES ('206', 'admin', '127.0.0.1', '内网IP', 'Firefox 7', 'Windows 10', '0', '登录成功', '2019-12-10 10:15:08');
INSERT INTO `sys_logininfor` VALUES ('207', 'admin', '127.0.0.1', '内网IP', 'Firefox 7', 'Windows 10', '0', '登录成功', '2019-12-10 11:04:26');
INSERT INTO `sys_logininfor` VALUES ('208', 'admin', '127.0.0.1', '内网IP', 'Firefox 7', 'Windows 10', '0', '登录成功', '2019-12-10 13:25:23');
INSERT INTO `sys_logininfor` VALUES ('209', 'admin', '127.0.0.1', '内网IP', 'Firefox 7', 'Windows 10', '0', '登录成功', '2019-12-10 17:08:27');
INSERT INTO `sys_logininfor` VALUES ('210', 'admin', '127.0.0.1', '内网IP', 'Firefox 7', 'Windows 10', '0', '登录成功', '2019-12-10 18:09:19');
INSERT INTO `sys_logininfor` VALUES ('211', 'admin', '127.0.0.1', '内网IP', 'Firefox 7', 'Windows 10', '0', '登录成功', '2019-12-10 20:18:11');
INSERT INTO `sys_logininfor` VALUES ('212', 'admin', '127.0.0.1', '内网IP', 'Firefox 7', 'Windows 10', '0', '登录成功', '2019-12-10 20:19:23');
INSERT INTO `sys_logininfor` VALUES ('213', 'admin', '127.0.0.1', '内网IP', 'Firefox 7', 'Windows 10', '0', '登录成功', '2019-12-10 20:21:55');
INSERT INTO `sys_logininfor` VALUES ('214', 'admin', '127.0.0.1', '内网IP', 'Firefox 7', 'Windows 10', '0', '登录成功', '2019-12-10 21:11:23');
INSERT INTO `sys_logininfor` VALUES ('215', 'admin', '127.0.0.1', '内网IP', 'Firefox 7', 'Windows 10', '0', '登录成功', '2019-12-12 15:29:22');
INSERT INTO `sys_logininfor` VALUES ('216', 'admin', '127.0.0.1', '内网IP', 'Firefox 7', 'Windows 10', '0', '登录成功', '2019-12-12 15:36:29');
INSERT INTO `sys_logininfor` VALUES ('217', 'admin', '127.0.0.1', '内网IP', 'Firefox 7', 'Windows 10', '0', '登录成功', '2019-12-12 15:46:09');
INSERT INTO `sys_logininfor` VALUES ('218', 'admin', '127.0.0.1', '内网IP', 'Firefox 7', 'Windows 10', '0', '登录成功', '2019-12-12 18:33:33');
INSERT INTO `sys_logininfor` VALUES ('219', 'admin', '127.0.0.1', '内网IP', 'Firefox 7', 'Windows 10', '0', '登录成功', '2019-12-12 20:18:53');
INSERT INTO `sys_logininfor` VALUES ('220', 'admin', '127.0.0.1', '内网IP', 'Firefox 7', 'Windows 10', '0', '登录成功', '2019-12-12 20:23:10');
INSERT INTO `sys_logininfor` VALUES ('221', 'admin', '127.0.0.1', '内网IP', 'Firefox 7', 'Windows 10', '0', '登录成功', '2019-12-13 16:20:35');
INSERT INTO `sys_logininfor` VALUES ('222', 'admin', '127.0.0.1', '内网IP', 'Firefox 7', 'Windows 10', '0', '登录成功', '2019-12-13 16:42:36');
INSERT INTO `sys_logininfor` VALUES ('223', 'admin', '127.0.0.1', '内网IP', 'Firefox 7', 'Windows 10', '0', '登录成功', '2019-12-13 17:59:18');
INSERT INTO `sys_logininfor` VALUES ('224', 'admin', '127.0.0.1', '内网IP', 'Firefox 7', 'Windows 10', '0', '登录成功', '2019-12-13 18:03:04');
INSERT INTO `sys_logininfor` VALUES ('225', 'admin', '127.0.0.1', '内网IP', 'Firefox 7', 'Windows 10', '0', '登录成功', '2019-12-13 18:07:15');
INSERT INTO `sys_logininfor` VALUES ('226', 'admin', '127.0.0.1', '内网IP', 'Firefox 7', 'Windows 10', '0', '登录成功', '2019-12-15 13:14:44');
INSERT INTO `sys_logininfor` VALUES ('227', 'admin', '127.0.0.1', '内网IP', 'Firefox 7', 'Windows 10', '0', '登录成功', '2019-12-15 14:54:59');
INSERT INTO `sys_logininfor` VALUES ('228', 'admin', '127.0.0.1', '内网IP', 'Firefox 7', 'Windows 10', '0', '登录成功', '2019-12-15 16:48:01');
INSERT INTO `sys_logininfor` VALUES ('229', 'admin', '127.0.0.1', '内网IP', 'Firefox 7', 'Windows 10', '0', '登录成功', '2019-12-15 19:09:32');
INSERT INTO `sys_logininfor` VALUES ('230', 'admin', '127.0.0.1', '内网IP', 'Firefox 7', 'Windows 10', '0', '登录成功', '2019-12-17 10:08:06');
INSERT INTO `sys_logininfor` VALUES ('231', 'admin', '127.0.0.1', '内网IP', 'Firefox 7', 'Windows 10', '0', '登录成功', '2019-12-17 13:02:47');
INSERT INTO `sys_logininfor` VALUES ('232', 'admin', '127.0.0.1', '内网IP', 'Firefox 7', 'Windows 10', '0', '登录成功', '2019-12-19 13:14:56');
INSERT INTO `sys_logininfor` VALUES ('233', 'admin', '127.0.0.1', '内网IP', 'Firefox 7', 'Windows 10', '0', '登录成功', '2019-12-19 13:48:07');
INSERT INTO `sys_logininfor` VALUES ('234', 'admin', '127.0.0.1', '内网IP', 'Firefox 7', 'Windows 10', '0', '登录成功', '2019-12-19 14:19:41');
INSERT INTO `sys_logininfor` VALUES ('235', 'admin', '127.0.0.1', '内网IP', 'Firefox 7', 'Windows 10', '0', '登录成功', '2019-12-19 14:52:40');
INSERT INTO `sys_logininfor` VALUES ('236', 'admin', '127.0.0.1', '内网IP', 'Firefox 7', 'Windows 10', '0', '登录成功', '2019-12-19 16:29:06');
INSERT INTO `sys_logininfor` VALUES ('237', 'admin', '127.0.0.1', '内网IP', 'Firefox 7', 'Windows 10', '0', '登录成功', '2019-12-19 16:38:27');
INSERT INTO `sys_logininfor` VALUES ('238', 'admin', '127.0.0.1', '内网IP', 'Firefox 7', 'Windows 10', '0', '登录成功', '2019-12-19 17:30:24');
INSERT INTO `sys_logininfor` VALUES ('239', 'admin', '127.0.0.1', '内网IP', 'Firefox 7', 'Windows 10', '0', '登录成功', '2019-12-20 10:33:09');
INSERT INTO `sys_logininfor` VALUES ('240', 'admin', '127.0.0.1', '内网IP', 'Firefox 7', 'Windows 10', '0', '登录成功', '2019-12-20 13:18:29');
INSERT INTO `sys_logininfor` VALUES ('241', 'admin', '127.0.0.1', '内网IP', 'Firefox 7', 'Windows 10', '0', '登录成功', '2019-12-20 13:41:09');
INSERT INTO `sys_logininfor` VALUES ('242', 'admin', '127.0.0.1', '内网IP', 'Firefox 7', 'Windows 10', '0', '登录成功', '2019-12-20 14:21:01');
INSERT INTO `sys_logininfor` VALUES ('243', 'admin', '127.0.0.1', '内网IP', 'Firefox 7', 'Windows 10', '0', '登录成功', '2019-12-20 15:20:25');
INSERT INTO `sys_logininfor` VALUES ('244', 'admin', '127.0.0.1', '内网IP', 'Firefox 7', 'Windows 10', '0', '登录成功', '2019-12-20 16:01:10');
INSERT INTO `sys_logininfor` VALUES ('245', 'admin', '127.0.0.1', '内网IP', 'Firefox 7', 'Windows 10', '0', '登录成功', '2019-12-20 16:29:27');
INSERT INTO `sys_logininfor` VALUES ('246', 'admin', '127.0.0.1', '内网IP', 'Firefox 7', 'Windows 10', '0', '登录成功', '2019-12-20 17:32:16');
INSERT INTO `sys_logininfor` VALUES ('247', 'admin', '127.0.0.1', '内网IP', 'Firefox 7', 'Windows 10', '0', '登录成功', '2019-12-30 16:02:24');
INSERT INTO `sys_logininfor` VALUES ('248', 'admin', '127.0.0.1', '内网IP', 'Firefox 7', 'Windows 10', '0', '登录成功', '2019-12-31 16:11:56');
INSERT INTO `sys_logininfor` VALUES ('249', 'admin', '127.0.0.1', '内网IP', 'Firefox 7', 'Windows 10', '0', '登录成功', '2019-12-31 17:45:48');
INSERT INTO `sys_logininfor` VALUES ('250', 'admin', '127.0.0.1', '内网IP', 'Firefox 7', 'Windows 10', '0', '登录成功', '2019-12-31 18:25:11');
INSERT INTO `sys_logininfor` VALUES ('251', 'admin', '127.0.0.1', '内网IP', 'Firefox 7', 'Windows 10', '0', '登录成功', '2020-01-02 11:49:32');
INSERT INTO `sys_logininfor` VALUES ('252', 'admin', '127.0.0.1', '内网IP', 'Firefox 7', 'Windows 10', '0', '登录成功', '2020-01-02 14:05:57');
INSERT INTO `sys_logininfor` VALUES ('253', 'admin', '127.0.0.1', '内网IP', 'Firefox 7', 'Windows 10', '0', '登录成功', '2020-01-02 14:18:53');
INSERT INTO `sys_logininfor` VALUES ('254', 'admin', '127.0.0.1', '内网IP', 'Firefox 7', 'Windows 10', '0', '登录成功', '2020-01-02 14:24:07');
INSERT INTO `sys_logininfor` VALUES ('255', 'admin', '127.0.0.1', '内网IP', 'Firefox 7', 'Windows 10', '0', '登录成功', '2020-01-02 14:32:06');
INSERT INTO `sys_logininfor` VALUES ('256', 'admin', '127.0.0.1', '内网IP', 'Firefox 7', 'Windows 10', '0', '登录成功', '2020-01-02 15:00:26');
INSERT INTO `sys_logininfor` VALUES ('257', 'admin', '127.0.0.1', '内网IP', 'Firefox 7', 'Windows 10', '0', '登录成功', '2020-01-02 19:33:03');
INSERT INTO `sys_logininfor` VALUES ('258', 'admin', '127.0.0.1', '内网IP', 'Firefox 7', 'Windows 10', '0', '登录成功', '2020-01-02 19:52:27');
INSERT INTO `sys_logininfor` VALUES ('259', 'admin', '127.0.0.1', '内网IP', 'Firefox 7', 'Windows 10', '0', '登录成功', '2020-01-02 20:14:30');
INSERT INTO `sys_logininfor` VALUES ('260', 'admin', '127.0.0.1', '内网IP', 'Firefox 7', 'Windows 10', '0', '登录成功', '2020-01-03 13:09:27');
INSERT INTO `sys_logininfor` VALUES ('261', 'admin', '127.0.0.1', '内网IP', 'Firefox 7', 'Windows 10', '0', '登录成功', '2020-01-03 14:07:39');
INSERT INTO `sys_logininfor` VALUES ('262', 'admin', '127.0.0.1', '内网IP', 'Firefox 7', 'Windows 10', '0', '登录成功', '2020-01-03 14:52:55');
INSERT INTO `sys_logininfor` VALUES ('263', 'admin', '127.0.0.1', '内网IP', 'Firefox 7', 'Windows 10', '0', '登录成功', '2020-01-03 16:51:00');
INSERT INTO `sys_logininfor` VALUES ('264', 'admin', '127.0.0.1', '内网IP', 'Firefox 7', 'Windows 10', '0', '登录成功', '2020-01-03 16:57:25');
INSERT INTO `sys_logininfor` VALUES ('265', 'admin', '127.0.0.1', '内网IP', 'Firefox 7', 'Windows 10', '0', '登录成功', '2020-01-05 14:26:01');
INSERT INTO `sys_logininfor` VALUES ('266', 'admin', '127.0.0.1', '内网IP', 'Firefox 7', 'Windows 10', '0', '登录成功', '2020-01-05 14:52:03');
INSERT INTO `sys_logininfor` VALUES ('267', 'admin', '127.0.0.1', '内网IP', 'Firefox 7', 'Windows 10', '0', '登录成功', '2020-01-05 20:35:46');
INSERT INTO `sys_logininfor` VALUES ('268', 'admin', '127.0.0.1', '内网IP', 'Firefox 7', 'Windows 10', '0', '登录成功', '2020-01-06 13:21:07');

-- ----------------------------
-- Table structure for sys_menu
-- ----------------------------
DROP TABLE IF EXISTS `sys_menu`;
CREATE TABLE `sys_menu` (
  `menu_id` bigint(20) NOT NULL AUTO_INCREMENT COMMENT '菜单ID',
  `menu_name` varchar(50) NOT NULL COMMENT '菜单名称',
  `parent_id` bigint(20) DEFAULT '0' COMMENT '父菜单ID',
  `order_num` int(4) DEFAULT '0' COMMENT '显示顺序',
  `url` varchar(200) DEFAULT '#' COMMENT '请求地址',
  `target` varchar(20) DEFAULT '' COMMENT '打开方式（menuItem页签 menuBlank新窗口）',
  `menu_type` char(1) DEFAULT '' COMMENT '菜单类型（M目录 C菜单 F按钮）',
  `visible` char(1) DEFAULT '0' COMMENT '菜单状态（0显示 1隐藏）',
  `perms` varchar(100) DEFAULT NULL COMMENT '权限标识',
  `icon` varchar(100) DEFAULT '#' COMMENT '菜单图标',
  `create_by` varchar(64) DEFAULT '' COMMENT '创建者',
  `create_time` datetime DEFAULT NULL COMMENT '创建时间',
  `update_by` varchar(64) DEFAULT '' COMMENT '更新者',
  `update_time` datetime DEFAULT NULL COMMENT '更新时间',
  `remark` varchar(500) DEFAULT '' COMMENT '备注',
  PRIMARY KEY (`menu_id`)
) ENGINE=InnoDB AUTO_INCREMENT=2031 DEFAULT CHARSET=utf8 COMMENT='菜单权限表';

-- ----------------------------
-- Records of sys_menu
-- ----------------------------
INSERT INTO `sys_menu` VALUES ('1', '系统管理', '0', '1', '#', '', 'M', '0', '', 'fa fa-gear', 'admin', '2018-03-16 11:33:00', 'ry', '2018-03-16 11:33:00', '系统管理目录');
INSERT INTO `sys_menu` VALUES ('2', '系统监控', '0', '2', '#', '', 'M', '0', '', 'fa fa-video-camera', 'admin', '2018-03-16 11:33:00', 'ry', '2018-03-16 11:33:00', '系统监控目录');
INSERT INTO `sys_menu` VALUES ('3', '系统工具', '0', '3', '#', '', 'M', '0', '', 'fa fa-bars', 'admin', '2018-03-16 11:33:00', 'ry', '2018-03-16 11:33:00', '系统工具目录');
INSERT INTO `sys_menu` VALUES ('100', '用户管理', '2028', '1', '/system/user', 'menuItem', 'C', '0', 'system:user:view', 'fa fa-user-o', 'admin', '2018-03-16 11:33:00', 'admin', '2020-01-06 14:16:51', '用户管理菜单');
INSERT INTO `sys_menu` VALUES ('101', '角色管理', '2029', '2', '/system/role', 'menuItem', 'C', '0', 'system:role:view', 'fa fa-user-circle', 'admin', '2018-03-16 11:33:00', 'admin', '2020-01-06 14:18:14', '角色管理菜单');
INSERT INTO `sys_menu` VALUES ('102', '菜单管理', '2030', '3', '/system/menu', 'menuItem', 'C', '0', 'system:menu:view', 'fa fa-map-o', 'admin', '2018-03-16 11:33:00', 'admin', '2020-01-06 14:21:15', '菜单管理菜单');
INSERT INTO `sys_menu` VALUES ('103', '部门管理', '2028', '2', '/system/dept', 'menuItem', 'C', '0', 'system:dept:view', 'icon-grid', 'admin', '2018-03-16 11:33:00', 'admin', '2020-01-06 14:14:28', '部门管理菜单');
INSERT INTO `sys_menu` VALUES ('104', '岗位管理', '2028', '3', '/system/post', 'menuItem', 'C', '0', 'system:post:view', 'icon-trophy', 'admin', '2018-03-16 11:33:00', 'admin', '2020-01-06 14:15:02', '岗位管理菜单');
INSERT INTO `sys_menu` VALUES ('105', '字典管理', '2030', '6', '/system/dict', 'menuItem', 'C', '0', 'system:dict:view', 'fa fa-barcode', 'admin', '2018-03-16 11:33:00', 'admin', '2020-01-06 14:21:41', '字典管理菜单');
INSERT INTO `sys_menu` VALUES ('106', '参数设置', '2030', '7', '/system/config', 'menuItem', 'C', '0', 'system:config:view', 'fa fa-keyboard-o', 'admin', '2018-03-16 11:33:00', 'admin', '2020-01-06 14:22:37', '参数设置菜单');
INSERT INTO `sys_menu` VALUES ('107', '通知公告', '2030', '8', '/system/notice', 'menuItem', 'C', '0', 'system:notice:view', 'fa fa-bell-o', 'admin', '2018-03-16 11:33:00', 'admin', '2020-01-06 14:23:25', '通知公告菜单');
INSERT INTO `sys_menu` VALUES ('108', '日志管理', '1', '9', '#', '', 'M', '0', '', '#', 'admin', '2018-03-16 11:33:00', 'ry', '2018-03-16 11:33:00', '日志管理菜单');
INSERT INTO `sys_menu` VALUES ('109', '在线用户', '2', '1', '/monitor/online', '', 'C', '0', 'monitor:online:view', '#', 'admin', '2018-03-16 11:33:00', 'ry', '2018-03-16 11:33:00', '在线用户菜单');
INSERT INTO `sys_menu` VALUES ('110', '定时任务', '2', '2', '/monitor/job', '', 'C', '0', 'monitor:job:view', '#', 'admin', '2018-03-16 11:33:00', 'ry', '2018-03-16 11:33:00', '定时任务菜单');
INSERT INTO `sys_menu` VALUES ('111', '数据监控', '2', '3', '/monitor/data', '', 'C', '0', 'monitor:data:view', '#', 'admin', '2018-03-16 11:33:00', 'ry', '2018-03-16 11:33:00', '数据监控菜单');
INSERT INTO `sys_menu` VALUES ('112', '服务监控', '2', '3', '/monitor/server', '', 'C', '0', 'monitor:server:view', '#', 'admin', '2018-03-16 11:33:00', 'ry', '2018-03-16 11:33:00', '服务监控菜单');
INSERT INTO `sys_menu` VALUES ('113', '表单构建', '3', '1', '/tool/build', '', 'C', '0', 'tool:build:view', '#', 'admin', '2018-03-16 11:33:00', 'ry', '2018-03-16 11:33:00', '表单构建菜单');
INSERT INTO `sys_menu` VALUES ('114', '代码生成', '3', '2', '/tool/gen', '', 'C', '0', 'tool:gen:view', '#', 'admin', '2018-03-16 11:33:00', 'ry', '2018-03-16 11:33:00', '代码生成菜单');
INSERT INTO `sys_menu` VALUES ('115', '系统接口', '3', '3', '/tool/swagger', '', 'C', '0', 'tool:swagger:view', '#', 'admin', '2018-03-16 11:33:00', 'ry', '2018-03-16 11:33:00', '系统接口菜单');
INSERT INTO `sys_menu` VALUES ('500', '操作日志', '108', '1', '/monitor/operlog', '', 'C', '0', 'monitor:operlog:view', '#', 'admin', '2018-03-16 11:33:00', 'ry', '2018-03-16 11:33:00', '操作日志菜单');
INSERT INTO `sys_menu` VALUES ('501', '登录日志', '108', '2', '/monitor/logininfor', '', 'C', '0', 'monitor:logininfor:view', '#', 'admin', '2018-03-16 11:33:00', 'ry', '2018-03-16 11:33:00', '登录日志菜单');
INSERT INTO `sys_menu` VALUES ('1000', '用户查询', '100', '1', '#', '', 'F', '0', 'system:user:list', '#', 'admin', '2018-03-16 11:33:00', 'ry', '2018-03-16 11:33:00', '');
INSERT INTO `sys_menu` VALUES ('1001', '用户新增', '100', '2', '#', '', 'F', '0', 'system:user:add', '#', 'admin', '2018-03-16 11:33:00', 'ry', '2018-03-16 11:33:00', '');
INSERT INTO `sys_menu` VALUES ('1002', '用户修改', '100', '3', '#', '', 'F', '0', 'system:user:edit', '#', 'admin', '2018-03-16 11:33:00', 'ry', '2018-03-16 11:33:00', '');
INSERT INTO `sys_menu` VALUES ('1003', '用户删除', '100', '4', '#', '', 'F', '0', 'system:user:remove', '#', 'admin', '2018-03-16 11:33:00', 'ry', '2018-03-16 11:33:00', '');
INSERT INTO `sys_menu` VALUES ('1004', '用户导出', '100', '5', '#', '', 'F', '0', 'system:user:export', '#', 'admin', '2018-03-16 11:33:00', 'ry', '2018-03-16 11:33:00', '');
INSERT INTO `sys_menu` VALUES ('1005', '用户导入', '100', '6', '#', '', 'F', '0', 'system:user:import', '#', 'admin', '2018-03-16 11:33:00', 'ry', '2018-03-16 11:33:00', '');
INSERT INTO `sys_menu` VALUES ('1006', '重置密码', '100', '7', '#', '', 'F', '0', 'system:user:resetPwd', '#', 'admin', '2018-03-16 11:33:00', 'ry', '2018-03-16 11:33:00', '');
INSERT INTO `sys_menu` VALUES ('1007', '角色查询', '101', '1', '#', '', 'F', '0', 'system:role:list', '#', 'admin', '2018-03-16 11:33:00', 'ry', '2018-03-16 11:33:00', '');
INSERT INTO `sys_menu` VALUES ('1008', '角色新增', '101', '2', '#', '', 'F', '0', 'system:role:add', '#', 'admin', '2018-03-16 11:33:00', 'ry', '2018-03-16 11:33:00', '');
INSERT INTO `sys_menu` VALUES ('1009', '角色修改', '101', '3', '#', '', 'F', '0', 'system:role:edit', '#', 'admin', '2018-03-16 11:33:00', 'ry', '2018-03-16 11:33:00', '');
INSERT INTO `sys_menu` VALUES ('1010', '角色删除', '101', '4', '#', '', 'F', '0', 'system:role:remove', '#', 'admin', '2018-03-16 11:33:00', 'ry', '2018-03-16 11:33:00', '');
INSERT INTO `sys_menu` VALUES ('1011', '角色导出', '101', '5', '#', '', 'F', '0', 'system:role:export', '#', 'admin', '2018-03-16 11:33:00', 'ry', '2018-03-16 11:33:00', '');
INSERT INTO `sys_menu` VALUES ('1012', '菜单查询', '102', '1', '#', '', 'F', '0', 'system:menu:list', '#', 'admin', '2018-03-16 11:33:00', 'ry', '2018-03-16 11:33:00', '');
INSERT INTO `sys_menu` VALUES ('1013', '菜单新增', '102', '2', '#', '', 'F', '0', 'system:menu:add', '#', 'admin', '2018-03-16 11:33:00', 'ry', '2018-03-16 11:33:00', '');
INSERT INTO `sys_menu` VALUES ('1014', '菜单修改', '102', '3', '#', '', 'F', '0', 'system:menu:edit', '#', 'admin', '2018-03-16 11:33:00', 'ry', '2018-03-16 11:33:00', '');
INSERT INTO `sys_menu` VALUES ('1015', '菜单删除', '102', '4', '#', '', 'F', '0', 'system:menu:remove', '#', 'admin', '2018-03-16 11:33:00', 'ry', '2018-03-16 11:33:00', '');
INSERT INTO `sys_menu` VALUES ('1016', '部门查询', '103', '1', '#', '', 'F', '0', 'system:dept:list', '#', 'admin', '2018-03-16 11:33:00', 'ry', '2018-03-16 11:33:00', '');
INSERT INTO `sys_menu` VALUES ('1017', '部门新增', '103', '2', '#', '', 'F', '0', 'system:dept:add', '#', 'admin', '2018-03-16 11:33:00', 'ry', '2018-03-16 11:33:00', '');
INSERT INTO `sys_menu` VALUES ('1018', '部门修改', '103', '3', '#', '', 'F', '0', 'system:dept:edit', '#', 'admin', '2018-03-16 11:33:00', 'ry', '2018-03-16 11:33:00', '');
INSERT INTO `sys_menu` VALUES ('1019', '部门删除', '103', '4', '#', '', 'F', '0', 'system:dept:remove', '#', 'admin', '2018-03-16 11:33:00', 'ry', '2018-03-16 11:33:00', '');
INSERT INTO `sys_menu` VALUES ('1020', '岗位查询', '104', '1', '#', '', 'F', '0', 'system:post:list', '#', 'admin', '2018-03-16 11:33:00', 'ry', '2018-03-16 11:33:00', '');
INSERT INTO `sys_menu` VALUES ('1021', '岗位新增', '104', '2', '#', '', 'F', '0', 'system:post:add', '#', 'admin', '2018-03-16 11:33:00', 'ry', '2018-03-16 11:33:00', '');
INSERT INTO `sys_menu` VALUES ('1022', '岗位修改', '104', '3', '#', '', 'F', '0', 'system:post:edit', '#', 'admin', '2018-03-16 11:33:00', 'ry', '2018-03-16 11:33:00', '');
INSERT INTO `sys_menu` VALUES ('1023', '岗位删除', '104', '4', '#', '', 'F', '0', 'system:post:remove', '#', 'admin', '2018-03-16 11:33:00', 'ry', '2018-03-16 11:33:00', '');
INSERT INTO `sys_menu` VALUES ('1024', '岗位导出', '104', '5', '#', '', 'F', '0', 'system:post:export', '#', 'admin', '2018-03-16 11:33:00', 'ry', '2018-03-16 11:33:00', '');
INSERT INTO `sys_menu` VALUES ('1025', '字典查询', '105', '1', '#', '', 'F', '0', 'system:dict:list', '#', 'admin', '2018-03-16 11:33:00', 'ry', '2018-03-16 11:33:00', '');
INSERT INTO `sys_menu` VALUES ('1026', '字典新增', '105', '2', '#', '', 'F', '0', 'system:dict:add', '#', 'admin', '2018-03-16 11:33:00', 'ry', '2018-03-16 11:33:00', '');
INSERT INTO `sys_menu` VALUES ('1027', '字典修改', '105', '3', '#', '', 'F', '0', 'system:dict:edit', '#', 'admin', '2018-03-16 11:33:00', 'ry', '2018-03-16 11:33:00', '');
INSERT INTO `sys_menu` VALUES ('1028', '字典删除', '105', '4', '#', '', 'F', '0', 'system:dict:remove', '#', 'admin', '2018-03-16 11:33:00', 'ry', '2018-03-16 11:33:00', '');
INSERT INTO `sys_menu` VALUES ('1029', '字典导出', '105', '5', '#', '', 'F', '0', 'system:dict:export', '#', 'admin', '2018-03-16 11:33:00', 'ry', '2018-03-16 11:33:00', '');
INSERT INTO `sys_menu` VALUES ('1030', '参数查询', '106', '1', '#', '', 'F', '0', 'system:config:list', '#', 'admin', '2018-03-16 11:33:00', 'ry', '2018-03-16 11:33:00', '');
INSERT INTO `sys_menu` VALUES ('1031', '参数新增', '106', '2', '#', '', 'F', '0', 'system:config:add', '#', 'admin', '2018-03-16 11:33:00', 'ry', '2018-03-16 11:33:00', '');
INSERT INTO `sys_menu` VALUES ('1032', '参数修改', '106', '3', '#', '', 'F', '0', 'system:config:edit', '#', 'admin', '2018-03-16 11:33:00', 'ry', '2018-03-16 11:33:00', '');
INSERT INTO `sys_menu` VALUES ('1033', '参数删除', '106', '4', '#', '', 'F', '0', 'system:config:remove', '#', 'admin', '2018-03-16 11:33:00', 'ry', '2018-03-16 11:33:00', '');
INSERT INTO `sys_menu` VALUES ('1034', '参数导出', '106', '5', '#', '', 'F', '0', 'system:config:export', '#', 'admin', '2018-03-16 11:33:00', 'ry', '2018-03-16 11:33:00', '');
INSERT INTO `sys_menu` VALUES ('1035', '公告查询', '107', '1', '#', '', 'F', '0', 'system:notice:list', '#', 'admin', '2018-03-16 11:33:00', 'ry', '2018-03-16 11:33:00', '');
INSERT INTO `sys_menu` VALUES ('1036', '公告新增', '107', '2', '#', '', 'F', '0', 'system:notice:add', '#', 'admin', '2018-03-16 11:33:00', 'ry', '2018-03-16 11:33:00', '');
INSERT INTO `sys_menu` VALUES ('1037', '公告修改', '107', '3', '#', '', 'F', '0', 'system:notice:edit', '#', 'admin', '2018-03-16 11:33:00', 'ry', '2018-03-16 11:33:00', '');
INSERT INTO `sys_menu` VALUES ('1038', '公告删除', '107', '4', '#', '', 'F', '0', 'system:notice:remove', '#', 'admin', '2018-03-16 11:33:00', 'ry', '2018-03-16 11:33:00', '');
INSERT INTO `sys_menu` VALUES ('1039', '操作查询', '500', '1', '#', '', 'F', '0', 'monitor:operlog:list', '#', 'admin', '2018-03-16 11:33:00', 'ry', '2018-03-16 11:33:00', '');
INSERT INTO `sys_menu` VALUES ('1040', '操作删除', '500', '2', '#', '', 'F', '0', 'monitor:operlog:remove', '#', 'admin', '2018-03-16 11:33:00', 'ry', '2018-03-16 11:33:00', '');
INSERT INTO `sys_menu` VALUES ('1041', '详细信息', '500', '3', '#', '', 'F', '0', 'monitor:operlog:detail', '#', 'admin', '2018-03-16 11:33:00', 'ry', '2018-03-16 11:33:00', '');
INSERT INTO `sys_menu` VALUES ('1042', '日志导出', '500', '4', '#', '', 'F', '0', 'monitor:operlog:export', '#', 'admin', '2018-03-16 11:33:00', 'ry', '2018-03-16 11:33:00', '');
INSERT INTO `sys_menu` VALUES ('1043', '登录查询', '501', '1', '#', '', 'F', '0', 'monitor:logininfor:list', '#', 'admin', '2018-03-16 11:33:00', 'ry', '2018-03-16 11:33:00', '');
INSERT INTO `sys_menu` VALUES ('1044', '登录删除', '501', '2', '#', '', 'F', '0', 'monitor:logininfor:remove', '#', 'admin', '2018-03-16 11:33:00', 'ry', '2018-03-16 11:33:00', '');
INSERT INTO `sys_menu` VALUES ('1045', '日志导出', '501', '3', '#', '', 'F', '0', 'monitor:logininfor:export', '#', 'admin', '2018-03-16 11:33:00', 'ry', '2018-03-16 11:33:00', '');
INSERT INTO `sys_menu` VALUES ('1046', '在线查询', '109', '1', '#', '', 'F', '0', 'monitor:online:list', '#', 'admin', '2018-03-16 11:33:00', 'ry', '2018-03-16 11:33:00', '');
INSERT INTO `sys_menu` VALUES ('1047', '批量强退', '109', '2', '#', '', 'F', '0', 'monitor:online:batchForceLogout', '#', 'admin', '2018-03-16 11:33:00', 'ry', '2018-03-16 11:33:00', '');
INSERT INTO `sys_menu` VALUES ('1048', '单条强退', '109', '3', '#', '', 'F', '0', 'monitor:online:forceLogout', '#', 'admin', '2018-03-16 11:33:00', 'ry', '2018-03-16 11:33:00', '');
INSERT INTO `sys_menu` VALUES ('1049', '任务查询', '110', '1', '#', '', 'F', '0', 'monitor:job:list', '#', 'admin', '2018-03-16 11:33:00', 'ry', '2018-03-16 11:33:00', '');
INSERT INTO `sys_menu` VALUES ('1050', '任务新增', '110', '2', '#', '', 'F', '0', 'monitor:job:add', '#', 'admin', '2018-03-16 11:33:00', 'ry', '2018-03-16 11:33:00', '');
INSERT INTO `sys_menu` VALUES ('1051', '任务修改', '110', '3', '#', '', 'F', '0', 'monitor:job:edit', '#', 'admin', '2018-03-16 11:33:00', 'ry', '2018-03-16 11:33:00', '');
INSERT INTO `sys_menu` VALUES ('1052', '任务删除', '110', '4', '#', '', 'F', '0', 'monitor:job:remove', '#', 'admin', '2018-03-16 11:33:00', 'ry', '2018-03-16 11:33:00', '');
INSERT INTO `sys_menu` VALUES ('1053', '状态修改', '110', '5', '#', '', 'F', '0', 'monitor:job:changeStatus', '#', 'admin', '2018-03-16 11:33:00', 'ry', '2018-03-16 11:33:00', '');
INSERT INTO `sys_menu` VALUES ('1054', '任务详细', '110', '6', '#', '', 'F', '0', 'monitor:job:detail', '#', 'admin', '2018-03-16 11:33:00', 'ry', '2018-03-16 11:33:00', '');
INSERT INTO `sys_menu` VALUES ('1055', '任务导出', '110', '7', '#', '', 'F', '0', 'monitor:job:export', '#', 'admin', '2018-03-16 11:33:00', 'ry', '2018-03-16 11:33:00', '');
INSERT INTO `sys_menu` VALUES ('1056', '生成查询', '114', '1', '#', '', 'F', '0', 'tool:gen:list', '#', 'admin', '2018-03-16 11:33:00', 'ry', '2018-03-16 11:33:00', '');
INSERT INTO `sys_menu` VALUES ('1057', '生成修改', '114', '2', '#', '', 'F', '0', 'tool:gen:edit', '#', 'admin', '2018-03-16 11:33:00', 'ry', '2018-03-16 11:33:00', '');
INSERT INTO `sys_menu` VALUES ('1058', '生成删除', '114', '3', '#', '', 'F', '0', 'tool:gen:remove', '#', 'admin', '2018-03-16 11:33:00', 'ry', '2018-03-16 11:33:00', '');
INSERT INTO `sys_menu` VALUES ('1059', '生成代码', '114', '4', '#', '', 'F', '0', 'tool:gen:code', '#', 'admin', '2018-03-16 11:33:00', 'ry', '2018-03-16 11:33:00', '');
INSERT INTO `sys_menu` VALUES ('2000', '测试管理', '0', '4', '#', '', 'M', '0', '', 'fa fa-window-restore', 'admin', '2019-07-27 11:53:50', 'admin', '2020-01-06 14:30:04', '');
INSERT INTO `sys_menu` VALUES ('2003', '工单管理', '2000', '2', '/testplatform/workorder', 'menuItem', 'C', '0', 'testplatform:workorder:view', '#', 'admin', '2019-07-27 15:20:34', 'admin', '2020-01-05 14:42:06', '');
INSERT INTO `sys_menu` VALUES ('2004', '工单新增', '2003', '2', '#', 'menuItem', 'F', '0', 'testplatform:workorder:add', '#', 'admin', '2019-08-04 15:24:57', '', null, '');
INSERT INTO `sys_menu` VALUES ('2005', '工单查询', '2003', '1', '#', 'menuItem', 'F', '0', 'testplatform:workorder:list', '#', 'admin', '2019-08-04 15:25:25', '', null, '');
INSERT INTO `sys_menu` VALUES ('2006', '工单修改', '2003', '3', '#', 'menuItem', 'F', '0', 'testplatform:workorder:edit', '#', 'admin', '2019-08-04 15:26:12', '', null, '');
INSERT INTO `sys_menu` VALUES ('2007', '工单删除', '2003', '4', '#', 'menuItem', 'F', '0', 'testplatform:workorder:remove', '#', 'admin', '2019-08-04 15:26:46', '', null, '');
INSERT INTO `sys_menu` VALUES ('2008', '测试用例', '2000', '1', '/testplatform/testcase', 'menuItem', 'C', '1', 'testplatform:testcase:view', '#', 'admin', '2018-03-01 00:00:00', 'admin', '2020-01-05 14:36:47', '测试用例菜单');
INSERT INTO `sys_menu` VALUES ('2009', '测试用例查询', '2008', '1', '#', '', 'F', '0', 'testplatform:testcase:list', '#', 'admin', '2018-03-01 00:00:00', 'ry', '2018-03-01 00:00:00', '');
INSERT INTO `sys_menu` VALUES ('2010', '测试用例新增', '2008', '2', '#', '', 'F', '0', 'testplatform:testcase:add', '#', 'admin', '2018-03-01 00:00:00', 'ry', '2018-03-01 00:00:00', '');
INSERT INTO `sys_menu` VALUES ('2011', '测试用例修改', '2008', '3', '#', '', 'F', '0', 'testplatform:testcase:edit', '#', 'admin', '2018-03-01 00:00:00', 'ry', '2018-03-01 00:00:00', '');
INSERT INTO `sys_menu` VALUES ('2012', '测试用例删除', '2008', '4', '#', '', 'F', '0', 'testplatform:testcase:remove', '#', 'admin', '2018-03-01 00:00:00', 'ry', '2018-03-01 00:00:00', '');
INSERT INTO `sys_menu` VALUES ('2013', '接口管理', '2000', '3', '/testplatform/interface', 'menuItem', 'C', '0', 'testplatform:interface:view', '#', 'admin', '2018-03-01 00:00:00', 'admin', '2020-01-05 14:41:54', '接口信息实体菜单');
INSERT INTO `sys_menu` VALUES ('2014', '接口查询', '2013', '1', '#', '', 'F', '0', 'testplatform:interface:list', '#', 'admin', '2018-03-01 00:00:00', 'ry', '2018-03-01 00:00:00', '');
INSERT INTO `sys_menu` VALUES ('2015', '接口新增', '2013', '2', '#', '', 'F', '0', 'testplatform:interface:add', '#', 'admin', '2018-03-01 00:00:00', 'ry', '2018-03-01 00:00:00', '');
INSERT INTO `sys_menu` VALUES ('2016', '接口修改', '2013', '3', '#', '', 'F', '0', 'testplatform:interface:edit', '#', 'admin', '2018-03-01 00:00:00', 'ry', '2018-03-01 00:00:00', '');
INSERT INTO `sys_menu` VALUES ('2017', '接口删除', '2013', '4', '#', '', 'F', '0', 'testplatform:interface:remove', '#', 'admin', '2018-03-01 00:00:00', 'ry', '2018-03-01 00:00:00', '');
INSERT INTO `sys_menu` VALUES ('2018', '报文管理', '2000', '4', '/testplatform/message', 'menuItem', 'C', '0', 'testplatform:message:view', '#', 'admin', '2018-03-01 00:00:00', 'admin', '2020-01-05 14:41:42', '报文实体菜单');
INSERT INTO `sys_menu` VALUES ('2019', '报文查询', '2018', '1', '#', '', 'F', '0', 'testplatform:message:list', '#', 'admin', '2018-03-01 00:00:00', 'ry', '2018-03-01 00:00:00', '');
INSERT INTO `sys_menu` VALUES ('2020', '报文新增', '2018', '2', '#', '', 'F', '0', 'testplatform:message:add', '#', 'admin', '2018-03-01 00:00:00', 'ry', '2018-03-01 00:00:00', '');
INSERT INTO `sys_menu` VALUES ('2021', '报文修改', '2018', '3', '#', '', 'F', '0', 'testplatform:message:edit', '#', 'admin', '2018-03-01 00:00:00', 'ry', '2018-03-01 00:00:00', '');
INSERT INTO `sys_menu` VALUES ('2022', '报文删除', '2018', '4', '#', '', 'F', '0', 'testplatform:message:remove', '#', 'admin', '2018-03-01 00:00:00', 'ry', '2018-03-01 00:00:00', '');
INSERT INTO `sys_menu` VALUES ('2023', '用例管理', '2000', '5', '/testplatform/case', 'menuItem', 'C', '0', 'testplatform:case:view', '#', 'admin', '2018-03-01 00:00:00', 'admin', '2020-01-05 14:39:30', '用例菜单');
INSERT INTO `sys_menu` VALUES ('2024', '用例查询', '2023', '1', '#', '', 'F', '0', 'testplatform:case:list', '#', 'admin', '2018-03-01 00:00:00', 'ry', '2018-03-01 00:00:00', '');
INSERT INTO `sys_menu` VALUES ('2025', '用例新增', '2023', '2', '#', '', 'F', '0', 'testplatform:case:add', '#', 'admin', '2018-03-01 00:00:00', 'ry', '2018-03-01 00:00:00', '');
INSERT INTO `sys_menu` VALUES ('2026', '用例修改', '2023', '3', '#', '', 'F', '0', 'testplatform:case:edit', '#', 'admin', '2018-03-01 00:00:00', 'ry', '2018-03-01 00:00:00', '');
INSERT INTO `sys_menu` VALUES ('2027', '用例删除', '2023', '4', '#', '', 'F', '0', 'testplatform:case:remove', '#', 'admin', '2018-03-01 00:00:00', 'ry', '2018-03-01 00:00:00', '');
INSERT INTO `sys_menu` VALUES ('2028', '组织管理', '1', '1', '#', 'menuItem', 'M', '0', null, 'fa fa-qrcode', 'admin', '2020-01-06 14:12:07', '', null, '');
INSERT INTO `sys_menu` VALUES ('2029', '权限管理', '1', '2', '#', 'menuItem', 'M', '0', '', 'fa fa-users', 'admin', '2020-01-06 14:15:47', 'admin', '2020-01-06 14:17:42', '');
INSERT INTO `sys_menu` VALUES ('2030', '系统设置', '1', '3', '#', 'menuItem', 'M', '0', null, 'fa fa-cogs', 'admin', '2020-01-06 14:19:22', '', null, '');

-- ----------------------------
-- Table structure for sys_notice
-- ----------------------------
DROP TABLE IF EXISTS `sys_notice`;
CREATE TABLE `sys_notice` (
  `notice_id` int(4) NOT NULL AUTO_INCREMENT COMMENT '公告ID',
  `notice_title` varchar(50) NOT NULL COMMENT '公告标题',
  `notice_type` char(1) NOT NULL COMMENT '公告类型（1通知 2公告）',
  `notice_content` varchar(2000) DEFAULT NULL COMMENT '公告内容',
  `status` char(1) DEFAULT '0' COMMENT '公告状态（0正常 1关闭）',
  `create_by` varchar(64) DEFAULT '' COMMENT '创建者',
  `create_time` datetime DEFAULT NULL COMMENT '创建时间',
  `update_by` varchar(64) DEFAULT '' COMMENT '更新者',
  `update_time` datetime DEFAULT NULL COMMENT '更新时间',
  `remark` varchar(255) DEFAULT NULL COMMENT '备注',
  PRIMARY KEY (`notice_id`)
) ENGINE=InnoDB AUTO_INCREMENT=3 DEFAULT CHARSET=utf8 COMMENT='通知公告表';

-- ----------------------------
-- Records of sys_notice
-- ----------------------------
INSERT INTO `sys_notice` VALUES ('1', '温馨提醒：2018-07-01 若依新版本发布啦', '2', '新版本内容', '0', 'admin', '2018-03-16 11:33:00', 'ry', '2018-03-16 11:33:00', '管理员');
INSERT INTO `sys_notice` VALUES ('2', '维护通知：2018-07-01 若依系统凌晨维护', '1', '维护内容', '0', 'admin', '2018-03-16 11:33:00', 'ry', '2018-03-16 11:33:00', '管理员');

-- ----------------------------
-- Table structure for sys_oper_log
-- ----------------------------
DROP TABLE IF EXISTS `sys_oper_log`;
CREATE TABLE `sys_oper_log` (
  `oper_id` bigint(20) NOT NULL AUTO_INCREMENT COMMENT '日志主键',
  `title` varchar(50) DEFAULT '' COMMENT '模块标题',
  `business_type` int(2) DEFAULT '0' COMMENT '业务类型（0其它 1新增 2修改 3删除）',
  `method` varchar(100) DEFAULT '' COMMENT '方法名称',
  `request_method` varchar(10) DEFAULT '' COMMENT '请求方式',
  `operator_type` int(1) DEFAULT '0' COMMENT '操作类别（0其它 1后台用户 2手机端用户）',
  `oper_name` varchar(50) DEFAULT '' COMMENT '操作人员',
  `dept_name` varchar(50) DEFAULT '' COMMENT '部门名称',
  `oper_url` varchar(255) DEFAULT '' COMMENT '请求URL',
  `oper_ip` varchar(50) DEFAULT '' COMMENT '主机地址',
  `oper_location` varchar(255) DEFAULT '' COMMENT '操作地点',
  `oper_param` varchar(2000) DEFAULT '' COMMENT '请求参数',
  `json_result` varchar(2000) DEFAULT '' COMMENT '返回参数',
  `status` int(1) DEFAULT '0' COMMENT '操作状态（0正常 1异常）',
  `error_msg` varchar(2000) DEFAULT '' COMMENT '错误消息',
  `oper_time` datetime DEFAULT NULL COMMENT '操作时间',
  PRIMARY KEY (`oper_id`)
) ENGINE=InnoDB AUTO_INCREMENT=307 DEFAULT CHARSET=utf8 COMMENT='操作日志记录';

-- ----------------------------
-- Records of sys_oper_log
-- ----------------------------
INSERT INTO `sys_oper_log` VALUES ('100', '工单管理', '2', 'com.ruoyi.web.controller.test.WorkOrderController.editSave()', 'POST', '1', 'admin', '研发部门', '/test/workorder/edit', '127.0.0.1', '内网IP', '{\r\n  \"workOrderId\" : [ \"13\" ],\r\n  \"workOrderNum\" : [ \"CF2018081111\" ],\r\n  \"workOrderName\" : [ \"测试工单创建\" ],\r\n  \"workOrderType\" : [ \"4\" ],\r\n  \"status\" : [ \"0\" ],\r\n  \"startTime\" : [ \"2019-08-09\" ],\r\n  \"endTime\" : [ \"2019-08-24\" ],\r\n  \"remark\" : [ \"备注\" ]\r\n}', '{\r\n  \"msg\" : \"操作成功\",\r\n  \"code\" : 0\r\n}', '0', null, '2019-09-21 12:56:07');
INSERT INTO `sys_oper_log` VALUES ('101', '个人信息', '2', 'com.ruoyi.web.controller.system.SysProfileController.updateAvatar()', 'POST', '1', 'admin', '研发部门', '/system/user/profile/updateAvatar', '127.0.0.1', '内网IP', '{ }', '{\r\n  \"msg\" : \"操作成功\",\r\n  \"code\" : 0\r\n}', '0', null, '2019-10-23 16:05:23');
INSERT INTO `sys_oper_log` VALUES ('102', '个人信息', '2', 'com.ruoyi.web.controller.system.SysProfileController.updateAvatar()', 'POST', '1', 'admin', '研发部门', '/system/user/profile/updateAvatar', '127.0.0.1', '内网IP', '{ }', '{\r\n  \"msg\" : \"操作成功\",\r\n  \"code\" : 0\r\n}', '0', null, '2019-10-23 18:30:36');
INSERT INTO `sys_oper_log` VALUES ('103', '个人信息', '2', 'com.ruoyi.web.controller.system.SysProfileController.update()', 'POST', '1', 'admin', '研发部门', '/system/user/profile/update', '127.0.0.1', '内网IP', '{\r\n  \"id\" : [ \"\" ],\r\n  \"userName\" : [ \"CalmDownsy\" ],\r\n  \"phonenumber\" : [ \"15888888888\" ],\r\n  \"email\" : [ \"calmdownsy@163.com\" ],\r\n  \"sex\" : [ \"0\" ]\r\n}', '{\r\n  \"msg\" : \"操作成功\",\r\n  \"code\" : 0\r\n}', '0', null, '2019-10-23 19:07:10');
INSERT INTO `sys_oper_log` VALUES ('104', '代码生成', '6', 'com.ruoyi.generator.controller.GenController.importTableSave()', 'POST', '1', 'admin', '研发部门', '/tool/gen/importTable', '127.0.0.1', '内网IP', '{\r\n  \"tables\" : [ \"workorder\" ]\r\n}', '{\r\n  \"msg\" : \"操作成功\",\r\n  \"code\" : 0\r\n}', '0', null, '2019-10-23 19:56:52');
INSERT INTO `sys_oper_log` VALUES ('105', '代码生成', '3', 'com.ruoyi.generator.controller.GenController.remove()', 'POST', '1', 'admin', '研发部门', '/tool/gen/remove', '127.0.0.1', '内网IP', '{\r\n  \"ids\" : [ \"1\" ]\r\n}', '{\r\n  \"msg\" : \"操作成功\",\r\n  \"code\" : 0\r\n}', '0', null, '2019-10-23 19:58:06');
INSERT INTO `sys_oper_log` VALUES ('106', '代码生成', '6', 'com.ruoyi.generator.controller.GenController.importTableSave()', 'POST', '1', 'admin', '研发部门', '/tool/gen/importTable', '127.0.0.1', '内网IP', '{\r\n  \"tables\" : [ \"workorder\" ]\r\n}', '{\r\n  \"msg\" : \"操作成功\",\r\n  \"code\" : 0\r\n}', '0', null, '2019-10-23 19:58:42');
INSERT INTO `sys_oper_log` VALUES ('107', '代码生成', '3', 'com.ruoyi.generator.controller.GenController.remove()', 'POST', '1', 'admin', '研发部门', '/tool/gen/remove', '127.0.0.1', '内网IP', '{\r\n  \"ids\" : [ \"2\" ]\r\n}', '{\r\n  \"msg\" : \"操作成功\",\r\n  \"code\" : 0\r\n}', '0', null, '2019-10-23 20:05:06');
INSERT INTO `sys_oper_log` VALUES ('108', '代码生成', '6', 'com.ruoyi.generator.controller.GenController.importTableSave()', 'POST', '1', 'admin', '研发部门', '/tool/gen/importTable', '127.0.0.1', '内网IP', '{\r\n  \"tables\" : [ \"workorder\" ]\r\n}', '{\r\n  \"msg\" : \"操作成功\",\r\n  \"code\" : 0\r\n}', '0', null, '2019-10-23 20:05:59');
INSERT INTO `sys_oper_log` VALUES ('109', '代码生成', '3', 'com.ruoyi.generator.controller.GenController.remove()', 'POST', '1', 'admin', '研发部门', '/tool/gen/remove', '127.0.0.1', '内网IP', '{\r\n  \"ids\" : [ \"3\" ]\r\n}', '{\r\n  \"msg\" : \"操作成功\",\r\n  \"code\" : 0\r\n}', '0', null, '2019-10-23 20:20:08');
INSERT INTO `sys_oper_log` VALUES ('110', '代码生成', '6', 'com.ruoyi.generator.controller.GenController.importTableSave()', 'POST', '1', 'admin', '研发部门', '/tool/gen/importTable', '127.0.0.1', '内网IP', '{\r\n  \"tables\" : [ \"testcase\" ]\r\n}', '{\r\n  \"msg\" : \"操作成功\",\r\n  \"code\" : 0\r\n}', '0', null, '2019-10-23 20:30:21');
INSERT INTO `sys_oper_log` VALUES ('111', '代码生成', '8', 'com.ruoyi.generator.controller.GenController.batchGenCode()', 'GET', '1', 'admin', '研发部门', '/tool/gen/batchGenCode', '127.0.0.1', '内网IP', '{\r\n  \"tables\" : [ \"testcase\" ]\r\n}', 'null', '0', null, '2019-10-23 20:39:51');
INSERT INTO `sys_oper_log` VALUES ('112', '代码生成', '8', 'com.ruoyi.generator.controller.GenController.genCode()', 'GET', '1', 'admin', '研发部门', '/tool/gen/genCode/testcase', '127.0.0.1', '内网IP', '{ }', 'null', '0', null, '2019-10-23 20:39:57');
INSERT INTO `sys_oper_log` VALUES ('113', '代码生成', '3', 'com.ruoyi.generator.controller.GenController.remove()', 'POST', '1', 'admin', '研发部门', '/tool/gen/remove', '127.0.0.1', '内网IP', '{\r\n  \"ids\" : [ \"4\" ]\r\n}', '{\r\n  \"msg\" : \"操作成功\",\r\n  \"code\" : 0\r\n}', '0', null, '2019-10-23 20:41:29');
INSERT INTO `sys_oper_log` VALUES ('114', '代码生成', '6', 'com.ruoyi.generator.controller.GenController.importTableSave()', 'POST', '1', 'admin', '研发部门', '/tool/gen/importTable', '127.0.0.1', '内网IP', '{\r\n  \"tables\" : [ \"testcase\" ]\r\n}', '{\r\n  \"msg\" : \"操作成功\",\r\n  \"code\" : 0\r\n}', '0', null, '2019-10-23 20:41:38');
INSERT INTO `sys_oper_log` VALUES ('115', '代码生成', '2', 'com.ruoyi.generator.controller.GenController.editSave()', 'POST', '1', 'admin', '研发部门', '/tool/gen/edit', '127.0.0.1', '内网IP', '{\r\n  \"tableId\" : [ \"5\" ],\r\n  \"tableName\" : [ \"testcase\" ],\r\n  \"tableComment\" : [ \"用例表\" ],\r\n  \"className\" : [ \"Testcase\" ],\r\n  \"functionAuthor\" : [ \"zhangsy\" ],\r\n  \"remark\" : [ \"\" ],\r\n  \"columns[0].columnId\" : [ \"46\" ],\r\n  \"columns[0].sort\" : [ \"1\" ],\r\n  \"columns[0].columnComment\" : [ \"null\" ],\r\n  \"columns[0].javaType\" : [ \"Long\" ],\r\n  \"columns[0].javaField\" : [ \"testCaseId\" ],\r\n  \"columns[0].isInsert\" : [ \"1\" ],\r\n  \"columns[0].queryType\" : [ \"EQ\" ],\r\n  \"columns[0].htmlType\" : [ \"input\" ],\r\n  \"columns[0].dictType\" : [ \"\" ],\r\n  \"columns[1].columnId\" : [ \"47\" ],\r\n  \"columns[1].sort\" : [ \"2\" ],\r\n  \"columns[1].columnComment\" : [ \"用例父标题\" ],\r\n  \"columns[1].javaType\" : [ \"String\" ],\r\n  \"columns[1].javaField\" : [ \"parentTitle\" ],\r\n  \"columns[1].isInsert\" : [ \"1\" ],\r\n  \"columns[1].isEdit\" : [ \"1\" ],\r\n  \"columns[1].isList\" : [ \"1\" ],\r\n  \"columns[1].isQuery\" : [ \"1\" ],\r\n  \"columns[1].queryType\" : [ \"EQ\" ],\r\n  \"columns[1].isRequired\" : [ \"1\" ],\r\n  \"columns[1].htmlType\" : [ \"input\" ],\r\n  \"columns[1].dictType\" : [ \"\" ],\r\n  \"columns[2].columnId\" : [ \"48\" ],\r\n  \"columns[2].sort\" : [ \"3\" ],\r\n  \"columns[2].columnComment\" : [ \"用例标题\" ],\r\n  \"columns[2].javaType\" : [ \"String\" ],\r\n  \"columns[2].javaField\" : [ \"testCaseTitle\" ],\r\n  \"columns[2].isInsert\" : [ \"1\" ],\r\n  \"columns[2].isEdit\" : [ \"1\" ],\r\n  \"columns[2].isList\" : [ \"1\" ],\r\n  \"columns[2].isQuery\" : [ \"1\" ],\r\n  \"columns[2].queryType\" : [ \"EQ\" ],\r\n  \"columns[2].isRequired\" : [ \"1\" ],\r\n  \"columns[2].htmlType\" : [ \"input\" ],\r\n  \"columns[2].dictType\" : [ \"\" ],\r\n  \"columns[3].columnId\" : [ \"49\" ],\r\n  \"columns[3].sort\" : [ \"4\" ],\r\n  \"columns[3].columnComment\" : [ \"用例描述\" ],\r\n  \"columns[3].javaType\" : [ \"String\" ],\r\n  \"columns[3].javaField\" : [ \"description\" ],\r\n  \"columns[3].isInsert\" : [ \"1\" ],\r\n  \"columns[3].isEdit\" : [ \"1\" ],\r\n  \"columns[3].isList\" : [ \"1\" ],\r\n  \"columns[3].isQuery\" : [ \"1\" ],\r\n  \"columns[3].queryType\" : [ \"EQ\" ],\r\n  \"columns[3].isRequired\" : [ \"1\" ],\r\n  \"columns[3].htmlType\" : [ \"textarea\" ],\r\n  \"columns[3].dictType\" : ', '{\r\n  \"msg\" : \"操作成功\",\r\n  \"code\" : 0\r\n}', '0', null, '2019-10-23 20:42:59');
INSERT INTO `sys_oper_log` VALUES ('116', '代码生成', '2', 'com.ruoyi.generator.controller.GenController.editSave()', 'POST', '1', 'admin', '研发部门', '/tool/gen/edit', '127.0.0.1', '内网IP', '{\r\n  \"tableId\" : [ \"5\" ],\r\n  \"tableName\" : [ \"testcase\" ],\r\n  \"tableComment\" : [ \"用例表\" ],\r\n  \"className\" : [ \"Testcase\" ],\r\n  \"functionAuthor\" : [ \"zhangsy\" ],\r\n  \"remark\" : [ \"\" ],\r\n  \"columns[0].columnId\" : [ \"46\" ],\r\n  \"columns[0].sort\" : [ \"1\" ],\r\n  \"columns[0].columnComment\" : [ \"null\" ],\r\n  \"columns[0].javaType\" : [ \"Long\" ],\r\n  \"columns[0].javaField\" : [ \"testCaseId\" ],\r\n  \"columns[0].isInsert\" : [ \"1\" ],\r\n  \"columns[0].queryType\" : [ \"EQ\" ],\r\n  \"columns[0].htmlType\" : [ \"input\" ],\r\n  \"columns[0].dictType\" : [ \"\" ],\r\n  \"columns[1].columnId\" : [ \"47\" ],\r\n  \"columns[1].sort\" : [ \"2\" ],\r\n  \"columns[1].columnComment\" : [ \"用例父标题\" ],\r\n  \"columns[1].javaType\" : [ \"String\" ],\r\n  \"columns[1].javaField\" : [ \"parentTitle\" ],\r\n  \"columns[1].isInsert\" : [ \"1\" ],\r\n  \"columns[1].isEdit\" : [ \"1\" ],\r\n  \"columns[1].isList\" : [ \"1\" ],\r\n  \"columns[1].isQuery\" : [ \"1\" ],\r\n  \"columns[1].queryType\" : [ \"EQ\" ],\r\n  \"columns[1].isRequired\" : [ \"1\" ],\r\n  \"columns[1].htmlType\" : [ \"input\" ],\r\n  \"columns[1].dictType\" : [ \"\" ],\r\n  \"columns[2].columnId\" : [ \"48\" ],\r\n  \"columns[2].sort\" : [ \"3\" ],\r\n  \"columns[2].columnComment\" : [ \"用例标题\" ],\r\n  \"columns[2].javaType\" : [ \"String\" ],\r\n  \"columns[2].javaField\" : [ \"testCaseTitle\" ],\r\n  \"columns[2].isInsert\" : [ \"1\" ],\r\n  \"columns[2].isEdit\" : [ \"1\" ],\r\n  \"columns[2].isList\" : [ \"1\" ],\r\n  \"columns[2].isQuery\" : [ \"1\" ],\r\n  \"columns[2].queryType\" : [ \"EQ\" ],\r\n  \"columns[2].isRequired\" : [ \"1\" ],\r\n  \"columns[2].htmlType\" : [ \"input\" ],\r\n  \"columns[2].dictType\" : [ \"\" ],\r\n  \"columns[3].columnId\" : [ \"49\" ],\r\n  \"columns[3].sort\" : [ \"4\" ],\r\n  \"columns[3].columnComment\" : [ \"用例描述\" ],\r\n  \"columns[3].javaType\" : [ \"String\" ],\r\n  \"columns[3].javaField\" : [ \"description\" ],\r\n  \"columns[3].isInsert\" : [ \"1\" ],\r\n  \"columns[3].isEdit\" : [ \"1\" ],\r\n  \"columns[3].isList\" : [ \"1\" ],\r\n  \"columns[3].isQuery\" : [ \"1\" ],\r\n  \"columns[3].queryType\" : [ \"EQ\" ],\r\n  \"columns[3].isRequired\" : [ \"1\" ],\r\n  \"columns[3].htmlType\" : [ \"textarea\" ],\r\n  \"columns[3].dictType\" : ', '{\r\n  \"msg\" : \"操作成功\",\r\n  \"code\" : 0\r\n}', '0', null, '2019-10-24 10:11:49');
INSERT INTO `sys_oper_log` VALUES ('117', '代码生成', '8', 'com.ruoyi.generator.controller.GenController.genCode()', 'GET', '1', 'admin', '研发部门', '/tool/gen/genCode/testcase', '127.0.0.1', '内网IP', '{ }', 'null', '0', null, '2019-10-24 10:11:53');
INSERT INTO `sys_oper_log` VALUES ('118', '字典类型', '1', 'com.ruoyi.web.controller.system.SysDictTypeController.addSave()', 'POST', '1', 'admin', '研发部门', '/system/dict/add', '127.0.0.1', '内网IP', '{\r\n  \"dictName\" : [ \"用例类型\" ],\r\n  \"dictType\" : [ \"test_testcase_type\" ],\r\n  \"status\" : [ \"0\" ],\r\n  \"remark\" : [ \"测试用例类型，auto：自动化，manual：人工\" ]\r\n}', '{\r\n  \"msg\" : \"操作成功\",\r\n  \"code\" : 0\r\n}', '0', null, '2019-10-24 10:52:59');
INSERT INTO `sys_oper_log` VALUES ('119', '字典数据', '1', 'com.ruoyi.web.controller.system.SysDictDataController.addSave()', 'POST', '1', 'admin', '研发部门', '/system/dict/data/add', '127.0.0.1', '内网IP', '{\r\n  \"dictLabel\" : [ \"AUTO\" ],\r\n  \"dictValue\" : [ \"1\" ],\r\n  \"dictType\" : [ \"test_testcase_type\" ],\r\n  \"cssClass\" : [ \"\" ],\r\n  \"dictSort\" : [ \"1\" ],\r\n  \"listClass\" : [ \"default\" ],\r\n  \"isDefault\" : [ \"Y\" ],\r\n  \"status\" : [ \"0\" ],\r\n  \"remark\" : [ \"自动化用例\" ]\r\n}', '{\r\n  \"msg\" : \"操作成功\",\r\n  \"code\" : 0\r\n}', '0', null, '2019-10-24 10:54:18');
INSERT INTO `sys_oper_log` VALUES ('120', '字典数据', '1', 'com.ruoyi.web.controller.system.SysDictDataController.addSave()', 'POST', '1', 'admin', '研发部门', '/system/dict/data/add', '127.0.0.1', '内网IP', '{\r\n  \"dictLabel\" : [ \"MANUAL\" ],\r\n  \"dictValue\" : [ \"2\" ],\r\n  \"dictType\" : [ \"test_testcase_type\" ],\r\n  \"cssClass\" : [ \"\" ],\r\n  \"dictSort\" : [ \"2\" ],\r\n  \"listClass\" : [ \"primary\" ],\r\n  \"isDefault\" : [ \"Y\" ],\r\n  \"status\" : [ \"0\" ],\r\n  \"remark\" : [ \"人工用例\" ]\r\n}', '{\r\n  \"msg\" : \"操作成功\",\r\n  \"code\" : 0\r\n}', '0', null, '2019-10-24 10:54:42');
INSERT INTO `sys_oper_log` VALUES ('121', '代码生成', '6', 'com.ruoyi.generator.controller.GenController.importTableSave()', 'POST', '1', 'admin', '研发部门', '/tool/gen/importTable', '127.0.0.1', '内网IP', '{\r\n  \"tables\" : [ \"test_result\" ]\r\n}', '{\r\n  \"msg\" : \"操作成功\",\r\n  \"code\" : 0\r\n}', '0', null, '2019-10-31 20:10:00');
INSERT INTO `sys_oper_log` VALUES ('122', '代码生成', '2', 'com.ruoyi.generator.controller.GenController.editSave()', 'POST', '1', 'admin', '研发部门', '/tool/gen/edit', '127.0.0.1', '内网IP', '{\r\n  \"tableId\" : [ \"6\" ],\r\n  \"tableName\" : [ \"test_result\" ],\r\n  \"tableComment\" : [ \"测试计划执行结果表\" ],\r\n  \"className\" : [ \"TestResult\" ],\r\n  \"functionAuthor\" : [ \"zhangsy\" ],\r\n  \"remark\" : [ \"\" ],\r\n  \"columns[0].columnId\" : [ \"55\" ],\r\n  \"columns[0].sort\" : [ \"1\" ],\r\n  \"columns[0].columnComment\" : [ \"null\" ],\r\n  \"columns[0].javaType\" : [ \"Long\" ],\r\n  \"columns[0].javaField\" : [ \"resultId\" ],\r\n  \"columns[0].isInsert\" : [ \"1\" ],\r\n  \"columns[0].queryType\" : [ \"EQ\" ],\r\n  \"columns[0].htmlType\" : [ \"input\" ],\r\n  \"columns[0].dictType\" : [ \"\" ],\r\n  \"columns[1].columnId\" : [ \"56\" ],\r\n  \"columns[1].sort\" : [ \"2\" ],\r\n  \"columns[1].columnComment\" : [ \"null\" ],\r\n  \"columns[1].javaType\" : [ \"Long\" ],\r\n  \"columns[1].javaField\" : [ \"testPlanId\" ],\r\n  \"columns[1].isInsert\" : [ \"1\" ],\r\n  \"columns[1].isEdit\" : [ \"1\" ],\r\n  \"columns[1].isList\" : [ \"1\" ],\r\n  \"columns[1].isQuery\" : [ \"1\" ],\r\n  \"columns[1].queryType\" : [ \"EQ\" ],\r\n  \"columns[1].isRequired\" : [ \"1\" ],\r\n  \"columns[1].htmlType\" : [ \"input\" ],\r\n  \"columns[1].dictType\" : [ \"\" ],\r\n  \"columns[2].columnId\" : [ \"57\" ],\r\n  \"columns[2].sort\" : [ \"3\" ],\r\n  \"columns[2].columnComment\" : [ \"null\" ],\r\n  \"columns[2].javaType\" : [ \"String\" ],\r\n  \"columns[2].javaField\" : [ \"testTitle\" ],\r\n  \"columns[2].isInsert\" : [ \"1\" ],\r\n  \"columns[2].isEdit\" : [ \"1\" ],\r\n  \"columns[2].isList\" : [ \"1\" ],\r\n  \"columns[2].isQuery\" : [ \"1\" ],\r\n  \"columns[2].queryType\" : [ \"EQ\" ],\r\n  \"columns[2].isRequired\" : [ \"1\" ],\r\n  \"columns[2].htmlType\" : [ \"input\" ],\r\n  \"columns[2].dictType\" : [ \"\" ],\r\n  \"columns[3].columnId\" : [ \"58\" ],\r\n  \"columns[3].sort\" : [ \"4\" ],\r\n  \"columns[3].columnComment\" : [ \"null\" ],\r\n  \"columns[3].javaType\" : [ \"String\" ],\r\n  \"columns[3].javaField\" : [ \"testResult\" ],\r\n  \"columns[3].isInsert\" : [ \"1\" ],\r\n  \"columns[3].isEdit\" : [ \"1\" ],\r\n  \"columns[3].isList\" : [ \"1\" ],\r\n  \"columns[3].isQuery\" : [ \"1\" ],\r\n  \"columns[3].queryType\" : [ \"EQ\" ],\r\n  \"columns[3].isRequired\" : [ \"1\" ],\r\n  \"columns[3].htmlType\" : [ \"input\" ],\r\n  \"columns[3].dictType\" : [ \"', '{\r\n  \"msg\" : \"操作成功\",\r\n  \"code\" : 0\r\n}', '0', null, '2019-10-31 20:12:09');
INSERT INTO `sys_oper_log` VALUES ('123', '代码生成', '8', 'com.ruoyi.generator.controller.GenController.genCode()', 'GET', '1', 'admin', '研发部门', '/tool/gen/genCode/test_result', '127.0.0.1', '内网IP', '{ }', 'null', '0', null, '2019-10-31 20:12:14');
INSERT INTO `sys_oper_log` VALUES ('124', '代码生成', '3', 'com.ruoyi.generator.controller.GenController.remove()', 'POST', '1', 'admin', '研发部门', '/tool/gen/remove', '127.0.0.1', '内网IP', '{\r\n  \"ids\" : [ \"6\" ]\r\n}', '{\r\n  \"msg\" : \"操作成功\",\r\n  \"code\" : 0\r\n}', '0', null, '2019-10-31 20:14:49');
INSERT INTO `sys_oper_log` VALUES ('125', '代码生成', '6', 'com.ruoyi.generator.controller.GenController.importTableSave()', 'POST', '1', 'admin', '研发部门', '/tool/gen/importTable', '127.0.0.1', '内网IP', '{\r\n  \"tables\" : [ \"test_result\" ]\r\n}', '{\r\n  \"msg\" : \"操作成功\",\r\n  \"code\" : 0\r\n}', '0', null, '2019-10-31 20:14:54');
INSERT INTO `sys_oper_log` VALUES ('126', '代码生成', '2', 'com.ruoyi.generator.controller.GenController.editSave()', 'POST', '1', 'admin', '研发部门', '/tool/gen/edit', '127.0.0.1', '内网IP', '{\r\n  \"tableId\" : [ \"7\" ],\r\n  \"tableName\" : [ \"test_result\" ],\r\n  \"tableComment\" : [ \"测试计划执行结果表\" ],\r\n  \"className\" : [ \"TestResult\" ],\r\n  \"functionAuthor\" : [ \"zhangsy\" ],\r\n  \"remark\" : [ \"\" ],\r\n  \"columns[0].columnId\" : [ \"70\" ],\r\n  \"columns[0].sort\" : [ \"1\" ],\r\n  \"columns[0].columnComment\" : [ \"null\" ],\r\n  \"columns[0].javaType\" : [ \"Long\" ],\r\n  \"columns[0].javaField\" : [ \"resultId\" ],\r\n  \"columns[0].isInsert\" : [ \"1\" ],\r\n  \"columns[0].queryType\" : [ \"EQ\" ],\r\n  \"columns[0].htmlType\" : [ \"input\" ],\r\n  \"columns[0].dictType\" : [ \"\" ],\r\n  \"columns[1].columnId\" : [ \"71\" ],\r\n  \"columns[1].sort\" : [ \"2\" ],\r\n  \"columns[1].columnComment\" : [ \"null\" ],\r\n  \"columns[1].javaType\" : [ \"Long\" ],\r\n  \"columns[1].javaField\" : [ \"testPlanId\" ],\r\n  \"columns[1].isInsert\" : [ \"1\" ],\r\n  \"columns[1].isEdit\" : [ \"1\" ],\r\n  \"columns[1].isList\" : [ \"1\" ],\r\n  \"columns[1].isQuery\" : [ \"1\" ],\r\n  \"columns[1].queryType\" : [ \"EQ\" ],\r\n  \"columns[1].isRequired\" : [ \"1\" ],\r\n  \"columns[1].htmlType\" : [ \"input\" ],\r\n  \"columns[1].dictType\" : [ \"\" ],\r\n  \"columns[2].columnId\" : [ \"72\" ],\r\n  \"columns[2].sort\" : [ \"3\" ],\r\n  \"columns[2].columnComment\" : [ \"null\" ],\r\n  \"columns[2].javaType\" : [ \"String\" ],\r\n  \"columns[2].javaField\" : [ \"testTitle\" ],\r\n  \"columns[2].isInsert\" : [ \"1\" ],\r\n  \"columns[2].isEdit\" : [ \"1\" ],\r\n  \"columns[2].isList\" : [ \"1\" ],\r\n  \"columns[2].isQuery\" : [ \"1\" ],\r\n  \"columns[2].queryType\" : [ \"EQ\" ],\r\n  \"columns[2].isRequired\" : [ \"1\" ],\r\n  \"columns[2].htmlType\" : [ \"input\" ],\r\n  \"columns[2].dictType\" : [ \"\" ],\r\n  \"columns[3].columnId\" : [ \"73\" ],\r\n  \"columns[3].sort\" : [ \"4\" ],\r\n  \"columns[3].columnComment\" : [ \"null\" ],\r\n  \"columns[3].javaType\" : [ \"String\" ],\r\n  \"columns[3].javaField\" : [ \"testResult\" ],\r\n  \"columns[3].isInsert\" : [ \"1\" ],\r\n  \"columns[3].isEdit\" : [ \"1\" ],\r\n  \"columns[3].isList\" : [ \"1\" ],\r\n  \"columns[3].isQuery\" : [ \"1\" ],\r\n  \"columns[3].queryType\" : [ \"EQ\" ],\r\n  \"columns[3].isRequired\" : [ \"1\" ],\r\n  \"columns[3].htmlType\" : [ \"input\" ],\r\n  \"columns[3].dictType\" : [ \"', '{\r\n  \"msg\" : \"操作成功\",\r\n  \"code\" : 0\r\n}', '0', null, '2019-10-31 20:15:27');
INSERT INTO `sys_oper_log` VALUES ('127', '代码生成', '8', 'com.ruoyi.generator.controller.GenController.genCode()', 'GET', '1', 'admin', '研发部门', '/tool/gen/genCode/test_result', '127.0.0.1', '内网IP', '{ }', 'null', '0', null, '2019-10-31 20:15:30');
INSERT INTO `sys_oper_log` VALUES ('128', '测试用例', '3', 'com.ruoyi.web.controller.test.TestcaseController.remove()', 'POST', '1', 'admin', '研发部门', '/test/testcase/remove', '127.0.0.1', '内网IP', '{\r\n  \"ids\" : [ \"1\" ]\r\n}', '{\r\n  \"msg\" : \"操作成功\",\r\n  \"code\" : 0\r\n}', '0', null, '2019-12-05 12:09:36');
INSERT INTO `sys_oper_log` VALUES ('129', '代码生成', '6', 'com.ruoyi.generator.controller.GenController.importTableSave()', 'POST', '1', 'admin', '研发部门', '/tool/gen/importTable', '127.0.0.1', '内网IP', '{\r\n  \"tables\" : [ \"test_message,test_interface_info\" ]\r\n}', '{\r\n  \"msg\" : \"操作成功\",\r\n  \"code\" : 0\r\n}', '0', null, '2019-12-06 15:05:40');
INSERT INTO `sys_oper_log` VALUES ('130', '代码生成', '2', 'com.ruoyi.generator.controller.GenController.editSave()', 'POST', '1', 'admin', '研发部门', '/tool/gen/edit', '127.0.0.1', '内网IP', '{\r\n  \"tableId\" : [ \"8\" ],\r\n  \"tableName\" : [ \"test_interface_info\" ],\r\n  \"tableComment\" : [ \"接口信息管理\" ],\r\n  \"className\" : [ \"TestInterfaceInfo\" ],\r\n  \"functionAuthor\" : [ \"zhangsy\" ],\r\n  \"remark\" : [ \"接口信息管理\" ],\r\n  \"columns[0].columnId\" : [ \"85\" ],\r\n  \"columns[0].sort\" : [ \"1\" ],\r\n  \"columns[0].columnComment\" : [ \"接口Id\" ],\r\n  \"columns[0].javaType\" : [ \"Long\" ],\r\n  \"columns[0].javaField\" : [ \"interfaceId\" ],\r\n  \"columns[0].isInsert\" : [ \"1\" ],\r\n  \"columns[0].queryType\" : [ \"EQ\" ],\r\n  \"columns[0].htmlType\" : [ \"input\" ],\r\n  \"columns[0].dictType\" : [ \"\" ],\r\n  \"columns[1].columnId\" : [ \"86\" ],\r\n  \"columns[1].sort\" : [ \"2\" ],\r\n  \"columns[1].columnComment\" : [ \"接口英文名称，必须为英文\" ],\r\n  \"columns[1].javaType\" : [ \"String\" ],\r\n  \"columns[1].javaField\" : [ \"interfaceName\" ],\r\n  \"columns[1].isInsert\" : [ \"1\" ],\r\n  \"columns[1].isEdit\" : [ \"1\" ],\r\n  \"columns[1].isList\" : [ \"1\" ],\r\n  \"columns[1].isQuery\" : [ \"1\" ],\r\n  \"columns[1].queryType\" : [ \"LIKE\" ],\r\n  \"columns[1].isRequired\" : [ \"1\" ],\r\n  \"columns[1].htmlType\" : [ \"input\" ],\r\n  \"columns[1].dictType\" : [ \"\" ],\r\n  \"columns[2].columnId\" : [ \"87\" ],\r\n  \"columns[2].sort\" : [ \"3\" ],\r\n  \"columns[2].columnComment\" : [ \"接口中文名称\" ],\r\n  \"columns[2].javaType\" : [ \"String\" ],\r\n  \"columns[2].javaField\" : [ \"interfaceChName\" ],\r\n  \"columns[2].isInsert\" : [ \"1\" ],\r\n  \"columns[2].isEdit\" : [ \"1\" ],\r\n  \"columns[2].isList\" : [ \"1\" ],\r\n  \"columns[2].isQuery\" : [ \"1\" ],\r\n  \"columns[2].queryType\" : [ \"LIKE\" ],\r\n  \"columns[2].htmlType\" : [ \"input\" ],\r\n  \"columns[2].dictType\" : [ \"\" ],\r\n  \"columns[3].columnId\" : [ \"88\" ],\r\n  \"columns[3].sort\" : [ \"4\" ],\r\n  \"columns[3].columnComment\" : [ \"请求路径\" ],\r\n  \"columns[3].javaType\" : [ \"String\" ],\r\n  \"columns[3].javaField\" : [ \"requestUrl\" ],\r\n  \"columns[3].isInsert\" : [ \"1\" ],\r\n  \"columns[3].isEdit\" : [ \"1\" ],\r\n  \"columns[3].isList\" : [ \"1\" ],\r\n  \"columns[3].isQuery\" : [ \"1\" ],\r\n  \"columns[3].queryType\" : [ \"EQ\" ],\r\n  \"columns[3].isRequired\" : [ \"1\" ],\r\n  \"columns[3].htmlType\" : [ \"input\" ],\r\n  \"columns[3].dictTyp', '{\r\n  \"msg\" : \"操作成功\",\r\n  \"code\" : 0\r\n}', '0', null, '2019-12-06 15:08:36');
INSERT INTO `sys_oper_log` VALUES ('131', '代码生成', '2', 'com.ruoyi.generator.controller.GenController.editSave()', 'POST', '1', 'admin', '研发部门', '/tool/gen/edit', '127.0.0.1', '内网IP', '{\r\n  \"tableId\" : [ \"8\" ],\r\n  \"tableName\" : [ \"test_interface_info\" ],\r\n  \"tableComment\" : [ \"接口信息管理\" ],\r\n  \"className\" : [ \"TestInterfaceInfo\" ],\r\n  \"functionAuthor\" : [ \"zhangsy\" ],\r\n  \"remark\" : [ \"\" ],\r\n  \"columns[0].columnId\" : [ \"85\" ],\r\n  \"columns[0].sort\" : [ \"1\" ],\r\n  \"columns[0].columnComment\" : [ \"接口Id\" ],\r\n  \"columns[0].javaType\" : [ \"Long\" ],\r\n  \"columns[0].javaField\" : [ \"interfaceId\" ],\r\n  \"columns[0].isInsert\" : [ \"1\" ],\r\n  \"columns[0].queryType\" : [ \"EQ\" ],\r\n  \"columns[0].htmlType\" : [ \"input\" ],\r\n  \"columns[0].dictType\" : [ \"\" ],\r\n  \"columns[1].columnId\" : [ \"86\" ],\r\n  \"columns[1].sort\" : [ \"2\" ],\r\n  \"columns[1].columnComment\" : [ \"接口英文名称，必须为英文\" ],\r\n  \"columns[1].javaType\" : [ \"String\" ],\r\n  \"columns[1].javaField\" : [ \"interfaceName\" ],\r\n  \"columns[1].isInsert\" : [ \"1\" ],\r\n  \"columns[1].isEdit\" : [ \"1\" ],\r\n  \"columns[1].isList\" : [ \"1\" ],\r\n  \"columns[1].isQuery\" : [ \"1\" ],\r\n  \"columns[1].queryType\" : [ \"LIKE\" ],\r\n  \"columns[1].isRequired\" : [ \"1\" ],\r\n  \"columns[1].htmlType\" : [ \"input\" ],\r\n  \"columns[1].dictType\" : [ \"\" ],\r\n  \"columns[2].columnId\" : [ \"87\" ],\r\n  \"columns[2].sort\" : [ \"3\" ],\r\n  \"columns[2].columnComment\" : [ \"接口中文名称\" ],\r\n  \"columns[2].javaType\" : [ \"String\" ],\r\n  \"columns[2].javaField\" : [ \"interfaceChName\" ],\r\n  \"columns[2].isInsert\" : [ \"1\" ],\r\n  \"columns[2].isEdit\" : [ \"1\" ],\r\n  \"columns[2].isList\" : [ \"1\" ],\r\n  \"columns[2].isQuery\" : [ \"1\" ],\r\n  \"columns[2].queryType\" : [ \"LIKE\" ],\r\n  \"columns[2].htmlType\" : [ \"input\" ],\r\n  \"columns[2].dictType\" : [ \"\" ],\r\n  \"columns[3].columnId\" : [ \"88\" ],\r\n  \"columns[3].sort\" : [ \"4\" ],\r\n  \"columns[3].columnComment\" : [ \"请求路径\" ],\r\n  \"columns[3].javaType\" : [ \"String\" ],\r\n  \"columns[3].javaField\" : [ \"requestUrl\" ],\r\n  \"columns[3].isInsert\" : [ \"1\" ],\r\n  \"columns[3].isEdit\" : [ \"1\" ],\r\n  \"columns[3].isList\" : [ \"1\" ],\r\n  \"columns[3].isQuery\" : [ \"1\" ],\r\n  \"columns[3].queryType\" : [ \"EQ\" ],\r\n  \"columns[3].isRequired\" : [ \"1\" ],\r\n  \"columns[3].htmlType\" : [ \"input\" ],\r\n  \"columns[3].dictType\" : [', '{\r\n  \"msg\" : \"操作成功\",\r\n  \"code\" : 0\r\n}', '0', null, '2019-12-06 15:10:37');
INSERT INTO `sys_oper_log` VALUES ('132', '代码生成', '2', 'com.ruoyi.generator.controller.GenController.editSave()', 'POST', '1', 'admin', '研发部门', '/tool/gen/edit', '127.0.0.1', '内网IP', '{\r\n  \"tableId\" : [ \"8\" ],\r\n  \"tableName\" : [ \"test_interface_info\" ],\r\n  \"tableComment\" : [ \"接口信息管理\" ],\r\n  \"className\" : [ \"TestInterfaceInfo\" ],\r\n  \"functionAuthor\" : [ \"zhangsy\" ],\r\n  \"remark\" : [ \"\" ],\r\n  \"columns[0].columnId\" : [ \"85\" ],\r\n  \"columns[0].sort\" : [ \"1\" ],\r\n  \"columns[0].columnComment\" : [ \"接口Id\" ],\r\n  \"columns[0].javaType\" : [ \"Long\" ],\r\n  \"columns[0].javaField\" : [ \"interfaceId\" ],\r\n  \"columns[0].isInsert\" : [ \"1\" ],\r\n  \"columns[0].queryType\" : [ \"EQ\" ],\r\n  \"columns[0].htmlType\" : [ \"input\" ],\r\n  \"columns[0].dictType\" : [ \"\" ],\r\n  \"columns[1].columnId\" : [ \"86\" ],\r\n  \"columns[1].sort\" : [ \"2\" ],\r\n  \"columns[1].columnComment\" : [ \"接口英文名称，必须为英文\" ],\r\n  \"columns[1].javaType\" : [ \"String\" ],\r\n  \"columns[1].javaField\" : [ \"interfaceName\" ],\r\n  \"columns[1].isInsert\" : [ \"1\" ],\r\n  \"columns[1].isEdit\" : [ \"1\" ],\r\n  \"columns[1].isList\" : [ \"1\" ],\r\n  \"columns[1].isQuery\" : [ \"1\" ],\r\n  \"columns[1].queryType\" : [ \"LIKE\" ],\r\n  \"columns[1].isRequired\" : [ \"1\" ],\r\n  \"columns[1].htmlType\" : [ \"input\" ],\r\n  \"columns[1].dictType\" : [ \"\" ],\r\n  \"columns[2].columnId\" : [ \"87\" ],\r\n  \"columns[2].sort\" : [ \"3\" ],\r\n  \"columns[2].columnComment\" : [ \"接口中文名称\" ],\r\n  \"columns[2].javaType\" : [ \"String\" ],\r\n  \"columns[2].javaField\" : [ \"interfaceChName\" ],\r\n  \"columns[2].isInsert\" : [ \"1\" ],\r\n  \"columns[2].isEdit\" : [ \"1\" ],\r\n  \"columns[2].isList\" : [ \"1\" ],\r\n  \"columns[2].isQuery\" : [ \"1\" ],\r\n  \"columns[2].queryType\" : [ \"LIKE\" ],\r\n  \"columns[2].htmlType\" : [ \"input\" ],\r\n  \"columns[2].dictType\" : [ \"\" ],\r\n  \"columns[3].columnId\" : [ \"88\" ],\r\n  \"columns[3].sort\" : [ \"4\" ],\r\n  \"columns[3].columnComment\" : [ \"请求路径\" ],\r\n  \"columns[3].javaType\" : [ \"String\" ],\r\n  \"columns[3].javaField\" : [ \"requestUrl\" ],\r\n  \"columns[3].isInsert\" : [ \"1\" ],\r\n  \"columns[3].isEdit\" : [ \"1\" ],\r\n  \"columns[3].isList\" : [ \"1\" ],\r\n  \"columns[3].isQuery\" : [ \"1\" ],\r\n  \"columns[3].queryType\" : [ \"EQ\" ],\r\n  \"columns[3].isRequired\" : [ \"1\" ],\r\n  \"columns[3].htmlType\" : [ \"input\" ],\r\n  \"columns[3].dictType\" : [', '{\r\n  \"msg\" : \"操作成功\",\r\n  \"code\" : 0\r\n}', '0', null, '2019-12-06 15:13:00');
INSERT INTO `sys_oper_log` VALUES ('133', '代码生成', '3', 'com.ruoyi.generator.controller.GenController.remove()', 'POST', '1', 'admin', '研发部门', '/tool/gen/remove', '127.0.0.1', '内网IP', '{\r\n  \"ids\" : [ \"7\" ]\r\n}', '{\r\n  \"msg\" : \"操作成功\",\r\n  \"code\" : 0\r\n}', '0', null, '2019-12-06 15:13:09');
INSERT INTO `sys_oper_log` VALUES ('134', '代码生成', '2', 'com.ruoyi.generator.controller.GenController.editSave()', 'POST', '1', 'admin', '研发部门', '/tool/gen/edit', '127.0.0.1', '内网IP', '{\r\n  \"tableId\" : [ \"8\" ],\r\n  \"tableName\" : [ \"test_interface_info\" ],\r\n  \"tableComment\" : [ \"接口信息管理表\" ],\r\n  \"className\" : [ \"TestInterfaceInfo\" ],\r\n  \"functionAuthor\" : [ \"zhangsy\" ],\r\n  \"remark\" : [ \"\" ],\r\n  \"columns[0].columnId\" : [ \"85\" ],\r\n  \"columns[0].sort\" : [ \"1\" ],\r\n  \"columns[0].columnComment\" : [ \"接口Id\" ],\r\n  \"columns[0].javaType\" : [ \"Long\" ],\r\n  \"columns[0].javaField\" : [ \"interfaceId\" ],\r\n  \"columns[0].isInsert\" : [ \"1\" ],\r\n  \"columns[0].queryType\" : [ \"EQ\" ],\r\n  \"columns[0].htmlType\" : [ \"input\" ],\r\n  \"columns[0].dictType\" : [ \"\" ],\r\n  \"columns[1].columnId\" : [ \"86\" ],\r\n  \"columns[1].sort\" : [ \"2\" ],\r\n  \"columns[1].columnComment\" : [ \"接口英文名称，必须为英文\" ],\r\n  \"columns[1].javaType\" : [ \"String\" ],\r\n  \"columns[1].javaField\" : [ \"interfaceName\" ],\r\n  \"columns[1].isInsert\" : [ \"1\" ],\r\n  \"columns[1].isEdit\" : [ \"1\" ],\r\n  \"columns[1].isList\" : [ \"1\" ],\r\n  \"columns[1].isQuery\" : [ \"1\" ],\r\n  \"columns[1].queryType\" : [ \"LIKE\" ],\r\n  \"columns[1].isRequired\" : [ \"1\" ],\r\n  \"columns[1].htmlType\" : [ \"input\" ],\r\n  \"columns[1].dictType\" : [ \"\" ],\r\n  \"columns[2].columnId\" : [ \"87\" ],\r\n  \"columns[2].sort\" : [ \"3\" ],\r\n  \"columns[2].columnComment\" : [ \"接口中文名称\" ],\r\n  \"columns[2].javaType\" : [ \"String\" ],\r\n  \"columns[2].javaField\" : [ \"interfaceChName\" ],\r\n  \"columns[2].isInsert\" : [ \"1\" ],\r\n  \"columns[2].isEdit\" : [ \"1\" ],\r\n  \"columns[2].isList\" : [ \"1\" ],\r\n  \"columns[2].isQuery\" : [ \"1\" ],\r\n  \"columns[2].queryType\" : [ \"LIKE\" ],\r\n  \"columns[2].htmlType\" : [ \"input\" ],\r\n  \"columns[2].dictType\" : [ \"\" ],\r\n  \"columns[3].columnId\" : [ \"88\" ],\r\n  \"columns[3].sort\" : [ \"4\" ],\r\n  \"columns[3].columnComment\" : [ \"请求路径\" ],\r\n  \"columns[3].javaType\" : [ \"String\" ],\r\n  \"columns[3].javaField\" : [ \"requestUrl\" ],\r\n  \"columns[3].isInsert\" : [ \"1\" ],\r\n  \"columns[3].isEdit\" : [ \"1\" ],\r\n  \"columns[3].isList\" : [ \"1\" ],\r\n  \"columns[3].isQuery\" : [ \"1\" ],\r\n  \"columns[3].queryType\" : [ \"EQ\" ],\r\n  \"columns[3].isRequired\" : [ \"1\" ],\r\n  \"columns[3].htmlType\" : [ \"input\" ],\r\n  \"columns[3].dictType\" : ', '{\r\n  \"msg\" : \"操作成功\",\r\n  \"code\" : 0\r\n}', '0', null, '2019-12-06 15:13:48');
INSERT INTO `sys_oper_log` VALUES ('135', '代码生成', '8', 'com.ruoyi.generator.controller.GenController.genCode()', 'GET', '1', 'admin', '研发部门', '/tool/gen/genCode/test_interface_info', '127.0.0.1', '内网IP', '{ }', 'null', '0', null, '2019-12-06 15:14:23');
INSERT INTO `sys_oper_log` VALUES ('136', '菜单管理', '2', 'com.ruoyi.web.controller.system.SysMenuController.editSave()', 'POST', '1', 'admin', null, '/system/menu/edit', '127.0.0.1', '内网IP', '{\r\n  \"menuId\" : [ \"2008\" ],\r\n  \"parentId\" : [ \"2000\" ],\r\n  \"menuType\" : [ \"C\" ],\r\n  \"menuName\" : [ \"测试用例\" ],\r\n  \"url\" : [ \"/test/testcase\" ],\r\n  \"target\" : [ \"menuItem\" ],\r\n  \"perms\" : [ \"test:testcase:view\" ],\r\n  \"orderNum\" : [ \"1\" ],\r\n  \"icon\" : [ \"#\" ],\r\n  \"visible\" : [ \"1\" ]\r\n}', '{\r\n  \"msg\" : \"操作成功\",\r\n  \"code\" : 0\r\n}', '0', null, '2019-12-06 15:42:06');
INSERT INTO `sys_oper_log` VALUES ('137', '菜单管理', '2', 'com.ruoyi.web.controller.system.SysMenuController.editSave()', 'POST', '1', 'admin', null, '/system/menu/edit', '127.0.0.1', '内网IP', '{\r\n  \"menuId\" : [ \"2008\" ],\r\n  \"parentId\" : [ \"2000\" ],\r\n  \"menuType\" : [ \"C\" ],\r\n  \"menuName\" : [ \"测试用例\" ],\r\n  \"url\" : [ \"/test/testcase\" ],\r\n  \"target\" : [ \"menuItem\" ],\r\n  \"perms\" : [ \"test:testcase:view\" ],\r\n  \"orderNum\" : [ \"1\" ],\r\n  \"icon\" : [ \"#\" ],\r\n  \"visible\" : [ \"0\" ]\r\n}', '{\r\n  \"msg\" : \"操作成功\",\r\n  \"code\" : 0\r\n}', '0', null, '2019-12-06 15:42:22');
INSERT INTO `sys_oper_log` VALUES ('138', '字典类型', '1', 'com.ruoyi.web.controller.system.SysDictTypeController.addSave()', 'POST', '1', 'admin', null, '/system/dict/add', '127.0.0.1', '内网IP', '{\r\n  \"dictName\" : [ \"接口类型\" ],\r\n  \"dictType\" : [ \"test_interface_type\" ],\r\n  \"status\" : [ \"0\" ],\r\n  \"remark\" : [ \"接口分类（收、付、退、鉴权等）\" ]\r\n}', '{\r\n  \"msg\" : \"操作成功\",\r\n  \"code\" : 0\r\n}', '0', null, '2019-12-06 15:45:01');
INSERT INTO `sys_oper_log` VALUES ('139', '字典数据', '1', 'com.ruoyi.web.controller.system.SysDictDataController.addSave()', 'POST', '1', 'admin', '研发部门', '/system/dict/data/add', '127.0.0.1', '内网IP', '{\r\n  \"dictLabel\" : [ \"收款\" ],\r\n  \"dictValue\" : [ \"1\" ],\r\n  \"dictType\" : [ \"test_interface_type\" ],\r\n  \"cssClass\" : [ \"\" ],\r\n  \"dictSort\" : [ \"1\" ],\r\n  \"listClass\" : [ \"default\" ],\r\n  \"isDefault\" : [ \"Y\" ],\r\n  \"status\" : [ \"0\" ],\r\n  \"remark\" : [ \"收款\" ]\r\n}', '{\r\n  \"msg\" : \"操作成功\",\r\n  \"code\" : 0\r\n}', '0', null, '2019-12-06 15:46:46');
INSERT INTO `sys_oper_log` VALUES ('140', '字典数据', '1', 'com.ruoyi.web.controller.system.SysDictDataController.addSave()', 'POST', '1', 'admin', '研发部门', '/system/dict/data/add', '127.0.0.1', '内网IP', '{\r\n  \"dictLabel\" : [ \"付款\" ],\r\n  \"dictValue\" : [ \"2\" ],\r\n  \"dictType\" : [ \"test_interface_type\" ],\r\n  \"cssClass\" : [ \"\" ],\r\n  \"dictSort\" : [ \"2\" ],\r\n  \"listClass\" : [ \"primary\" ],\r\n  \"isDefault\" : [ \"Y\" ],\r\n  \"status\" : [ \"0\" ],\r\n  \"remark\" : [ \"付款\" ]\r\n}', '{\r\n  \"msg\" : \"操作成功\",\r\n  \"code\" : 0\r\n}', '0', null, '2019-12-06 15:47:07');
INSERT INTO `sys_oper_log` VALUES ('141', '字典数据', '1', 'com.ruoyi.web.controller.system.SysDictDataController.addSave()', 'POST', '1', 'admin', '研发部门', '/system/dict/data/add', '127.0.0.1', '内网IP', '{\r\n  \"dictLabel\" : [ \"退款\" ],\r\n  \"dictValue\" : [ \"3\" ],\r\n  \"dictType\" : [ \"test_interface_type\" ],\r\n  \"cssClass\" : [ \"\" ],\r\n  \"dictSort\" : [ \"3\" ],\r\n  \"listClass\" : [ \"success\" ],\r\n  \"isDefault\" : [ \"Y\" ],\r\n  \"status\" : [ \"0\" ],\r\n  \"remark\" : [ \"退款\" ]\r\n}', '{\r\n  \"msg\" : \"操作成功\",\r\n  \"code\" : 0\r\n}', '0', null, '2019-12-06 15:47:24');
INSERT INTO `sys_oper_log` VALUES ('142', '字典数据', '1', 'com.ruoyi.web.controller.system.SysDictDataController.addSave()', 'POST', '1', 'admin', '研发部门', '/system/dict/data/add', '127.0.0.1', '内网IP', '{\r\n  \"dictLabel\" : [ \"签约\" ],\r\n  \"dictValue\" : [ \"4\" ],\r\n  \"dictType\" : [ \"test_interface_type\" ],\r\n  \"cssClass\" : [ \"\" ],\r\n  \"dictSort\" : [ \"4\" ],\r\n  \"listClass\" : [ \"info\" ],\r\n  \"isDefault\" : [ \"Y\" ],\r\n  \"status\" : [ \"0\" ],\r\n  \"remark\" : [ \"签约\" ]\r\n}', '{\r\n  \"msg\" : \"操作成功\",\r\n  \"code\" : 0\r\n}', '0', null, '2019-12-06 15:47:41');
INSERT INTO `sys_oper_log` VALUES ('143', '字典数据', '1', 'com.ruoyi.web.controller.system.SysDictDataController.addSave()', 'POST', '1', 'admin', '研发部门', '/system/dict/data/add', '127.0.0.1', '内网IP', '{\r\n  \"dictLabel\" : [ \"鉴权\" ],\r\n  \"dictValue\" : [ \"5\" ],\r\n  \"dictType\" : [ \"test_interface_type\" ],\r\n  \"cssClass\" : [ \"\" ],\r\n  \"dictSort\" : [ \"5\" ],\r\n  \"listClass\" : [ \"warning\" ],\r\n  \"isDefault\" : [ \"Y\" ],\r\n  \"status\" : [ \"0\" ],\r\n  \"remark\" : [ \"鉴权\" ]\r\n}', '{\r\n  \"msg\" : \"操作成功\",\r\n  \"code\" : 0\r\n}', '0', null, '2019-12-06 15:48:00');
INSERT INTO `sys_oper_log` VALUES ('144', '字典数据', '1', 'com.ruoyi.web.controller.system.SysDictDataController.addSave()', 'POST', '1', 'admin', '研发部门', '/system/dict/data/add', '127.0.0.1', '内网IP', '{\r\n  \"dictLabel\" : [ \"开户\" ],\r\n  \"dictValue\" : [ \"6\" ],\r\n  \"dictType\" : [ \"test_interface_type\" ],\r\n  \"cssClass\" : [ \"\" ],\r\n  \"dictSort\" : [ \"6\" ],\r\n  \"listClass\" : [ \"danger\" ],\r\n  \"isDefault\" : [ \"Y\" ],\r\n  \"status\" : [ \"0\" ],\r\n  \"remark\" : [ \"开户\" ]\r\n}', '{\r\n  \"msg\" : \"操作成功\",\r\n  \"code\" : 0\r\n}', '0', null, '2019-12-06 15:48:13');
INSERT INTO `sys_oper_log` VALUES ('145', '字典类型', '1', 'com.ruoyi.web.controller.system.SysDictTypeController.addSave()', 'POST', '1', 'admin', '研发部门', '/system/dict/add', '127.0.0.1', '内网IP', '{\r\n  \"dictName\" : [ \"协议类型\" ],\r\n  \"dictType\" : [ \"test_interface_protocol\" ],\r\n  \"status\" : [ \"0\" ],\r\n  \"remark\" : [ \"接口协议（http、https、dubbo）\" ]\r\n}', '{\r\n  \"msg\" : \"操作成功\",\r\n  \"code\" : 0\r\n}', '0', null, '2019-12-06 15:52:43');
INSERT INTO `sys_oper_log` VALUES ('146', '字典数据', '1', 'com.ruoyi.web.controller.system.SysDictDataController.addSave()', 'POST', '1', 'admin', '研发部门', '/system/dict/data/add', '127.0.0.1', '内网IP', '{\r\n  \"dictLabel\" : [ \"http\" ],\r\n  \"dictValue\" : [ \"1\" ],\r\n  \"dictType\" : [ \"test_interface_protocol\" ],\r\n  \"cssClass\" : [ \"\" ],\r\n  \"dictSort\" : [ \"1\" ],\r\n  \"listClass\" : [ \"default\" ],\r\n  \"isDefault\" : [ \"Y\" ],\r\n  \"status\" : [ \"0\" ],\r\n  \"remark\" : [ \"\" ]\r\n}', '{\r\n  \"msg\" : \"操作成功\",\r\n  \"code\" : 0\r\n}', '0', null, '2019-12-06 15:57:12');
INSERT INTO `sys_oper_log` VALUES ('147', '字典数据', '1', 'com.ruoyi.web.controller.system.SysDictDataController.addSave()', 'POST', '1', 'admin', '研发部门', '/system/dict/data/add', '127.0.0.1', '内网IP', '{\r\n  \"dictLabel\" : [ \"https\" ],\r\n  \"dictValue\" : [ \"2\" ],\r\n  \"dictType\" : [ \"test_interface_protocol\" ],\r\n  \"cssClass\" : [ \"\" ],\r\n  \"dictSort\" : [ \"2\" ],\r\n  \"listClass\" : [ \"primary\" ],\r\n  \"isDefault\" : [ \"Y\" ],\r\n  \"status\" : [ \"0\" ],\r\n  \"remark\" : [ \"\" ]\r\n}', '{\r\n  \"msg\" : \"操作成功\",\r\n  \"code\" : 0\r\n}', '0', null, '2019-12-06 15:57:23');
INSERT INTO `sys_oper_log` VALUES ('148', '字典数据', '1', 'com.ruoyi.web.controller.system.SysDictDataController.addSave()', 'POST', '1', 'admin', '研发部门', '/system/dict/data/add', '127.0.0.1', '内网IP', '{\r\n  \"dictLabel\" : [ \"dubbo\" ],\r\n  \"dictValue\" : [ \"3\" ],\r\n  \"dictType\" : [ \"test_interface_protocol\" ],\r\n  \"cssClass\" : [ \"\" ],\r\n  \"dictSort\" : [ \"3\" ],\r\n  \"listClass\" : [ \"success\" ],\r\n  \"isDefault\" : [ \"Y\" ],\r\n  \"status\" : [ \"0\" ],\r\n  \"remark\" : [ \"\" ]\r\n}', '{\r\n  \"msg\" : \"操作成功\",\r\n  \"code\" : 0\r\n}', '0', null, '2019-12-06 15:57:36');
INSERT INTO `sys_oper_log` VALUES ('149', '字典类型', '1', 'com.ruoyi.web.controller.system.SysDictTypeController.addSave()', 'POST', '1', 'admin', '研发部门', '/system/dict/add', '127.0.0.1', '内网IP', '{\r\n  \"dictName\" : [ \"请求类型\" ],\r\n  \"dictType\" : [ \"test_request_type\" ],\r\n  \"status\" : [ \"0\" ],\r\n  \"remark\" : [ \"请求类型（协议http(s)时，为post、get等）\" ]\r\n}', '{\r\n  \"msg\" : \"操作成功\",\r\n  \"code\" : 0\r\n}', '0', null, '2019-12-06 15:58:48');
INSERT INTO `sys_oper_log` VALUES ('150', '字典数据', '1', 'com.ruoyi.web.controller.system.SysDictDataController.addSave()', 'POST', '1', 'admin', '研发部门', '/system/dict/data/add', '127.0.0.1', '内网IP', '{\r\n  \"dictLabel\" : [ \"post\" ],\r\n  \"dictValue\" : [ \"1\" ],\r\n  \"dictType\" : [ \"test_request_type\" ],\r\n  \"cssClass\" : [ \"\" ],\r\n  \"dictSort\" : [ \"1\" ],\r\n  \"listClass\" : [ \"default\" ],\r\n  \"isDefault\" : [ \"Y\" ],\r\n  \"status\" : [ \"0\" ],\r\n  \"remark\" : [ \"\" ]\r\n}', '{\r\n  \"msg\" : \"操作成功\",\r\n  \"code\" : 0\r\n}', '0', null, '2019-12-06 15:59:04');
INSERT INTO `sys_oper_log` VALUES ('151', '字典数据', '1', 'com.ruoyi.web.controller.system.SysDictDataController.addSave()', 'POST', '1', 'admin', '研发部门', '/system/dict/data/add', '127.0.0.1', '内网IP', '{\r\n  \"dictLabel\" : [ \"get\" ],\r\n  \"dictValue\" : [ \"2\" ],\r\n  \"dictType\" : [ \"test_request_type\" ],\r\n  \"cssClass\" : [ \"\" ],\r\n  \"dictSort\" : [ \"2\" ],\r\n  \"listClass\" : [ \"primary\" ],\r\n  \"isDefault\" : [ \"Y\" ],\r\n  \"status\" : [ \"0\" ],\r\n  \"remark\" : [ \"\" ]\r\n}', '{\r\n  \"msg\" : \"操作成功\",\r\n  \"code\" : 0\r\n}', '0', null, '2019-12-06 15:59:13');
INSERT INTO `sys_oper_log` VALUES ('152', '字典类型', '1', 'com.ruoyi.web.controller.system.SysDictTypeController.addSave()', 'POST', '1', 'admin', '研发部门', '/system/dict/add', '127.0.0.1', '内网IP', '{\r\n  \"dictName\" : [ \"状态\" ],\r\n  \"dictType\" : [ \"status\" ],\r\n  \"status\" : [ \"0\" ],\r\n  \"remark\" : [ \"（1：正常；2：禁用）\" ]\r\n}', '{\r\n  \"msg\" : \"操作成功\",\r\n  \"code\" : 0\r\n}', '0', null, '2019-12-06 16:00:01');
INSERT INTO `sys_oper_log` VALUES ('153', '字典数据', '1', 'com.ruoyi.web.controller.system.SysDictDataController.addSave()', 'POST', '1', 'admin', '研发部门', '/system/dict/data/add', '127.0.0.1', '内网IP', '{\r\n  \"dictLabel\" : [ \"正常\" ],\r\n  \"dictValue\" : [ \"1\" ],\r\n  \"dictType\" : [ \"status\" ],\r\n  \"cssClass\" : [ \"\" ],\r\n  \"dictSort\" : [ \"1\" ],\r\n  \"listClass\" : [ \"default\" ],\r\n  \"isDefault\" : [ \"Y\" ],\r\n  \"status\" : [ \"0\" ],\r\n  \"remark\" : [ \"\" ]\r\n}', '{\r\n  \"msg\" : \"操作成功\",\r\n  \"code\" : 0\r\n}', '0', null, '2019-12-06 16:00:25');
INSERT INTO `sys_oper_log` VALUES ('154', '字典数据', '1', 'com.ruoyi.web.controller.system.SysDictDataController.addSave()', 'POST', '1', 'admin', '研发部门', '/system/dict/data/add', '127.0.0.1', '内网IP', '{\r\n  \"dictLabel\" : [ \"禁用\" ],\r\n  \"dictValue\" : [ \"2\" ],\r\n  \"dictType\" : [ \"status\" ],\r\n  \"cssClass\" : [ \"\" ],\r\n  \"dictSort\" : [ \"2\" ],\r\n  \"listClass\" : [ \"danger\" ],\r\n  \"isDefault\" : [ \"Y\" ],\r\n  \"status\" : [ \"0\" ],\r\n  \"remark\" : [ \"\" ]\r\n}', '{\r\n  \"msg\" : \"操作成功\",\r\n  \"code\" : 0\r\n}', '0', null, '2019-12-06 16:00:38');
INSERT INTO `sys_oper_log` VALUES ('155', '代码生成', '2', 'com.ruoyi.generator.controller.GenController.editSave()', 'POST', '1', 'admin', '研发部门', '/tool/gen/edit', '127.0.0.1', '内网IP', '{\r\n  \"tableId\" : [ \"8\" ],\r\n  \"tableName\" : [ \"test_interface_info\" ],\r\n  \"tableComment\" : [ \"接口信息管理表\" ],\r\n  \"className\" : [ \"TestInterfaceInfo\" ],\r\n  \"functionAuthor\" : [ \"zhangsy\" ],\r\n  \"remark\" : [ \"\" ],\r\n  \"columns[0].columnId\" : [ \"85\" ],\r\n  \"columns[0].sort\" : [ \"1\" ],\r\n  \"columns[0].columnComment\" : [ \"接口Id\" ],\r\n  \"columns[0].javaType\" : [ \"Long\" ],\r\n  \"columns[0].javaField\" : [ \"interfaceId\" ],\r\n  \"columns[0].isInsert\" : [ \"1\" ],\r\n  \"columns[0].queryType\" : [ \"EQ\" ],\r\n  \"columns[0].htmlType\" : [ \"input\" ],\r\n  \"columns[0].dictType\" : [ \"\" ],\r\n  \"columns[1].columnId\" : [ \"86\" ],\r\n  \"columns[1].sort\" : [ \"2\" ],\r\n  \"columns[1].columnComment\" : [ \"接口英文名称，必须为英文\" ],\r\n  \"columns[1].javaType\" : [ \"String\" ],\r\n  \"columns[1].javaField\" : [ \"interfaceName\" ],\r\n  \"columns[1].isInsert\" : [ \"1\" ],\r\n  \"columns[1].isEdit\" : [ \"1\" ],\r\n  \"columns[1].isList\" : [ \"1\" ],\r\n  \"columns[1].isQuery\" : [ \"1\" ],\r\n  \"columns[1].queryType\" : [ \"LIKE\" ],\r\n  \"columns[1].isRequired\" : [ \"1\" ],\r\n  \"columns[1].htmlType\" : [ \"input\" ],\r\n  \"columns[1].dictType\" : [ \"\" ],\r\n  \"columns[2].columnId\" : [ \"87\" ],\r\n  \"columns[2].sort\" : [ \"3\" ],\r\n  \"columns[2].columnComment\" : [ \"接口中文名称\" ],\r\n  \"columns[2].javaType\" : [ \"String\" ],\r\n  \"columns[2].javaField\" : [ \"interfaceChName\" ],\r\n  \"columns[2].isInsert\" : [ \"1\" ],\r\n  \"columns[2].isEdit\" : [ \"1\" ],\r\n  \"columns[2].isList\" : [ \"1\" ],\r\n  \"columns[2].isQuery\" : [ \"1\" ],\r\n  \"columns[2].queryType\" : [ \"LIKE\" ],\r\n  \"columns[2].isRequired\" : [ \"1\" ],\r\n  \"columns[2].htmlType\" : [ \"input\" ],\r\n  \"columns[2].dictType\" : [ \"\" ],\r\n  \"columns[3].columnId\" : [ \"88\" ],\r\n  \"columns[3].sort\" : [ \"4\" ],\r\n  \"columns[3].columnComment\" : [ \"请求路径\" ],\r\n  \"columns[3].javaType\" : [ \"String\" ],\r\n  \"columns[3].javaField\" : [ \"requestUrl\" ],\r\n  \"columns[3].isInsert\" : [ \"1\" ],\r\n  \"columns[3].isEdit\" : [ \"1\" ],\r\n  \"columns[3].isList\" : [ \"1\" ],\r\n  \"columns[3].isQuery\" : [ \"1\" ],\r\n  \"columns[3].queryType\" : [ \"EQ\" ],\r\n  \"columns[3].isRequired\" : [ \"1\" ],\r\n  \"columns[3].htmlType\" : [ ', '{\r\n  \"msg\" : \"操作成功\",\r\n  \"code\" : 0\r\n}', '0', null, '2019-12-06 16:03:47');
INSERT INTO `sys_oper_log` VALUES ('156', '代码生成', '2', 'com.ruoyi.generator.controller.GenController.editSave()', 'POST', '1', 'admin', '研发部门', '/tool/gen/edit', '127.0.0.1', '内网IP', '{\r\n  \"tableId\" : [ \"8\" ],\r\n  \"tableName\" : [ \"test_interface_info\" ],\r\n  \"tableComment\" : [ \"接口信息管理表\" ],\r\n  \"className\" : [ \"TestInterfaceInfo\" ],\r\n  \"functionAuthor\" : [ \"zhangsy\" ],\r\n  \"remark\" : [ \"\" ],\r\n  \"columns[0].columnId\" : [ \"85\" ],\r\n  \"columns[0].sort\" : [ \"1\" ],\r\n  \"columns[0].columnComment\" : [ \"接口Id\" ],\r\n  \"columns[0].javaType\" : [ \"Long\" ],\r\n  \"columns[0].javaField\" : [ \"interfaceId\" ],\r\n  \"columns[0].isInsert\" : [ \"1\" ],\r\n  \"columns[0].queryType\" : [ \"EQ\" ],\r\n  \"columns[0].htmlType\" : [ \"input\" ],\r\n  \"columns[0].dictType\" : [ \"\" ],\r\n  \"columns[1].columnId\" : [ \"86\" ],\r\n  \"columns[1].sort\" : [ \"2\" ],\r\n  \"columns[1].columnComment\" : [ \"接口英文名称，必须为英文\" ],\r\n  \"columns[1].javaType\" : [ \"String\" ],\r\n  \"columns[1].javaField\" : [ \"interfaceName\" ],\r\n  \"columns[1].isInsert\" : [ \"1\" ],\r\n  \"columns[1].isEdit\" : [ \"1\" ],\r\n  \"columns[1].isList\" : [ \"1\" ],\r\n  \"columns[1].isQuery\" : [ \"1\" ],\r\n  \"columns[1].queryType\" : [ \"LIKE\" ],\r\n  \"columns[1].isRequired\" : [ \"1\" ],\r\n  \"columns[1].htmlType\" : [ \"input\" ],\r\n  \"columns[1].dictType\" : [ \"\" ],\r\n  \"columns[2].columnId\" : [ \"87\" ],\r\n  \"columns[2].sort\" : [ \"3\" ],\r\n  \"columns[2].columnComment\" : [ \"接口中文名称\" ],\r\n  \"columns[2].javaType\" : [ \"String\" ],\r\n  \"columns[2].javaField\" : [ \"interfaceChName\" ],\r\n  \"columns[2].isInsert\" : [ \"1\" ],\r\n  \"columns[2].isEdit\" : [ \"1\" ],\r\n  \"columns[2].isList\" : [ \"1\" ],\r\n  \"columns[2].isQuery\" : [ \"1\" ],\r\n  \"columns[2].queryType\" : [ \"LIKE\" ],\r\n  \"columns[2].isRequired\" : [ \"1\" ],\r\n  \"columns[2].htmlType\" : [ \"input\" ],\r\n  \"columns[2].dictType\" : [ \"\" ],\r\n  \"columns[3].columnId\" : [ \"88\" ],\r\n  \"columns[3].sort\" : [ \"4\" ],\r\n  \"columns[3].columnComment\" : [ \"请求路径\" ],\r\n  \"columns[3].javaType\" : [ \"String\" ],\r\n  \"columns[3].javaField\" : [ \"requestUrl\" ],\r\n  \"columns[3].isInsert\" : [ \"1\" ],\r\n  \"columns[3].isEdit\" : [ \"1\" ],\r\n  \"columns[3].isList\" : [ \"1\" ],\r\n  \"columns[3].isQuery\" : [ \"1\" ],\r\n  \"columns[3].queryType\" : [ \"EQ\" ],\r\n  \"columns[3].isRequired\" : [ \"1\" ],\r\n  \"columns[3].htmlType\" : [ ', '{\r\n  \"msg\" : \"操作成功\",\r\n  \"code\" : 0\r\n}', '0', null, '2019-12-06 16:08:07');
INSERT INTO `sys_oper_log` VALUES ('157', '代码生成', '8', 'com.ruoyi.generator.controller.GenController.genCode()', 'GET', '1', 'admin', '研发部门', '/tool/gen/genCode/test_interface_info', '127.0.0.1', '内网IP', '{ }', 'null', '0', null, '2019-12-06 16:08:15');
INSERT INTO `sys_oper_log` VALUES ('158', '接口信息实体', '1', 'com.ruoyi.web.controller.test.TestInterfaceInfoController.addSave()', 'POST', '1', 'admin', '研发部门', '/test/interface/add', '127.0.0.1', '内网IP', '{\r\n  \"interfaceName\" : [ \"singlePay\" ],\r\n  \"interfaceChName\" : [ \"单笔代付\" ],\r\n  \"requestUrl\" : [ \"/merc-payoutgateway-web//payout/singlepay\" ],\r\n  \"interfaceType\" : [ \"2\" ],\r\n  \"interfaceProtocol\" : [ \"1\" ],\r\n  \"requestType\" : [ \"1\" ],\r\n  \"status\" : [ \"1\" ],\r\n  \"remark\" : [ \"单笔代付\" ]\r\n}', '{\r\n  \"msg\" : \"操作成功\",\r\n  \"code\" : 0\r\n}', '0', null, '2019-12-06 16:23:00');
INSERT INTO `sys_oper_log` VALUES ('159', '字典数据', '2', 'com.ruoyi.web.controller.system.SysDictDataController.editSave()', 'POST', '1', 'admin', '研发部门', '/system/dict/data/edit', '127.0.0.1', '内网IP', '{\r\n  \"dictCode\" : [ \"51\" ],\r\n  \"dictLabel\" : [ \"正常\" ],\r\n  \"dictValue\" : [ \"1\" ],\r\n  \"dictType\" : [ \"status\" ],\r\n  \"cssClass\" : [ \"\" ],\r\n  \"dictSort\" : [ \"1\" ],\r\n  \"listClass\" : [ \"success\" ],\r\n  \"isDefault\" : [ \"Y\" ],\r\n  \"status\" : [ \"0\" ],\r\n  \"remark\" : [ \"\" ]\r\n}', '{\r\n  \"msg\" : \"操作成功\",\r\n  \"code\" : 0\r\n}', '0', null, '2019-12-06 16:31:11');
INSERT INTO `sys_oper_log` VALUES ('160', '字典数据', '2', 'com.ruoyi.web.controller.system.SysDictDataController.editSave()', 'POST', '1', 'admin', '研发部门', '/system/dict/data/edit', '127.0.0.1', '内网IP', '{\r\n  \"dictCode\" : [ \"49\" ],\r\n  \"dictLabel\" : [ \"post\" ],\r\n  \"dictValue\" : [ \"1\" ],\r\n  \"dictType\" : [ \"test_request_type\" ],\r\n  \"cssClass\" : [ \"\" ],\r\n  \"dictSort\" : [ \"1\" ],\r\n  \"listClass\" : [ \"success\" ],\r\n  \"isDefault\" : [ \"Y\" ],\r\n  \"status\" : [ \"0\" ],\r\n  \"remark\" : [ \"\" ]\r\n}', '{\r\n  \"msg\" : \"操作成功\",\r\n  \"code\" : 0\r\n}', '0', null, '2019-12-06 16:33:30');
INSERT INTO `sys_oper_log` VALUES ('161', '字典数据', '2', 'com.ruoyi.web.controller.system.SysDictDataController.editSave()', 'POST', '1', 'admin', '研发部门', '/system/dict/data/edit', '127.0.0.1', '内网IP', '{\r\n  \"dictCode\" : [ \"46\" ],\r\n  \"dictLabel\" : [ \"http\" ],\r\n  \"dictValue\" : [ \"1\" ],\r\n  \"dictType\" : [ \"test_interface_protocol\" ],\r\n  \"cssClass\" : [ \"\" ],\r\n  \"dictSort\" : [ \"1\" ],\r\n  \"listClass\" : [ \"info\" ],\r\n  \"isDefault\" : [ \"Y\" ],\r\n  \"status\" : [ \"0\" ],\r\n  \"remark\" : [ \"\" ]\r\n}', '{\r\n  \"msg\" : \"操作成功\",\r\n  \"code\" : 0\r\n}', '0', null, '2019-12-06 16:34:28');
INSERT INTO `sys_oper_log` VALUES ('162', '字典数据', '2', 'com.ruoyi.web.controller.system.SysDictDataController.editSave()', 'POST', '1', 'admin', '研发部门', '/system/dict/data/edit', '127.0.0.1', '内网IP', '{\r\n  \"dictCode\" : [ \"40\" ],\r\n  \"dictLabel\" : [ \"收款\" ],\r\n  \"dictValue\" : [ \"1\" ],\r\n  \"dictType\" : [ \"test_interface_type\" ],\r\n  \"cssClass\" : [ \"\" ],\r\n  \"dictSort\" : [ \"1\" ],\r\n  \"listClass\" : [ \"success\" ],\r\n  \"isDefault\" : [ \"Y\" ],\r\n  \"status\" : [ \"0\" ],\r\n  \"remark\" : [ \"收款\" ]\r\n}', '{\r\n  \"msg\" : \"操作成功\",\r\n  \"code\" : 0\r\n}', '0', null, '2019-12-06 16:34:48');
INSERT INTO `sys_oper_log` VALUES ('163', '接口信息实体', '1', 'com.ruoyi.web.controller.test.TestInterfaceInfoController.addSave()', 'POST', '1', 'admin', '研发部门', '/test/interface/add', '127.0.0.1', '内网IP', '{\r\n  \"interfaceName\" : [ \"ceshicehihsi\" ],\r\n  \"interfaceChName\" : [ \"测试测试\" ],\r\n  \"requestUrl\" : [ \"/ceshi/ceshi\" ],\r\n  \"interfaceType\" : [ \"1\" ],\r\n  \"interfaceProtocol\" : [ \"3\" ],\r\n  \"requestType\" : [ \"2\" ],\r\n  \"status\" : [ \"2\" ],\r\n  \"remark\" : [ \"ceshishishis\" ]\r\n}', '{\r\n  \"msg\" : \"操作成功\",\r\n  \"code\" : 0\r\n}', '0', null, '2019-12-06 17:18:52');
INSERT INTO `sys_oper_log` VALUES ('164', '接口信息实体', '2', 'com.ruoyi.web.controller.test.TestInterfaceInfoController.editSave()', 'POST', '1', 'admin', null, '/test/interface/edit', '127.0.0.1', '内网IP', '{\r\n  \"interfaceId\" : [ \"1\" ],\r\n  \"interfaceName\" : [ \"singlePay\" ],\r\n  \"interfaceChName\" : [ \"单笔代付\" ],\r\n  \"requestUrl\" : [ \"/merc-payoutgateway-web//payout/singlepay\" ],\r\n  \"interfaceType\" : [ \"2\" ],\r\n  \"interfaceProtocol\" : [ \"1\" ],\r\n  \"requestType\" : [ \"1\" ],\r\n  \"status\" : [ \"1\" ],\r\n  \"remark\" : [ \"234234234\" ]\r\n}', '{\r\n  \"msg\" : \"操作成功\",\r\n  \"code\" : 0\r\n}', '0', null, '2019-12-09 16:16:56');
INSERT INTO `sys_oper_log` VALUES ('165', '接口信息实体', '2', 'com.ruoyi.web.controller.test.TestInterfaceInfoController.editSave()', 'POST', '1', 'admin', '研发部门', '/test/interface/edit', '127.0.0.1', '内网IP', '{\r\n  \"interfaceId\" : [ \"1\" ],\r\n  \"interfaceName\" : [ \"singlePay\" ],\r\n  \"interfaceChName\" : [ \"单笔代付\" ],\r\n  \"requestUrl\" : [ \"/merc-payoutgateway-web//payout/singlepay\" ],\r\n  \"interfaceType\" : [ \"2\" ],\r\n  \"interfaceProtocol\" : [ \"1\" ],\r\n  \"requestType\" : [ \"1\" ],\r\n  \"status\" : [ \"1\" ],\r\n  \"remark\" : [ \"12312\" ]\r\n}', '{\r\n  \"msg\" : \"操作成功\",\r\n  \"code\" : 0\r\n}', '0', null, '2019-12-09 17:13:44');
INSERT INTO `sys_oper_log` VALUES ('166', '接口信息实体', '1', 'com.ruoyi.web.controller.test.TestInterfaceInfoController.addSave()', 'POST', '1', 'admin', '研发部门', '/test/interface/add', '127.0.0.1', '内网IP', '{\r\n  \"interfaceName\" : [ \"adfad\" ],\r\n  \"interfaceChName\" : [ \"测试123123\" ],\r\n  \"requestUrl\" : [ \"/test/1234\" ],\r\n  \"interfaceType\" : [ \"5\" ],\r\n  \"interfaceProtocol\" : [ \"3\" ],\r\n  \"requestType\" : [ \"2\" ],\r\n  \"status\" : [ \"1\" ],\r\n  \"remark\" : [ \"asdfasdfkashdfasdf\" ]\r\n}', '{\r\n  \"msg\" : \"操作成功\",\r\n  \"code\" : 0\r\n}', '0', null, '2019-12-09 17:16:25');
INSERT INTO `sys_oper_log` VALUES ('167', '字典类型', '1', 'com.ruoyi.web.controller.system.SysDictTypeController.addSave()', 'POST', '1', 'admin', '研发部门', '/system/dict/add', '127.0.0.1', '内网IP', '{\r\n  \"dictName\" : [ \"报文类型\" ],\r\n  \"dictType\" : [ \"test_message_type\" ],\r\n  \"status\" : [ \"0\" ],\r\n  \"remark\" : [ \"报文格式：xml、json、url\" ]\r\n}', '{\r\n  \"msg\" : \"操作成功\",\r\n  \"code\" : 0\r\n}', '0', null, '2019-12-09 17:31:33');
INSERT INTO `sys_oper_log` VALUES ('168', '字典数据', '1', 'com.ruoyi.web.controller.system.SysDictDataController.addSave()', 'POST', '1', 'admin', '研发部门', '/system/dict/data/add', '127.0.0.1', '内网IP', '{\r\n  \"dictLabel\" : [ \"xml\" ],\r\n  \"dictValue\" : [ \"1\" ],\r\n  \"dictType\" : [ \"test_message_type\" ],\r\n  \"cssClass\" : [ \"\" ],\r\n  \"dictSort\" : [ \"1\" ],\r\n  \"listClass\" : [ \"primary\" ],\r\n  \"isDefault\" : [ \"Y\" ],\r\n  \"status\" : [ \"0\" ],\r\n  \"remark\" : [ \"\" ]\r\n}', '{\r\n  \"msg\" : \"操作成功\",\r\n  \"code\" : 0\r\n}', '0', null, '2019-12-09 17:31:51');
INSERT INTO `sys_oper_log` VALUES ('169', '字典数据', '1', 'com.ruoyi.web.controller.system.SysDictDataController.addSave()', 'POST', '1', 'admin', '研发部门', '/system/dict/data/add', '127.0.0.1', '内网IP', '{\r\n  \"dictLabel\" : [ \"json\" ],\r\n  \"dictValue\" : [ \"2\" ],\r\n  \"dictType\" : [ \"test_message_type\" ],\r\n  \"cssClass\" : [ \"\" ],\r\n  \"dictSort\" : [ \"2\" ],\r\n  \"listClass\" : [ \"success\" ],\r\n  \"isDefault\" : [ \"Y\" ],\r\n  \"status\" : [ \"0\" ],\r\n  \"remark\" : [ \"\" ]\r\n}', '{\r\n  \"msg\" : \"操作成功\",\r\n  \"code\" : 0\r\n}', '0', null, '2019-12-09 17:32:05');
INSERT INTO `sys_oper_log` VALUES ('170', '字典数据', '1', 'com.ruoyi.web.controller.system.SysDictDataController.addSave()', 'POST', '1', 'admin', '研发部门', '/system/dict/data/add', '127.0.0.1', '内网IP', '{\r\n  \"dictLabel\" : [ \"url\" ],\r\n  \"dictValue\" : [ \"3\" ],\r\n  \"dictType\" : [ \"test_message_type\" ],\r\n  \"cssClass\" : [ \"\" ],\r\n  \"dictSort\" : [ \"3\" ],\r\n  \"listClass\" : [ \"info\" ],\r\n  \"isDefault\" : [ \"Y\" ],\r\n  \"status\" : [ \"0\" ],\r\n  \"remark\" : [ \"\" ]\r\n}', '{\r\n  \"msg\" : \"操作成功\",\r\n  \"code\" : 0\r\n}', '0', null, '2019-12-09 17:32:16');
INSERT INTO `sys_oper_log` VALUES ('171', '代码生成', '3', 'com.ruoyi.generator.controller.GenController.remove()', 'POST', '1', 'admin', '研发部门', '/tool/gen/remove', '127.0.0.1', '内网IP', '{\r\n  \"ids\" : [ \"9\" ]\r\n}', '{\r\n  \"msg\" : \"操作成功\",\r\n  \"code\" : 0\r\n}', '0', null, '2019-12-09 17:32:37');
INSERT INTO `sys_oper_log` VALUES ('172', '代码生成', '6', 'com.ruoyi.generator.controller.GenController.importTableSave()', 'POST', '1', 'admin', '研发部门', '/tool/gen/importTable', '127.0.0.1', '内网IP', '{\r\n  \"tables\" : [ \"test_message\" ]\r\n}', '{\r\n  \"msg\" : \"操作成功\",\r\n  \"code\" : 0\r\n}', '0', null, '2019-12-09 17:32:49');
INSERT INTO `sys_oper_log` VALUES ('173', '代码生成', '2', 'com.ruoyi.generator.controller.GenController.editSave()', 'POST', '1', 'admin', '研发部门', '/tool/gen/edit', '127.0.0.1', '内网IP', '{\r\n  \"tableId\" : [ \"10\" ],\r\n  \"tableName\" : [ \"test_message\" ],\r\n  \"tableComment\" : [ \"报文管理表\" ],\r\n  \"className\" : [ \"TestMessage\" ],\r\n  \"functionAuthor\" : [ \"zhangsy\" ],\r\n  \"remark\" : [ \"\" ],\r\n  \"columns[0].columnId\" : [ \"109\" ],\r\n  \"columns[0].sort\" : [ \"1\" ],\r\n  \"columns[0].columnComment\" : [ \"报文Id\" ],\r\n  \"columns[0].javaType\" : [ \"Long\" ],\r\n  \"columns[0].javaField\" : [ \"messageId\" ],\r\n  \"columns[0].isInsert\" : [ \"1\" ],\r\n  \"columns[0].queryType\" : [ \"EQ\" ],\r\n  \"columns[0].htmlType\" : [ \"input\" ],\r\n  \"columns[0].dictType\" : [ \"\" ],\r\n  \"columns[1].columnId\" : [ \"110\" ],\r\n  \"columns[1].sort\" : [ \"2\" ],\r\n  \"columns[1].columnComment\" : [ \"报文名称\" ],\r\n  \"columns[1].javaType\" : [ \"String\" ],\r\n  \"columns[1].javaField\" : [ \"messageName\" ],\r\n  \"columns[1].isInsert\" : [ \"1\" ],\r\n  \"columns[1].isEdit\" : [ \"1\" ],\r\n  \"columns[1].isList\" : [ \"1\" ],\r\n  \"columns[1].isQuery\" : [ \"1\" ],\r\n  \"columns[1].queryType\" : [ \"LIKE\" ],\r\n  \"columns[1].htmlType\" : [ \"input\" ],\r\n  \"columns[1].dictType\" : [ \"\" ],\r\n  \"columns[2].columnId\" : [ \"111\" ],\r\n  \"columns[2].sort\" : [ \"3\" ],\r\n  \"columns[2].columnComment\" : [ \"报文格式：xml、json、url\" ],\r\n  \"columns[2].javaType\" : [ \"String\" ],\r\n  \"columns[2].javaField\" : [ \"messageType\" ],\r\n  \"columns[2].isInsert\" : [ \"1\" ],\r\n  \"columns[2].isEdit\" : [ \"1\" ],\r\n  \"columns[2].isList\" : [ \"1\" ],\r\n  \"columns[2].isQuery\" : [ \"1\" ],\r\n  \"columns[2].queryType\" : [ \"EQ\" ],\r\n  \"columns[2].htmlType\" : [ \"select\" ],\r\n  \"columns[2].dictType\" : [ \"test_message_type\" ],\r\n  \"columns[3].columnId\" : [ \"112\" ],\r\n  \"columns[3].sort\" : [ \"4\" ],\r\n  \"columns[3].columnComment\" : [ \"所属接口\" ],\r\n  \"columns[3].javaType\" : [ \"Long\" ],\r\n  \"columns[3].javaField\" : [ \"interfaceId\" ],\r\n  \"columns[3].isInsert\" : [ \"1\" ],\r\n  \"columns[3].isEdit\" : [ \"1\" ],\r\n  \"columns[3].isList\" : [ \"1\" ],\r\n  \"columns[3].isQuery\" : [ \"1\" ],\r\n  \"columns[3].queryType\" : [ \"EQ\" ],\r\n  \"columns[3].htmlType\" : [ \"input\" ],\r\n  \"columns[3].dictType\" : [ \"\" ],\r\n  \"columns[4].columnId\" : [ \"113\" ],\r\n  \"columns[4].sort\" : [ \"5\" ]', '{\r\n  \"msg\" : \"操作成功\",\r\n  \"code\" : 0\r\n}', '0', null, '2019-12-09 17:36:42');
INSERT INTO `sys_oper_log` VALUES ('174', '代码生成', '2', 'com.ruoyi.generator.controller.GenController.editSave()', 'POST', '1', 'admin', '研发部门', '/tool/gen/edit', '127.0.0.1', '内网IP', '{\r\n  \"tableId\" : [ \"10\" ],\r\n  \"tableName\" : [ \"test_message\" ],\r\n  \"tableComment\" : [ \"报文管理表\" ],\r\n  \"className\" : [ \"TestMessage\" ],\r\n  \"functionAuthor\" : [ \"zhangsy\" ],\r\n  \"remark\" : [ \"\" ],\r\n  \"columns[0].columnId\" : [ \"109\" ],\r\n  \"columns[0].sort\" : [ \"1\" ],\r\n  \"columns[0].columnComment\" : [ \"报文Id\" ],\r\n  \"columns[0].javaType\" : [ \"Long\" ],\r\n  \"columns[0].javaField\" : [ \"messageId\" ],\r\n  \"columns[0].isInsert\" : [ \"1\" ],\r\n  \"columns[0].queryType\" : [ \"EQ\" ],\r\n  \"columns[0].htmlType\" : [ \"input\" ],\r\n  \"columns[0].dictType\" : [ \"\" ],\r\n  \"columns[1].columnId\" : [ \"110\" ],\r\n  \"columns[1].sort\" : [ \"2\" ],\r\n  \"columns[1].columnComment\" : [ \"报文名称\" ],\r\n  \"columns[1].javaType\" : [ \"String\" ],\r\n  \"columns[1].javaField\" : [ \"messageName\" ],\r\n  \"columns[1].isInsert\" : [ \"1\" ],\r\n  \"columns[1].isEdit\" : [ \"1\" ],\r\n  \"columns[1].isList\" : [ \"1\" ],\r\n  \"columns[1].isQuery\" : [ \"1\" ],\r\n  \"columns[1].queryType\" : [ \"LIKE\" ],\r\n  \"columns[1].htmlType\" : [ \"input\" ],\r\n  \"columns[1].dictType\" : [ \"\" ],\r\n  \"columns[2].columnId\" : [ \"111\" ],\r\n  \"columns[2].sort\" : [ \"3\" ],\r\n  \"columns[2].columnComment\" : [ \"报文格式：xml、json、url\" ],\r\n  \"columns[2].javaType\" : [ \"String\" ],\r\n  \"columns[2].javaField\" : [ \"messageType\" ],\r\n  \"columns[2].isInsert\" : [ \"1\" ],\r\n  \"columns[2].isEdit\" : [ \"1\" ],\r\n  \"columns[2].isList\" : [ \"1\" ],\r\n  \"columns[2].isQuery\" : [ \"1\" ],\r\n  \"columns[2].queryType\" : [ \"EQ\" ],\r\n  \"columns[2].htmlType\" : [ \"select\" ],\r\n  \"columns[2].dictType\" : [ \"test_message_type\" ],\r\n  \"columns[3].columnId\" : [ \"112\" ],\r\n  \"columns[3].sort\" : [ \"4\" ],\r\n  \"columns[3].columnComment\" : [ \"所属接口\" ],\r\n  \"columns[3].javaType\" : [ \"Long\" ],\r\n  \"columns[3].javaField\" : [ \"interfaceId\" ],\r\n  \"columns[3].isInsert\" : [ \"1\" ],\r\n  \"columns[3].isEdit\" : [ \"1\" ],\r\n  \"columns[3].isList\" : [ \"1\" ],\r\n  \"columns[3].isQuery\" : [ \"1\" ],\r\n  \"columns[3].queryType\" : [ \"EQ\" ],\r\n  \"columns[3].htmlType\" : [ \"input\" ],\r\n  \"columns[3].dictType\" : [ \"\" ],\r\n  \"columns[4].columnId\" : [ \"113\" ],\r\n  \"columns[4].sort\" : [ \"5\" ]', '{\r\n  \"msg\" : \"操作成功\",\r\n  \"code\" : 0\r\n}', '0', null, '2019-12-09 17:37:14');
INSERT INTO `sys_oper_log` VALUES ('175', '代码生成', '8', 'com.ruoyi.generator.controller.GenController.genCode()', 'GET', '1', 'admin', '研发部门', '/tool/gen/genCode/test_message', '127.0.0.1', '内网IP', '{ }', 'null', '0', null, '2019-12-09 17:37:20');
INSERT INTO `sys_oper_log` VALUES ('176', '报文实体', '1', 'com.ruoyi.web.controller.test.TestMessageController.addSave()', 'POST', '1', 'admin', '研发部门', '/test/message/add', '127.0.0.1', '内网IP', '{\r\n  \"messageName\" : [ \"测试把我摁\" ],\r\n  \"messageType\" : [ \"3\" ],\r\n  \"interfaceId\" : [ \"2\" ],\r\n  \"parameterJson\" : [ \"ce=1&er=2\" ],\r\n  \"status\" : [ \"1\" ],\r\n  \"remark\" : [ \"ceshibaowne \" ]\r\n}', '{\r\n  \"msg\" : \"操作成功\",\r\n  \"code\" : 0\r\n}', '0', null, '2019-12-10 21:12:04');
INSERT INTO `sys_oper_log` VALUES ('177', '报文实体', '1', 'com.ruoyi.web.controller.test.TestMessageController.addSave()', 'POST', '1', 'admin', null, '/test/message/add', '127.0.0.1', '内网IP', '{\r\n  \"messageName\" : [ \"123123\" ],\r\n  \"messageType\" : [ \"1\" ],\r\n  \"interfaceName\" : [ \"ceshicehihsi\" ],\r\n  \"interfaceId\" : [ \"2\" ],\r\n  \"parameterJson\" : [ \"123124\" ],\r\n  \"status\" : [ \"1\" ],\r\n  \"remark\" : [ \"撒旦法\" ]\r\n}', '{\r\n  \"msg\" : \"操作成功\",\r\n  \"code\" : 0\r\n}', '0', null, '2019-12-12 16:52:52');
INSERT INTO `sys_oper_log` VALUES ('178', '报文实体', '1', 'com.ruoyi.web.controller.test.TestMessageController.addSave()', 'POST', '1', 'admin', '研发部门', '/test/message/add', '127.0.0.1', '内网IP', '{\r\n  \"messageName\" : [ \"qwerqwer\" ],\r\n  \"messageType\" : [ \"2\" ],\r\n  \"interfaceName\" : [ \"singlePay\" ],\r\n  \"interfaceId\" : [ \"1\" ],\r\n  \"parameterJson\" : [ \"qwerqwfqw\" ],\r\n  \"status\" : [ \"2\" ],\r\n  \"remark\" : [ \"qewfqwef\" ]\r\n}', '{\r\n  \"msg\" : \"操作成功\",\r\n  \"code\" : 0\r\n}', '0', null, '2019-12-12 18:45:48');
INSERT INTO `sys_oper_log` VALUES ('179', '报文实体', '2', 'com.ruoyi.web.controller.test.TestMessageController.editSave()', 'POST', '1', 'admin', '研发部门', '/test/message/edit', '127.0.0.1', '内网IP', '{\r\n  \"messageId\" : [ \"3\" ],\r\n  \"messageName\" : [ \"qwerqwer\" ],\r\n  \"messageType\" : [ \"2\" ],\r\n  \"interfaceName\" : [ \"adfad\" ],\r\n  \"interfaceId\" : [ \"3\" ],\r\n  \"parameterJson\" : [ \"qwerqwfqw\" ],\r\n  \"status\" : [ \"2\" ],\r\n  \"remark\" : [ \"qewfqwef\" ]\r\n}', '{\r\n  \"msg\" : \"操作成功\",\r\n  \"code\" : 0\r\n}', '0', null, '2019-12-12 19:15:54');
INSERT INTO `sys_oper_log` VALUES ('180', '报文实体', '2', 'com.ruoyi.web.controller.test.TestMessageController.editSave()', 'POST', '1', 'admin', '研发部门', '/test/message/edit', '127.0.0.1', '内网IP', '{\r\n  \"messageId\" : [ \"1\" ],\r\n  \"messageName\" : [ \"测试把我摁\" ],\r\n  \"messageType\" : [ \"3\" ],\r\n  \"interfaceName\" : [ \"singlePay\" ],\r\n  \"interfaceId\" : [ \"1\" ],\r\n  \"parameterJson\" : [ \"ce=1&amp;er=2\" ],\r\n  \"status\" : [ \"1\" ],\r\n  \"remark\" : [ \"ceshibaowne\" ]\r\n}', '{\r\n  \"msg\" : \"操作成功\",\r\n  \"code\" : 0\r\n}', '0', null, '2019-12-12 19:16:31');
INSERT INTO `sys_oper_log` VALUES ('181', '报文实体', '2', 'com.ruoyi.web.controller.test.TestMessageController.editSave()', 'POST', '1', 'admin', '研发部门', '/test/message/edit', '127.0.0.1', '内网IP', '{\r\n  \"messageId\" : [ \"1\" ],\r\n  \"messageName\" : [ \"测试把我摁\" ],\r\n  \"messageType\" : [ \"3\" ],\r\n  \"interfaceName\" : [ \"singlePay\" ],\r\n  \"interfaceId\" : [ \"1\" ],\r\n  \"parameterJson\" : [ \"<AIPG>     <INFO>         <TRX_CODE>100030</TRX_CODE>         <VERSION>2.0</VERSION>         <DATA_TYPE>0</DATA_TYPE>         <LEVEL>0</LEVEL>         <REQ_SN>2019121220151335559</REQ_SN>         <SIGNED_MSG>signedMsg</SIGNED_MSG>     </INFO>     <BODY>         <BUSINESS_CODE>04900</BUSINESS_CODE>         <DEVICE_INFO>             ABCD:EF01:2345:6789:ABCD:EF01:2345:6789|F0E1D2C3B4A5|352044063995403|460030912121001|898600680113F0123014|968778695A4B|116.360207,-39.921064|         </DEVICE_INFO>   \" ],\r\n  \"status\" : [ \"1\" ],\r\n  \"remark\" : [ \"ceshibaowne\" ]\r\n}', '{\r\n  \"msg\" : \"操作成功\",\r\n  \"code\" : 0\r\n}', '0', null, '2019-12-12 20:25:01');
INSERT INTO `sys_oper_log` VALUES ('182', '报文实体', '1', 'com.ruoyi.web.controller.test.TestMessageController.addSave()', 'POST', '1', 'admin', '研发部门', '/test/message/add', '127.0.0.1', '内网IP', '{\r\n  \"messageName\" : [ \"123123\" ],\r\n  \"messageType\" : [ \"1\" ],\r\n  \"interfaceName\" : [ \"adfad\" ],\r\n  \"interfaceId\" : [ \"3\" ],\r\n  \"parameterJson\" : [ \"<AIPG>\\r\\n    <INFO>\\r\\n        <TRX_CODE>100030</TRX_CODE>\\r\\n        <VERSION>2.0</VERSION>\\r\\n        <DATA_TYPE>0</DATA_TYPE>\\r\\n        <LEVEL>0</LEVEL>\\r\\n        <REQ_SN>2019121220151335559</REQ_SN>\\r\\n        <SIGNED_MSG>signedMsg</SIGNED_MSG>\\r\\n    </INFO>\\r\\n    <BODY>\\r\\n        <BUSINESS_CODE>04900</BUSINESS_CODE>\\r\\n        <DEVICE_INFO>\\r\\n            ABCD:EF01:2345:6789:ABCD:EF01:2345:6789|F0E1D2C3B4A5|352044063995403|460030912121001|898600680113F0123014|968778695A4B|116.360207,-39.921064|\\r\\n        </DEVICE_INFO>\\r\\n  \" ],\r\n  \"status\" : [ \"1\" ],\r\n  \"remark\" : [ \"12的\" ]\r\n}', '{\r\n  \"msg\" : \"操作成功\",\r\n  \"code\" : 0\r\n}', '0', null, '2019-12-12 20:37:20');
INSERT INTO `sys_oper_log` VALUES ('183', '报文实体', '2', 'com.ruoyi.web.controller.test.TestMessageController.editSave()', 'POST', '1', 'admin', '研发部门', '/test/message/edit', '127.0.0.1', '内网IP', '{\r\n  \"messageId\" : [ \"5\" ],\r\n  \"messageName\" : [ \"测试报文123\" ],\r\n  \"messageType\" : [ \"3\" ],\r\n  \"interfaceName\" : [ \"singlePay\" ],\r\n  \"interfaceId\" : [ \"1\" ],\r\n  \"parameterJson\" : [ \"<AIPG>\\r\\n<INFO>\\r\\n    <TRX_CODE>100030</TRX_CODE>\\r\\n    <VERSION>2.0</VERSION>\\r\\n    <DATA_TYPE>0</DATA_TYPE>\\r\\n    <LEVEL>0</LEVEL>\\r\\n    <REQ_SN>2019121220151335559</REQ_SN>\\r\\n    <SIGNED_MSG>signedMsg</SIGNED_MSG>\\r\\n</INFO>\\r\\n<BODY>\\r\\n    <BUSINESS_CODE>04900</BUSINESS_CODE>\\r\\n    <DEVICE_INFO>\\r\\n        ABCD:EF01:2345:6789:ABCD:EF01:2345:6789|F0E1D2C3B4A5|352044063995403|460030912121001|898600680113F0123014|968778695A4B|116.360207,-39.921064|\\r\\n    </DEVICE_INFO>\\r\\n    <REMARK>张思远做的单笔付款</REMARK>\\r\\n    <TERMINALID>1111111111122233</TERMINALID>\\r\\n    <BANK_SHORT_NAME>平安银行</BANK_SHORT_NAME>\\r\\n    <ACCOUNT_TYPE>00</ACCOUNT_TYPE>\\r\\n    <MERC_ORDER_NO>zsy20191212201514820167</MERC_ORDER_NO>\\r\\n    <TRANS_AMT>0.01</TRANS_AMT>\\r\\n    <BANK_PROVINCE>北京</BANK_PROVINCE>\\r\\n    <MERC_ORDER_DATE>20191212</MERC_ORDER_DATE>\\r\\n    <NOTIFY_URL>http://10.63.13.21:12790/simulator-web/mercservice/payOutBackNotify</NOTIFY_URL>\\r\\n    <BANK_NAME>平安银行</BANK_NAME>\\r\\n    <BANK_NO>105</BANK_NO>\\r\\n    <BANK_CITY>北京</BANK_CITY>\\r\\n    <TERMINAL_TYPE>01</TERMINAL_TYPE>\\r\\n    <CURRENCY>CNY</CURRENCY>\\r\\n    <ACCOUNT_PROP>0</ACCOUNT_PROP>\\r\\n    <MERCHANT_ID>800010000020019</MERCHANT_ID>\\r\\n    <REMARK2>备注2</REMARK2>\\r\\n    <REMARK3>备注3</REMARK3>\\r\\n    <EXTEND1></EXTEND1>\\r\\n    <EXTEND2></EXTEND2>\\r\\n    <EXTEND3></EXTEND3>\\r\\n    <ACCOUNT_NO>9559794382528934794</ACCOUNT_NO>\\r\\n    <ACCOUNT_NAME>张思远</ACCOUNT_NAME>\\r\\n</BODY>\\r\\n</AIPG>\" ],\r\n  \"status\" : [ \"1\" ],\r\n  \"remark\" : [ \"123123\" ]\r\n}', '{\r\n  \"msg\" : \"操作成功\",\r\n  \"code\" : 0\r\n}', '0', null, '2019-12-13 16:40:28');
INSERT INTO `sys_oper_log` VALUES ('184', '报文实体', '2', 'com.ruoyi.web.controller.test.TestMessageController.editSave()', 'POST', '1', 'admin', '研发部门', '/test/message/edit', '127.0.0.1', '内网IP', '{\r\n  \"messageId\" : [ \"5\" ],\r\n  \"messageName\" : [ \"测试报文123\" ],\r\n  \"messageType\" : [ \"3\" ],\r\n  \"interfaceName\" : [ \"singlePay\" ],\r\n  \"interfaceId\" : [ \"1\" ],\r\n  \"parameterJson\" : [ \"<AIPG>\\r\\n    <INFO>\\r\\n        <TRX_CODE>100030</TRX_CODE>\\r\\n        <VERSION>2.0</VERSION>\\r\\n        <DATA_TYPE>0</DATA_TYPE>\\r\\n        <LEVEL>0</LEVEL>\\r\\n        <REQ_SN>2019121220151335559</REQ_SN>\\r\\n        <SIGNED_MSG>signedMsg</SIGNED_MSG>\\r\\n    </INFO>\\r\\n    <BODY>\\r\\n        <BUSINESS_CODE>04900</BUSINESS_CODE>\\r\\n        <DEVICE_INFO>\\r\\n            ABCD:EF01:2345:6789:ABCD:EF01:2345:6789|F0E1D2C3B4A5|352044063995403|460030912121001|898600680113F0123014|968778695A4B|116.360207,-39.921064|\\r\\n        </DEVICE_INFO>\\r\\n        <REMARK>张思远做的单笔付款</REMARK>\\r\\n        <TERMINALID>1111111111122233</TERMINALID>\\r\\n        <BANK_SHORT_NAME>平安银行</BANK_SHORT_NAME>\\r\\n        <ACCOUNT_TYPE>00</ACCOUNT_TYPE>\\r\\n        <MERC_ORDER_NO>zsy20191212201514820167</MERC_ORDER_NO>\\r\\n        <TRANS_AMT>0.01</TRANS_AMT>\\r\\n        <BANK_PROVINCE>北京</BANK_PROVINCE>\\r\\n        <MERC_ORDER_DATE>20191212</MERC_ORDER_DATE>\\r\\n        <NOTIFY_URL>http://10.63.13.21:12790/simulator-web/mercservice/payOutBackNotify</NOTIFY_URL>\\r\\n        <BANK_NAME>平安银行</BANK_NAME>\\r\\n        <BANK_NO>105</BANK_NO>\\r\\n        <BANK_CITY>北京</BANK_CITY>\\r\\n        <TERMINAL_TYPE>01</TERMINAL_TYPE>\\r\\n        <CURRENCY>CNY</CURRENCY>\\r\\n        <ACCOUNT_PROP>0</ACCOUNT_PROP>\\r\\n        <MERCHANT_ID>800010000020019</MERCHANT_ID>\\r\\n        <REMARK2>备注2</REMARK2>\\r\\n        <REMARK3>备注3</REMARK3>\\r\\n        <EXTEND1></EXTEND1>\\r\\n        <EXTEND2></EXTEND2>\\r\\n        <EXTEND3></EXTEND3>\\r\\n        <ACCOUNT_NO>9559794382528934794</ACCOUNT_NO>\\r\\n        <ACCOUNT_NAME>张思远</ACCOUNT_NAME>\\r\\n    </BODY>\\r\\n</AIPG>\" ],\r\n  \"status\" : [ \"1\" ],\r\n  \"remark\" : [ \"123123\" ]\r\n}', '{\r\n  \"msg\" : \"操作成功\",\r\n  \"code\" : 0\r\n}', '0', null, '2019-12-13 16:44:10');
INSERT INTO `sys_oper_log` VALUES ('185', '报文实体', '2', 'com.ruoyi.web.controller.test.TestMessageController.editSave()', 'POST', '1', 'admin', '研发部门', '/test/message/edit', '127.0.0.1', '内网IP', '{\r\n  \"messageId\" : [ \"5\" ],\r\n  \"messageName\" : [ \"测试报文123\" ],\r\n  \"messageType\" : [ \"3\" ],\r\n  \"interfaceName\" : [ \"singlePay\" ],\r\n  \"interfaceId\" : [ \"1\" ],\r\n  \"parameterJson\" : [ \"<AIPG>\\r\\n    <INFO>\\r\\n        <TRX_CODE>100030</TRX_CODE>\\r\\n        <VERSION>2.0</VERSION>\\r\\n        <DATA_TYPE>0</DATA_TYPE>\\r\\n        <LEVEL>0</LEVEL>\\r\\n        <REQ_SN>2019121220151335559</REQ_SN>\\r\\n        <SIGNED_MSG>signedMsg</SIGNED_MSG>\\r\\n    </INFO>\\r\\n    <BODY>\\r\\n        <BUSINESS_CODE>04900</BUSINESS_CODE>\\r\\n        <DEVICE_INFO>\\r\\n            ABCD:EF01:2345:6789:ABCD:EF01:2345:6789|F0E1D2C3B4A5|352044063995403|460030912121001|898600680113F0123014|968778695A4B|116.360207,-39.921064|\\r\\n        </DEVICE_INFO>\\r\\n        <REMARK>张思远做的单笔付款</REMARK>\\r\\n        <TERMINALID>1111111111122233</TERMINALID>\\r\\n        <BANK_SHORT_NAME>平安银行</BANK_SHORT_NAME>\\r\\n        <ACCOUNT_TYPE>00</ACCOUNT_TYPE>\\r\\n        <MERC_ORDER_NO>zsy20191212201514820167</MERC_ORDER_NO>\\r\\n        <TRANS_AMT>0.01</TRANS_AMT>\\r\\n        <BANK_PROVINCE>北京</BANK_PROVINCE>\\r\\n        <MERC_ORDER_DATE>20191212</MERC_ORDER_DATE>\\r\\n        <NOTIFY_URL>http://10.63.13.21:12790/simulator-web/mercservice/payOutBackNotify</NOTIFY_URL>\\r\\n        <BANK_NAME>平安银行</BANK_NAME>\\r\\n        <BANK_NO>105</BANK_NO>\\r\\n        <BANK_CITY>北京</BANK_CITY>\\r\\n        <TERMINAL_TYPE>01</TERMINAL_TYPE>\\r\\n        <CURRENCY>CNY</CURRENCY>\\r\\n        <ACCOUNT_PROP>0</ACCOUNT_PROP>\\r\\n        <MERCHANT_ID>800010000020019</MERCHANT_ID>\\r\\n        <REMARK2>备注2</REMARK2>\\r\\n        <REMARK3>备注3</REMARK3>\\r\\n        <EXTEND1></EXTEND1>\\r\\n        <EXTEND2></EXTEND2>\\r\\n        <EXTEND3></EXTEND3>\\r\\n        <ACCOUNT_NO>9559794382528934794</ACCOUNT_NO>\\r\\n        <ACCOUNT_NAME>张思远</ACCOUNT_NAME>\\r\\n    </BODY>\\r\\n</AIPG>\" ],\r\n  \"status\" : [ \"1\" ],\r\n  \"remark\" : [ \"123123\" ]\r\n}', '{\r\n  \"msg\" : \"操作成功\",\r\n  \"code\" : 0\r\n}', '0', null, '2019-12-13 16:46:45');
INSERT INTO `sys_oper_log` VALUES ('186', '报文实体', '2', 'com.ruoyi.web.controller.test.TestMessageController.editSave()', 'POST', '1', 'admin', '研发部门', '/test/message/edit', '127.0.0.1', '内网IP', '{\r\n  \"messageId\" : [ \"5\" ],\r\n  \"messageName\" : [ \"测试报文123\" ],\r\n  \"messageType\" : [ \"3\" ],\r\n  \"interfaceName\" : [ \"singlePay\" ],\r\n  \"interfaceId\" : [ \"1\" ],\r\n  \"parameterJson\" : [ \"<AIPG>\\r\\n    <INFO>\\r\\n        <TRX_CODE>100030</TRX_CODE>\\r\\n        <VERSION>2.0</VERSION>\\r\\n        <DATA_TYPE>0</DATA_TYPE>\\r\\n        <LEVEL>0</LEVEL>\\r\\n        <REQ_SN>2019121220151335559</REQ_SN>\\r\\n        <SIGNED_MSG>signedMsg</SIGNED_MSG>\\r\\n    </INFO>\\r\\n    <BODY>\\r\\n        <BUSINESS_CODE>04900</BUSINESS_CODE>\\r\\n        <DEVICE_INFO>\\r\\n            ABCD:EF01:2345:6789:ABCD:EF01:2345:6789|F0E1D2C3B4A5|352044063995403|460030912121001|898600680113F0123014|968778695A4B|116.360207,-39.921064|\\r\\n        </DEVICE_INFO>\\r\\n        <REMARK>张思远做的单笔付款</REMARK>\\r\\n        <TERMINALID>1111111111122233</TERMINALID>\\r\\n        <BANK_SHORT_NAME>平安银行</BANK_SHORT_NAME>\\r\\n        <ACCOUNT_TYPE>00</ACCOUNT_TYPE>\\r\\n        <MERC_ORDER_NO>zsy20191212201514820167</MERC_ORDER_NO>\\r\\n        <TRANS_AMT>0.01</TRANS_AMT>\\r\\n        <BANK_PROVINCE>北京</BANK_PROVINCE>\\r\\n        <MERC_ORDER_DATE>20191212</MERC_ORDER_DATE>\\r\\n        <NOTIFY_URL>http://10.63.13.21:12790/simulator-web/mercservice/payOutBackNotify</NOTIFY_URL>\\r\\n        <BANK_NAME>平安银行</BANK_NAME>\\r\\n        <BANK_NO>105</BANK_NO>\\r\\n        <BANK_CITY>北京</BANK_CITY>\\r\\n        <TERMINAL_TYPE>01</TERMINAL_TYPE>\\r\\n        <CURRENCY>CNY</CURRENCY>\\r\\n        <ACCOUNT_PROP>0</ACCOUNT_PROP>\\r\\n        <MERCHANT_ID>800010000020019</MERCHANT_ID>\\r\\n        <REMARK2>备注2</REMARK2>\\r\\n        <REMARK3>备注3</REMARK3>\\r\\n        <EXTEND1></EXTEND1>\\r\\n        <EXTEND2></EXTEND2>\\r\\n        <EXTEND3></EXTEND3>\\r\\n        <ACCOUNT_NO>9559794382528934794</ACCOUNT_NO>\\r\\n        <ACCOUNT_NAME>张思远</ACCOUNT_NAME>\\r\\n    </BODY>\\r\\n</AIPG>\" ],\r\n  \"status\" : [ \"1\" ],\r\n  \"remark\" : [ \"123123\" ]\r\n}', '{\r\n  \"msg\" : \"操作成功\",\r\n  \"code\" : 0\r\n}', '0', null, '2019-12-13 16:47:42');
INSERT INTO `sys_oper_log` VALUES ('187', '报文实体', '2', 'com.ruoyi.web.controller.test.TestMessageController.editSave()', 'POST', '1', 'admin', null, '/test/message/edit', '127.0.0.1', '内网IP', '{\r\n  \"messageId\" : [ \"5\" ],\r\n  \"messageName\" : [ \"测试报文123\" ],\r\n  \"messageType\" : [ \"3\" ],\r\n  \"interfaceName\" : [ \"singlePay\" ],\r\n  \"interfaceId\" : [ \"1\" ],\r\n  \"parameterJson\" : [ \"100030 2.0 0 0 2019121220151335559 signedMsg   04900  ABCD:EF01:2345:6789:ABCD:EF01:2345:6789|F0E1D2C3B4A5|352044063995403|460030912121001|898600680113F0123014|968778695A4B|116.360207,-39.921064|  张思远做的单笔付款 1111111111122233 平安银行 00 zsy20191212201514820167 0.01 北京 20191212 http://10.63.13.21:12790/simulator-web/mercservice/payOutBackNotify 平安银行 105 北京 01 CNY 0 800010000020019 备注2 备注3    9559794382528934794 张思远\" ],\r\n  \"status\" : [ \"1\" ],\r\n  \"remark\" : [ \"123123\" ]\r\n}', '{\r\n  \"msg\" : \"操作成功\",\r\n  \"code\" : 0\r\n}', '0', null, '2019-12-13 17:01:14');
INSERT INTO `sys_oper_log` VALUES ('188', '报文实体', '2', 'com.ruoyi.web.controller.test.TestMessageController.editSave()', 'POST', '1', 'admin', null, '/test/message/edit', '127.0.0.1', '内网IP', '{\r\n  \"messageId\" : [ \"5\" ],\r\n  \"messageName\" : [ \"测试报文123\" ],\r\n  \"messageType\" : [ \"3\" ],\r\n  \"interfaceName\" : [ \"singlePay\" ],\r\n  \"interfaceId\" : [ \"1\" ],\r\n  \"parameterJson\" : [ \"<AIPG>\\r\\n    <INFO>\\r\\n        <TRX_CODE>100030</TRX_CODE>\\r\\n        <VERSION>2.0</VERSION>\\r\\n        <DATA_TYPE>0</DATA_TYPE>\\r\\n        <LEVEL>0</LEVEL>\\r\\n        <REQ_SN>2019121220151335559</REQ_SN>\\r\\n        <SIGNED_MSG>signedMsg</SIGNED_MSG>\\r\\n    </INFO>\\r\\n    <BODY>\\r\\n        <BUSINESS_CODE>04900</BUSINESS_CODE>\\r\\n        <DEVICE_INFO>\\r\\n            ABCD:EF01:2345:6789:ABCD:EF01:2345:6789|F0E1D2C3B4A5|352044063995403|460030912121001|898600680113F0123014|968778695A4B|116.360207,-39.921064|\\r\\n        </DEVICE_INFO>\\r\\n        <REMARK>张思远做的单笔付款</REMARK>\\r\\n        <TERMINALID>1111111111122233</TERMINALID>\\r\\n        <BANK_SHORT_NAME>平安银行</BANK_SHORT_NAME>\\r\\n        <ACCOUNT_TYPE>00</ACCOUNT_TYPE>\\r\\n        <MERC_ORDER_NO>zsy20191212201514820167</MERC_ORDER_NO>\\r\\n        <TRANS_AMT>0.01</TRANS_AMT>\\r\\n        <BANK_PROVINCE>北京</BANK_PROVINCE>\\r\\n        <MERC_ORDER_DATE>20191212</MERC_ORDER_DATE>\\r\\n        <NOTIFY_URL>http://10.63.13.21:12790/simulator-web/mercservice/payOutBackNotify</NOTIFY_URL>\\r\\n        <BANK_NAME>平安银行</BANK_NAME>\\r\\n        <BANK_NO>105</BANK_NO>\\r\\n        <BANK_CITY>北京</BANK_CITY>\\r\\n        <TERMINAL_TYPE>01</TERMINAL_TYPE>\\r\\n        <CURRENCY>CNY</CURRENCY>\\r\\n        <ACCOUNT_PROP>0</ACCOUNT_PROP>\\r\\n        <MERCHANT_ID>800010000020019</MERCHANT_ID>\\r\\n        <REMARK2>备注2</REMARK2>\\r\\n        <REMARK3>备注3</REMARK3>\\r\\n        <EXTEND1></EXTEND1>\\r\\n        <EXTEND2></EXTEND2>\\r\\n        <EXTEND3></EXTEND3>\\r\\n        <ACCOUNT_NO>9559794382528934794</ACCOUNT_NO>\\r\\n        <ACCOUNT_NAME>张思远</ACCOUNT_NAME>\\r\\n    </BODY>\\r\\n</AIPG>\" ],\r\n  \"status\" : [ \"1\" ],\r\n  \"remark\" : [ \"123123\" ]\r\n}', '{\r\n  \"msg\" : \"操作成功\",\r\n  \"code\" : 0\r\n}', '0', null, '2019-12-13 17:06:40');
INSERT INTO `sys_oper_log` VALUES ('189', '报文实体', '2', 'com.ruoyi.web.controller.test.TestMessageController.editSave()', 'POST', '1', 'admin', '研发部门', '/test/message/edit', '127.0.0.1', '内网IP', '{\r\n  \"messageId\" : [ \"1\" ],\r\n  \"messageName\" : [ \"测试把我摁\" ],\r\n  \"messageType\" : [ \"3\" ],\r\n  \"interfaceName\" : [ \"singlePay\" ],\r\n  \"interfaceId\" : [ \"1\" ],\r\n  \"parameterJson\" : [ \"100030 2.0 0 0 2019121220151335559 signedMsg   04900  ABCD:EF01:2345:6789:ABCD:EF01:2345:6789|F0E1D2C3B4A5|352044063995403|460030912121001|898600680113F0123014|968778695A4B|116.360207,-39.921064|\" ],\r\n  \"status\" : [ \"1\" ],\r\n  \"remark\" : [ \"ceshibaowne\" ]\r\n}', '{\r\n  \"msg\" : \"操作成功\",\r\n  \"code\" : 0\r\n}', '0', null, '2019-12-13 18:23:04');
INSERT INTO `sys_oper_log` VALUES ('190', '报文实体', '2', 'com.ruoyi.web.controller.test.TestMessageController.editSave()', 'POST', '1', 'admin', '研发部门', '/test/message/edit', '127.0.0.1', '内网IP', '{\r\n  \"messageId\" : [ \"1\" ],\r\n  \"messageName\" : [ \"测试把我摁\" ],\r\n  \"messageType\" : [ \"3\" ],\r\n  \"interfaceName\" : [ \"singlePay\" ],\r\n  \"interfaceId\" : [ \"1\" ],\r\n  \"parameterJson\" : [ \"100030 2.0 0 0 2019121220151335559 signedMsg 04900 ABCD:EF01:2345:6789:ABCD:EF01:2345:6789|F0E1D2C3B4A5|352044063995403|460030912121001|898600680113F0123014|968778695A4B|116.360207,-39.921064|\" ],\r\n  \"status\" : [ \"1\" ],\r\n  \"remark\" : [ \"ceshibaowne\" ]\r\n}', '{\r\n  \"msg\" : \"操作成功\",\r\n  \"code\" : 0\r\n}', '0', null, '2019-12-13 18:26:55');
INSERT INTO `sys_oper_log` VALUES ('191', '报文实体', '2', 'com.ruoyi.web.controller.test.TestMessageController.editSave()', 'POST', '1', 'admin', '研发部门', '/test/message/edit', '127.0.0.1', '内网IP', '{\r\n  \"messageId\" : [ \"1\" ],\r\n  \"messageName\" : [ \"测试把我摁\" ],\r\n  \"messageType\" : [ \"3\" ],\r\n  \"interfaceName\" : [ \"singlePay\" ],\r\n  \"interfaceId\" : [ \"1\" ],\r\n  \"parameterJson\" : [ \"100030 2.0 0 0 2019121220151335559 signedMsg 04900 ABCD:EF01:2345:6789:ABCD:EF01:2345:6789|F0E1D2C3B4A5|352044063995403|460030912121001|898600680113F0123014|968778695A4B|116.360207,-39.921064|\" ],\r\n  \"status\" : [ \"1\" ],\r\n  \"remark\" : [ \"ceshibaowne\" ]\r\n}', '{\r\n  \"msg\" : \"操作成功\",\r\n  \"code\" : 0\r\n}', '0', null, '2019-12-13 18:39:15');
INSERT INTO `sys_oper_log` VALUES ('192', '报文实体', '2', 'com.ruoyi.web.controller.test.TestMessageController.editSave()', 'POST', '1', 'admin', '研发部门', '/test/message/edit', '127.0.0.1', '内网IP', '{\r\n  \"messageId\" : [ \"5\" ],\r\n  \"messageName\" : [ \"测试报文123\" ],\r\n  \"messageType\" : [ \"3\" ],\r\n  \"interfaceId\" : [ \"1\" ],\r\n  \"parameterJson\" : [ \"<AIPG>\\n    <INFO>\\n        <TRX_CODE>100030</TRX_CODE>\\n        <VERSION>2.0</VERSION>\\n        <DATA_TYPE>0</DATA_TYPE>\\n        <LEVEL>0</LEVEL>\\n        <REQ_SN>2019121220151335559</REQ_SN>\\n        <SIGNED_MSG>signedMsg</SIGNED_MSG>\\n    </INFO>\\n    <BODY>\\n        <BUSINESS_CODE>04900</BUSINESS_CODE>\\n        <DEVICE_INFO>\\n            ABCD:EF01:2345:6789:ABCD:EF01:2345:6789|F0E1D2C3B4A5|352044063995403|460030912121001|898600680113F0123014|968778695A4B|116.360207,-39.921064|\\n        </DEVICE_INFO>\\n        <REMARK>张思远做的单笔付款</REMARK>\\n        <TERMINALID>1111111111122233</TERMINALID>\\n        <BANK_SHORT_NAME>平安银行</BANK_SHORT_NAME>\\n        <ACCOUNT_TYPE>00</ACCOUNT_TYPE>\\n        <MERC_ORDER_NO>zsy20191212201514820167</MERC_ORDER_NO>\\n        <TRANS_AMT>0.01</TRANS_AMT>\\n        <BANK_PROVINCE>北京</BANK_PROVINCE>\\n        <MERC_ORDER_DATE>20191212</MERC_ORDER_DATE>\\n        <NOTIFY_URL>http://10.63.13.21:12790/simulator-web/mercservice/payOutBackNotify</NOTIFY_URL>\\n        <BANK_NAME>平安银行</BANK_NAME>\\n        <BANK_NO>105</BANK_NO>\\n        <BANK_CITY>北京</BANK_CITY>\\n        <TERMINAL_TYPE>01</TERMINAL_TYPE>\\n        <CURRENCY>CNY</CURRENCY>\\n        <ACCOUNT_PROP>0</ACCOUNT_PROP>\\n        <MERCHANT_ID>800010000020019</MERCHANT_ID>\\n        <REMARK2>备注2</REMARK2>\\n        <REMARK3>备注3</REMARK3>\\n        <EXTEND1></EXTEND1>\\n        <EXTEND2></EXTEND2>\\n        <EXTEND3></EXTEND3>\\n        <ACCOUNT_NO>9559794382528934794</ACCOUNT_NO>\\n        <ACCOUNT_NAME>张思远</ACCOUNT_NAME>\\n    </BODY>\\n</AIPG>\" ],\r\n  \"remark\" : [ \"123123\" ]\r\n}', '{\r\n  \"msg\" : \"操作成功\",\r\n  \"code\" : 0\r\n}', '0', null, '2019-12-15 13:15:08');
INSERT INTO `sys_oper_log` VALUES ('193', '报文实体', '2', 'com.ruoyi.web.controller.test.TestMessageController.editSave()', 'POST', '1', 'admin', '研发部门', '/test/message/edit', '127.0.0.1', '内网IP', '{\r\n  \"messageId\" : [ \"5\" ],\r\n  \"messageName\" : [ \"测试报文123\" ],\r\n  \"messageType\" : [ \"3\" ],\r\n  \"interfaceId\" : [ \"1\" ],\r\n  \"parameterJson\" : [ \"100030 2.0 0 0 2019121220151335559 signedMsg   04900  ABCD:EF01:2345:6789:ABCD:EF01:2345:6789|F0E1D2C3B4A5|352044063995403|460030912121001|898600680113F0123014|968778695A4B|116.360207,-39.921064|  张思远做的单笔付款 1111111111122233 平安银行 00 zsy20191212201514820167 0.01 北京 20191212 http://10.63.13.21:12790/simulator-web/mercservice/payOutBackNotify 平安银行 105 北京 01 CNY 0 800010000020019 备注2 备注3    9559794382528934794 张思远\" ],\r\n  \"remark\" : [ \"创造性常州市\" ]\r\n}', '{\r\n  \"msg\" : \"操作成功\",\r\n  \"code\" : 0\r\n}', '0', null, '2019-12-15 13:15:47');
INSERT INTO `sys_oper_log` VALUES ('194', '报文实体', '2', 'com.ruoyi.web.controller.test.TestMessageController.editSave()', 'POST', '1', 'admin', '研发部门', '/test/message/edit', '127.0.0.1', '内网IP', '{\r\n  \"messageId\" : [ \"5\" ],\r\n  \"messageName\" : [ \"测试报文123\" ],\r\n  \"messageType\" : [ \"3\" ],\r\n  \"interfaceId\" : [ \"1\" ],\r\n  \"parameterJson\" : [ \"100030 2.0 0 0 2019121220151335559 signedMsg 04900 ABCD:EF01:2345:6789:ABCD:EF01:2345:6789|F0E1D2C3B4A5|352044063995403|460030912121001|898600680113F0123014|968778695A4B|116.360207,-39.921064| 张思远做的单笔付款 1111111111122233 平安银行 00 zsy20191212201514820167 0.01 北京 20191212 http://10.63.13.21:12790/simulator-web/mercservice/payOutBackNotify 平安银行 105 北京 01 CNY 0 800010000020019 备注2 备注3 9559794382528934794 张思远\" ],\r\n  \"remark\" : [ \"创造性常州市\" ]\r\n}', '{\r\n  \"msg\" : \"操作成功\",\r\n  \"code\" : 0\r\n}', '0', null, '2019-12-15 13:18:11');
INSERT INTO `sys_oper_log` VALUES ('195', '报文实体', '2', 'com.ruoyi.web.controller.test.TestMessageController.editSave()', 'POST', '1', 'admin', '研发部门', '/test/message/edit', '127.0.0.1', '内网IP', '{\r\n  \"messageId\" : [ \"5\" ],\r\n  \"messageName\" : [ \"测试报文123\" ],\r\n  \"messageType\" : [ \"3\" ],\r\n  \"interfaceId\" : [ \"1\" ],\r\n  \"parameterJson\" : [ \"100030 2.0 0 0 2019121220151335559 signedMsg 04900 ABCD:EF01:2345:6789:ABCD:EF01:2345:6789|F0E1D2C3B4A5|352044063995403|460030912121001|898600680113F0123014|968778695A4B|116.360207,-39.921064| 张思远做的单笔付款 1111111111122233 平安银行 00 zsy20191212201514820167 0.01 北京 20191212 http://10.63.13.21:12790/simulator-web/mercservice/payOutBackNotify 平安银行 105 北京 01 CNY 0 800010000020019 备注2 备注3 9559794382528934794 张思远\" ],\r\n  \"remark\" : [ \"创造性常州市\" ]\r\n}', '{\r\n  \"msg\" : \"操作成功\",\r\n  \"code\" : 0\r\n}', '0', null, '2019-12-15 13:21:04');
INSERT INTO `sys_oper_log` VALUES ('196', '报文实体', '2', 'com.ruoyi.web.controller.test.TestMessageController.editSave()', 'POST', '1', 'admin', '研发部门', '/test/message/edit', '127.0.0.1', '内网IP', '{\r\n  \"messageId\" : [ \"5\" ],\r\n  \"messageName\" : [ \"测试报文123\" ],\r\n  \"messageType\" : [ \"3\" ],\r\n  \"interfaceId\" : [ \"1\" ],\r\n  \"parameterJson\" : [ \"100030 2.0 0 0 2019121220151335559 signedMsg 04900 ABCD:EF01:2345:6789:ABCD:EF01:2345:6789|F0E1D2C3B4A5|352044063995403|460030912121001|898600680113F0123014|968778695A4B|116.360207,-39.921064| 张思远做的单笔付款 1111111111122233 平安银行 00 zsy20191212201514820167 0.01 北京 20191212 http://10.63.13.21:12790/simulator-web/mercservice/payOutBackNotify 平安银行 105 北京 01 CNY 0 800010000020019 备注2 备注3 9559794382528934794 张思远\" ],\r\n  \"status\" : [ \"1\" ],\r\n  \"remark\" : [ \"创造性常州市\" ]\r\n}', '{\r\n  \"msg\" : \"操作成功\",\r\n  \"code\" : 0\r\n}', '0', null, '2019-12-15 13:24:50');
INSERT INTO `sys_oper_log` VALUES ('197', '报文实体', '2', 'com.ruoyi.web.controller.test.TestMessageController.editSave()', 'POST', '1', 'admin', '研发部门', '/test/message/edit', '127.0.0.1', '内网IP', '{\r\n  \"messageId\" : [ \"5\" ],\r\n  \"messageName\" : [ \"测试报文123\" ],\r\n  \"messageType\" : [ \"3\" ],\r\n  \"interfaceId\" : [ \"1\" ],\r\n  \"parameterJson\" : [ \"100030 2.0 0 0 2019121220151335559 signedMsg 04900 ABCD:EF01:2345:6789:ABCD:EF01:2345:6789|F0E1D2C3B4A5|352044063995403|460030912121001|898600680113F0123014|968778695A4B|116.360207,-39.921064| 张思远做的单笔付款 1111111111122233 平安银行 00 zsy20191212201514820167 0.01 北京 20191212 http://10.63.13.21:12790/simulator-web/mercservice/payOutBackNotify 平安银行 105 北京 01 CNY 0 800010000020019 备注2 备注3 9559794382528934794 张思远\" ],\r\n  \"status\" : [ \"1\" ],\r\n  \"remark\" : [ \"创造性常州市\" ]\r\n}', '{\r\n  \"msg\" : \"操作成功\",\r\n  \"code\" : 0\r\n}', '0', null, '2019-12-15 13:25:04');
INSERT INTO `sys_oper_log` VALUES ('198', '报文实体', '2', 'com.ruoyi.web.controller.test.TestMessageController.editSave()', 'POST', '1', 'admin', '研发部门', '/test/message/edit', '127.0.0.1', '内网IP', '{\r\n  \"messageId\" : [ \"5\" ],\r\n  \"messageName\" : [ \"测试报文123\" ],\r\n  \"messageType\" : [ \"3\" ],\r\n  \"interfaceId\" : [ \"1\" ],\r\n  \"parameterJson\" : [ \"100030 2.0 0 0 2019121220151335559 signedMsg 04900 ABCD:EF01:2345:6789:ABCD:EF01:2345:6789|F0E1D2C3B4A5|352044063995403|460030912121001|898600680113F0123014|968778695A4B|116.360207,-39.921064| 张思远做的单笔付款 1111111111122233 平安银行 00 zsy20191212201514820167 0.01 北京 20191212 http://10.63.13.21:12790/simulator-web/mercservice/payOutBackNotify 平安银行 105 北京 01 CNY 0 800010000020019 备注2 备注3 9559794382528934794 张思远\" ],\r\n  \"status\" : [ \"2\" ],\r\n  \"remark\" : [ \"创造性常州市\" ]\r\n}', '{\r\n  \"msg\" : \"操作成功\",\r\n  \"code\" : 0\r\n}', '0', null, '2019-12-15 13:33:43');
INSERT INTO `sys_oper_log` VALUES ('199', '报文实体', '2', 'com.ruoyi.web.controller.test.TestMessageController.editSave()', 'POST', '1', 'admin', '研发部门', '/test/message/edit', '127.0.0.1', '内网IP', '{\r\n  \"messageId\" : [ \"5\" ],\r\n  \"messageName\" : [ \"测试报文123\" ],\r\n  \"messageType\" : [ \"3\" ],\r\n  \"interfaceId\" : [ \"1\" ],\r\n  \"parameterJson\" : [ \"<AIPG>\\n    <INFO>\\n        <TRX_CODE>100030</TRX_CODE>\\n        <VERSION>2.0</VERSION>\\n        <DATA_TYPE>0</DATA_TYPE>\\n        <LEVEL>0</LEVEL>\\n        <REQ_SN>2019121220151335559</REQ_SN>\\n        <SIGNED_MSG>signedMsg</SIGNED_MSG>\\n    </INFO>\\n    <BODY>\\n        <BUSINESS_CODE>04900</BUSINESS_CODE>\\n        <DEVICE_INFO>\\n            ABCD:EF01:2345:6789:ABCD:EF01:2345:6789|F0E1D2C3B4A5|352044063995403|460030912121001|898600680113F0123014|968778695A4B|116.360207,-39.921064|\\n        </DEVICE_INFO>\\n        <REMARK>张思远做的单笔付款</REMARK>\\n        <TERMINALID>1111111111122233</TERMINALID>\\n        <BANK_SHORT_NAME>平安银行</BANK_SHORT_NAME>\\n        <ACCOUNT_TYPE>00</ACCOUNT_TYPE>\\n        <MERC_ORDER_NO>zsy20191212201514820167</MERC_ORDER_NO>\\n        <TRANS_AMT>0.01</TRANS_AMT>\\n        <BANK_PROVINCE>北京</BANK_PROVINCE>\\n        <MERC_ORDER_DATE>20191212</MERC_ORDER_DATE>\\n        <NOTIFY_URL>http://10.63.13.21:12790/simulator-web/mercservice/payOutBackNotify</NOTIFY_URL>\\n        <BANK_NAME>平安银行</BANK_NAME>\\n        <BANK_NO>105</BANK_NO>\\n        <BANK_CITY>北京</BANK_CITY>\\n        <TERMINAL_TYPE>01</TERMINAL_TYPE>\\n        <CURRENCY>CNY</CURRENCY>\\n        <ACCOUNT_PROP>0</ACCOUNT_PROP>\\n        <MERCHANT_ID>800010000020019</MERCHANT_ID>\\n        <REMARK2>备注2</REMARK2>\\n        <REMARK3>备注3</REMARK3>\\n        <EXTEND1></EXTEND1>\\n        <EXTEND2></EXTEND2>\\n        <EXTEND3></EXTEND3>\\n        <ACCOUNT_NO>9559794382528934794</ACCOUNT_NO>\\n        <ACCOUNT_NAME>张思远</ACCOUNT_NAME>\\n    </BODY>\\n</AIPG>\" ],\r\n  \"status\" : [ \"2\" ],\r\n  \"remark\" : [ \"创造性常州市\" ]\r\n}', '{\r\n  \"msg\" : \"操作成功\",\r\n  \"code\" : 0\r\n}', '0', null, '2019-12-15 13:37:46');
INSERT INTO `sys_oper_log` VALUES ('200', '报文实体', '2', 'com.ruoyi.web.controller.test.TestMessageController.editSave()', 'POST', '1', 'admin', '研发部门', '/test/message/edit', '127.0.0.1', '内网IP', '{\r\n  \"messageId\" : [ \"5\" ],\r\n  \"messageName\" : [ \"测试报文123\" ],\r\n  \"messageType\" : [ \"3\" ],\r\n  \"interfaceId\" : [ \"1\" ],\r\n  \"parameterJson\" : [ \"100030 2.0 0 0 2019121220151335559 signedMsg   04900  ABCD:EF01:2345:6789:ABCD:EF01:2345:6789|F0E1D2C3B4A5|352044063995403|460030912121001|898600680113F0123014|968778695A4B|116.360207,-39.921064|  张思远做的单笔付款 1111111111122233 平安银行 00 zsy20191212201514820167 0.01 北京 20191212 http://10.63.13.21:12790/simulator-web/mercservice/payOutBackNotify 平安银行 105 北京 01 CNY 0 800010000020019 备注2 备注3    9559794382528934794 张思远\" ],\r\n  \"status\" : [ \"2\" ],\r\n  \"remark\" : [ \"创造性常州市\" ]\r\n}', '{\r\n  \"msg\" : \"操作成功\",\r\n  \"code\" : 0\r\n}', '0', null, '2019-12-15 13:40:25');
INSERT INTO `sys_oper_log` VALUES ('201', '报文实体', '2', 'com.ruoyi.web.controller.test.TestMessageController.editSave()', 'POST', '1', 'admin', '研发部门', '/test/message/edit', '127.0.0.1', '内网IP', '{\r\n  \"messageId\" : [ \"5\" ],\r\n  \"messageName\" : [ \"测试报文123\" ],\r\n  \"messageType\" : [ \"3\" ],\r\n  \"interfaceId\" : [ \"1\" ],\r\n  \"parameterJson\" : [ \"<AIPG>\\n    <INFO>\\n        <TRX_CODE>100030</TRX_CODE>\\n        <VERSION>2.0</VERSION>\\n        <DATA_TYPE>0</DATA_TYPE>\\n        <LEVEL>0</LEVEL>\\n        <REQ_SN>2019121220151335559</REQ_SN>\\n        <SIGNED_MSG>signedMsg</SIGNED_MSG>\\n    </INFO>\\n    <BODY>\\n        <BUSINESS_CODE>04900</BUSINESS_CODE>\\n        <DEVICE_INFO>\\n            ABCD:EF01:2345:6789:ABCD:EF01:2345:6789|F0E1D2C3B4A5|352044063995403|460030912121001|898600680113F0123014|968778695A4B|116.360207,-39.921064|\\n        </DEVICE_INFO>\\n        <REMARK>张思远做的单笔付款</REMARK>\\n        <TERMINALID>1111111111122233</TERMINALID>\\n        <BANK_SHORT_NAME>平安银行</BANK_SHORT_NAME>\\n        <ACCOUNT_TYPE>00</ACCOUNT_TYPE>\\n        <MERC_ORDER_NO>zsy20191212201514820167</MERC_ORDER_NO>\\n        <TRANS_AMT>0.01</TRANS_AMT>\\n        <BANK_PROVINCE>北京</BANK_PROVINCE>\\n        <MERC_ORDER_DATE>20191212</MERC_ORDER_DATE>\\n        <NOTIFY_URL>http://10.63.13.21:12790/simulator-web/mercservice/payOutBackNotify</NOTIFY_URL>\\n        <BANK_NAME>平安银行</BANK_NAME>\\n        <BANK_NO>105</BANK_NO>\\n        <BANK_CITY>北京</BANK_CITY>\\n        <TERMINAL_TYPE>01</TERMINAL_TYPE>\\n        <CURRENCY>CNY</CURRENCY>\\n        <ACCOUNT_PROP>0</ACCOUNT_PROP>\\n        <MERCHANT_ID>800010000020019</MERCHANT_ID>\\n        <REMARK2>备注2</REMARK2>\\n        <REMARK3>备注3</REMARK3>\\n        <EXTEND1></EXTEND1>\\n        <EXTEND2></EXTEND2>\\n        <EXTEND3></EXTEND3>\\n        <ACCOUNT_NO>9559794382528934794</ACCOUNT_NO>\\n        <ACCOUNT_NAME>张思远</ACCOUNT_NAME>\\n    </BODY>\\n</AIPG>\" ],\r\n  \"status\" : [ \"2\" ],\r\n  \"remark\" : [ \"创造性常州市\" ]\r\n}', '{\r\n  \"msg\" : \"操作成功\",\r\n  \"code\" : 0\r\n}', '0', null, '2019-12-15 13:40:51');
INSERT INTO `sys_oper_log` VALUES ('202', '报文实体', '2', 'com.ruoyi.web.controller.test.TestMessageController.editSave()', 'POST', '1', 'admin', '研发部门', '/test/message/edit', '127.0.0.1', '内网IP', '{\r\n  \"messageId\" : [ \"5\" ],\r\n  \"messageName\" : [ \"测试报文123\" ],\r\n  \"messageType\" : [ \"3\" ],\r\n  \"interfaceId\" : [ \"1\" ],\r\n  \"parameterJson\" : [ \"100030 2.0 0 0 2019121220151335559 signedMsg   04900  ABCD:EF01:2345:6789:ABCD:EF01:2345:6789|F0E1D2C3B4A5|352044063995403|460030912121001|898600680113F0123014|968778695A4B|116.360207,-39.921064|  张思远做的单笔付款 1111111111122233 平安银行 00 zsy20191212201514820167 0.01 北京 20191212 http://10.63.13.21:12790/simulator-web/mercservice/payOutBackNotify 平安银行 105 北京 01 CNY 0 800010000020019 备注2 备注3    9559794382528934794 张思远\" ],\r\n  \"status\" : [ \"2\" ],\r\n  \"remark\" : [ \"创造性常州市\" ]\r\n}', '{\r\n  \"msg\" : \"操作成功\",\r\n  \"code\" : 0\r\n}', '0', null, '2019-12-15 13:41:25');
INSERT INTO `sys_oper_log` VALUES ('203', '报文实体', '2', 'com.ruoyi.web.controller.test.TestMessageController.editSave()', 'POST', '1', 'admin', '研发部门', '/test/message/edit', '127.0.0.1', '内网IP', '{\r\n  \"messageId\" : [ \"5\" ],\r\n  \"messageName\" : [ \"测试报文123\" ],\r\n  \"messageType\" : [ \"3\" ],\r\n  \"interfaceId\" : [ \"1\" ],\r\n  \"parameterJson\" : [ \"<AIPG>\\n    <INFO>\\n        <TRX_CODE>100030</TRX_CODE>\\n        <VERSION>2.0</VERSION>\\n        <DATA_TYPE>0</DATA_TYPE>\\n        <LEVEL>0</LEVEL>\\n        <REQ_SN>2019121220151335559</REQ_SN>\\n        <SIGNED_MSG>signedMsg</SIGNED_MSG>\\n    </INFO>\\n    <BODY>\\n        <BUSINESS_CODE>04900</BUSINESS_CODE>\\n        <DEVICE_INFO>\\n            ABCD:EF01:2345:6789:ABCD:EF01:2345:6789|F0E1D2C3B4A5|352044063995403|460030912121001|898600680113F0123014|968778695A4B|116.360207,-39.921064|\\n        </DEVICE_INFO>\\n        <REMARK>张思远做的单笔付款</REMARK>\\n        <TERMINALID>1111111111122233</TERMINALID>\\n        <BANK_SHORT_NAME>平安银行</BANK_SHORT_NAME>\\n        <ACCOUNT_TYPE>00</ACCOUNT_TYPE>\\n        <MERC_ORDER_NO>zsy20191212201514820167</MERC_ORDER_NO>\\n        <TRANS_AMT>0.01</TRANS_AMT>\\n        <BANK_PROVINCE>北京</BANK_PROVINCE>\\n        <MERC_ORDER_DATE>20191212</MERC_ORDER_DATE>\\n        <NOTIFY_URL>http://10.63.13.21:12790/simulator-web/mercservice/payOutBackNotify</NOTIFY_URL>\\n        <BANK_NAME>平安银行</BANK_NAME>\\n        <BANK_NO>105</BANK_NO>\\n        <BANK_CITY>北京</BANK_CITY>\\n        <TERMINAL_TYPE>01</TERMINAL_TYPE>\\n        <CURRENCY>CNY</CURRENCY>\\n        <ACCOUNT_PROP>0</ACCOUNT_PROP>\\n        <MERCHANT_ID>800010000020019</MERCHANT_ID>\\n        <REMARK2>备注2</REMARK2>\\n        <REMARK3>备注3</REMARK3>\\n        <EXTEND1></EXTEND1>\\n        <EXTEND2></EXTEND2>\\n        <EXTEND3></EXTEND3>\\n        <ACCOUNT_NO>9559794382528934794</ACCOUNT_NO>\\n        <ACCOUNT_NAME>张思远</ACCOUNT_NAME>\\n    </BODY>\\n</AIPG>\" ],\r\n  \"status\" : [ \"2\" ],\r\n  \"remark\" : [ \"创造性常州市\" ]\r\n}', '{\r\n  \"msg\" : \"操作成功\",\r\n  \"code\" : 0\r\n}', '0', null, '2019-12-15 13:41:40');
INSERT INTO `sys_oper_log` VALUES ('204', '报文实体', '2', 'com.ruoyi.web.controller.test.TestMessageController.editSave()', 'POST', '1', 'admin', '研发部门', '/test/message/edit', '127.0.0.1', '内网IP', '{\r\n  \"messageId\" : [ \"5\" ],\r\n  \"messageName\" : [ \"测试报文123\" ],\r\n  \"messageType\" : [ \"3\" ],\r\n  \"interfaceId\" : [ \"1\" ],\r\n  \"parameterJson\" : [ \"<AIPG>\\n    <INFO>\\n        <TRX_CODE>100030</TRX_CODE>\\n        <VERSION>2.0</VERSION>\\n        <DATA_TYPE>0</DATA_TYPE>\\n        <LEVEL>0</LEVEL>\\n        <REQ_SN>2019121220151335559</REQ_SN>\\n        <SIGNED_MSG>signedMsg</SIGNED_MSG>\\n    </INFO>\\n    <BODY>\\n        <BUSINESS_CODE>04900</BUSINESS_CODE>\\n        <DEVICE_INFO>\\n            ABCD:EF01:2345:6789:ABCD:EF01:2345:6789|F0E1D2C3B4A5|352044063995403|460030912121001|898600680113F0123014|968778695A4B|116.360207,-39.921064|\\n        </DEVICE_INFO>\\n        <REMARK>张思远做的单笔付款</REMARK>\\n        <TERMINALID>1111111111122233</TERMINALID>\\n        <BANK_SHORT_NAME>平安银行</BANK_SHORT_NAME>\\n        <ACCOUNT_TYPE>00</ACCOUNT_TYPE>\\n        <MERC_ORDER_NO>zsy20191212201514820167</MERC_ORDER_NO>\\n        <TRANS_AMT>0.01</TRANS_AMT>\\n        <BANK_PROVINCE>北京</BANK_PROVINCE>\\n        <MERC_ORDER_DATE>20191212</MERC_ORDER_DATE>\\n        <NOTIFY_URL>http://10.63.13.21:12790/simulator-web/mercservice/payOutBackNotify</NOTIFY_URL>\\n        <BANK_NAME>平安银行</BANK_NAME>\\n        <BANK_NO>105</BANK_NO>\\n        <BANK_CITY>北京</BANK_CITY>\\n        <TERMINAL_TYPE>01</TERMINAL_TYPE>\\n        <CURRENCY>CNY</CURRENCY>\\n        <ACCOUNT_PROP>0</ACCOUNT_PROP>\\n        <MERCHANT_ID>800010000020019</MERCHANT_ID>\\n        <REMARK2>备注2</REMARK2>\\n        <REMARK3>备注3</REMARK3>\\n        <EXTEND1></EXTEND1>\\n        <EXTEND2></EXTEND2>\\n        <EXTEND3></EXTEND3>\\n        <ACCOUNT_NO>9559794382528934794</ACCOUNT_NO>\\n        <ACCOUNT_NAME>张思远</ACCOUNT_NAME>\\n    </BODY>\\n</AIPG>\" ],\r\n  \"status\" : [ \"2\" ],\r\n  \"remark\" : [ \"创造性常州市\" ]\r\n}', '{\r\n  \"msg\" : \"操作成功\",\r\n  \"code\" : 0\r\n}', '0', null, '2019-12-15 13:42:25');
INSERT INTO `sys_oper_log` VALUES ('205', '报文实体', '2', 'com.ruoyi.web.controller.test.TestMessageController.editSave()', 'POST', '1', 'admin', '研发部门', '/test/message/edit', '127.0.0.1', '内网IP', '{\r\n  \"messageId\" : [ \"5\" ],\r\n  \"messageName\" : [ \"测试报文123\" ],\r\n  \"messageType\" : [ \"3\" ],\r\n  \"interfaceId\" : [ \"1\" ],\r\n  \"parameterJson\" : [ \"<AIPG>     <INFO>         <TRX_CODE>100030</TRX_CODE>         <VERSION>2.0</VERSION>         <DATA_TYPE>0</DATA_TYPE>         <LEVEL>0</LEVEL>         <REQ_SN>2019121220151335559</REQ_SN>         <SIGNED_MSG>signedMsg</SIGNED_MSG>     </INFO>     <BODY>         <BUSINESS_CODE>04900</BUSINESS_CODE>         <DEVICE_INFO>             ABCD:EF01:2345:6789:ABCD:EF01:2345:6789|F0E1D2C3B4A5|352044063995403|460030912121001|898600680113F0123014|968778695A4B|116.360207,-39.921064|         </DEVICE_INFO>         <REMARK>张思远做的单笔付款</REMARK>         <TERMINALID>1111111111122233</TERMINALID>         <BANK_SHORT_NAME>平安银行</BANK_SHORT_NAME>         <ACCOUNT_TYPE>00</ACCOUNT_TYPE>         <MERC_ORDER_NO>zsy20191212201514820167</MERC_ORDER_NO>         <TRANS_AMT>0.01</TRANS_AMT>         <BANK_PROVINCE>北京</BANK_PROVINCE>         <MERC_ORDER_DATE>20191212</MERC_ORDER_DATE>         <NOTIFY_URL>http://10.63.13.21:12790/simulator-web/mercservice/payOutBackNotify</NOTIFY_URL>         <BANK_NAME>平安银行</BANK_NAME>         <BANK_NO>105</BANK_NO>         <BANK_CITY>北京</BANK_CITY>         <TERMINAL_TYPE>01</TERMINAL_TYPE>         <CURRENCY>CNY</CURRENCY>         <ACCOUNT_PROP>0</ACCOUNT_PROP>         <MERCHANT_ID>800010000020019</MERCHANT_ID>         <REMARK2>备注2</REMARK2>         <REMARK3>备注3</REMARK3>         <EXTEND1></EXTEND1>         <EXTEND2></EXTEND2>         <EXTEND3></EXTEND3>         <ACCOUNT_NO>9559794382528934794</ACCOUNT_NO>         <ACCOUNT_NAME>张思远</ACCOUNT_NAME>     </BODY> </AIPG>\" ],\r\n  \"status\" : [ \"1\" ],\r\n  \"remark\" : [ \"创造性常州市\" ]\r\n}', '{\r\n  \"msg\" : \"操作成功\",\r\n  \"code\" : 0\r\n}', '0', null, '2019-12-15 13:56:50');
INSERT INTO `sys_oper_log` VALUES ('206', '报文实体', '2', 'com.ruoyi.web.controller.test.TestMessageController.editSave()', 'POST', '1', 'admin', '研发部门', '/test/message/edit', '127.0.0.1', '内网IP', '{\r\n  \"messageId\" : [ \"5\" ],\r\n  \"messageName\" : [ \"测试报文123\" ],\r\n  \"messageType\" : [ \"3\" ],\r\n  \"interfaceId\" : [ \"1\" ],\r\n  \"parameterJson\" : [ \"{\\n\\t\\\"AIPG\\\":{\\n\\t\\t\\\"INFO\\\":{\\n\\t\\t\\t\\\"TRX_CODE\\\":\\\"100030\\\",\\n\\t\\t\\t\\\"VERSION\\\":\\\"2.0\\\",\\n\\t\\t\\t\\\"DATA_TYPE\\\":\\\"0\\\",\\n\\t\\t\\t\\\"LEVEL\\\":\\\"0\\\",\\n\\t\\t\\t\\\"REQ_SN\\\":\\\"2019121220151335559\\\",\\n\\t\\t\\t\\\"SIGNED_MSG\\\":\\\"signedMsg\\\"\\n\\t\\t},\\n\\t\\t\\\"BODY\\\":{\\n\\t\\t\\t\\\"BUSINESS_CODE\\\":\\\"04900\\\",\\n\\t\\t\\t\\\"DEVICE_INFO\\\":\\\"\\\\n            ABCD:EF01:2345:6789:ABCD:EF01:2345:6789|F0E1D2C3B4A5|352044063995403|460030912121001|898600680113F0123014|968778695A4B|116.360207,-39.921064|\\\\n        \\\",\\n\\t\\t\\t\\\"REMARK\\\":\\\"张思远做的单笔付款\\\",\\n\\t\\t\\t\\\"TERMINALID\\\":\\\"1111111111122233\\\",\\n\\t\\t\\t\\\"BANK_SHORT_NAME\\\":\\\"平安银行\\\",\\n\\t\\t\\t\\\"ACCOUNT_TYPE\\\":\\\"00\\\",\\n\\t\\t\\t\\\"MERC_ORDER_NO\\\":\\\"zsy20191212201514820167\\\",\\n\\t\\t\\t\\\"TRANS_AMT\\\":\\\"0.01\\\",\\n\\t\\t\\t\\\"BANK_PROVINCE\\\":\\\"北京\\\",\\n\\t\\t\\t\\\"MERC_ORDER_DATE\\\":\\\"20191212\\\",\\n\\t\\t\\t\\\"NOTIFY_URL\\\":\\\"http://10.63.13.21:12790/simulator-web/mercservice/payOutBackNotify\\\",\\n\\t\\t\\t\\\"BANK_NAME\\\":\\\"平安银行\\\",\\n\\t\\t\\t\\\"BANK_NO\\\":\\\"105\\\",\\n\\t\\t\\t\\\"BANK_CITY\\\":\\\"北京\\\",\\n\\t\\t\\t\\\"TERMINAL_TYPE\\\":\\\"01\\\",\\n\\t\\t\\t\\\"CURRENCY\\\":\\\"CNY\\\",\\n\\t\\t\\t\\\"ACCOUNT_PROP\\\":\\\"0\\\",\\n\\t\\t\\t\\\"MERCHANT_ID\\\":\\\"800010000020019\\\",\\n\\t\\t\\t\\\"REMARK2\\\":\\\"备注2\\\",\\n\\t\\t\\t\\\"REMARK3\\\":\\\"备注3\\\",\\n\\t\\t\\t\\\"EXTEND1\\\":null,\\n\\t\\t\\t\\\"EXTEND2\\\":null,\\n\\t\\t\\t\\\"EXTEND3\\\":null,\\n\\t\\t\\t\\\"ACCOUNT_NO\\\":\\\"9559794382528934794\\\",\\n\\t\\t\\t\\\"ACCOUNT_NAME\\\":\\\"张思远\\\"\\n\\t\\t}\\n\\t}\\n}\" ],\r\n  \"status\" : [ \"1\" ],\r\n  \"remark\" : [ \"创造性常州市\" ]\r\n}', '{\r\n  \"msg\" : \"操作成功\",\r\n  \"code\" : 0\r\n}', '0', null, '2019-12-15 14:03:57');
INSERT INTO `sys_oper_log` VALUES ('207', '用户管理', '2', 'com.ruoyi.web.controller.system.SysUserController.editSave()', 'POST', '1', 'admin', '研发部门', '/system/user/edit', '127.0.0.1', '内网IP', '{\r\n  \"userId\" : [ \"1\" ],\r\n  \"deptId\" : [ \"103\" ],\r\n  \"userName\" : [ \"CalmDownsy\" ],\r\n  \"dept.deptName\" : [ \"研发部门\" ],\r\n  \"phonenumber\" : [ \"15888888888\" ],\r\n  \"email\" : [ \"calmdownsy@163.com\" ],\r\n  \"loginName\" : [ \"admin\" ],\r\n  \"sex\" : [ \"0\" ],\r\n  \"role\" : [ \"1\" ],\r\n  \"remark\" : [ \"管理员\" ],\r\n  \"status\" : [ \"0\" ],\r\n  \"roleIds\" : [ \"1\" ],\r\n  \"postIds\" : [ \"1\" ]\r\n}', '{\r\n  \"msg\" : \"不允许修改超级管理员用户\",\r\n  \"code\" : 500\r\n}', '0', null, '2019-12-15 14:18:58');
INSERT INTO `sys_oper_log` VALUES ('208', '报文实体', '2', 'com.ruoyi.web.controller.test.TestMessageController.editSave()', 'POST', '1', 'admin', '研发部门', '/test/message/edit', '127.0.0.1', '内网IP', '{\r\n  \"messageId\" : [ \"4\" ],\r\n  \"messageName\" : [ \"123123\" ],\r\n  \"messageType\" : [ \"1\" ],\r\n  \"interfaceId\" : [ \"3\" ],\r\n  \"parameterJson\" : [ \"<!--请求信息 single/singlePay -->\\n<request name=\\\"AIPG\\\"><info name=\\\"INFO\\\"><element name=\\\"TRX_CODE\\\" property=\\\"TRX_CODE\\\"/><element name=\\\"VERSION\\\" property=\\\"VERSION\\\"/><element name=\\\"DATA_TYPE\\\" property=\\\"DATA_TYPE\\\"/><element name=\\\"LEVEL\\\"/><element name=\\\"USER_NAME\\\"/><element name=\\\"USER_PASS\\\"/><element name=\\\"REQ_SN\\\" property=\\\"MERC_ORDER_NO\\\"/><element name=\\\"SIGNED_MSG\\\" property=\\\"SIGNED_MSG\\\"/></info><body name=\\\"BODY\\\"><wrap name=\\\"TRANS_DETAIL\\\"><element name=\\\"BUSINESS_CODE\\\" property=\\\"BUSINESS_CODE\\\"/><element name=\\\"MERCHANT_ID\\\" property=\\\"MERCHANT_ID\\\"/><element name=\\\"SEND_TIME\\\"/><element name=\\\"SEND_DT\\\" property=\\\"MERC_ORDER_DATE\\\"/><element name=\\\"E_USER_CODE\\\"/><element name=\\\"BANK_CODE\\\" property=\\\"BANK_NO\\\"/><element name=\\\"ACCOUNT_TYPE\\\" property=\\\"ACCOUNT_TYPE\\\"/><element name=\\\"ACCOUNT_NO\\\" property=\\\"ACCOUNT_NO\\\"/><element name=\\\"ACCOUNT_NAME\\\" property=\\\"ACCOUNT_NAME\\\"/><element name=\\\"PROVINCE\\\" property=\\\"BANK_PROVINCE\\\"/><element name=\\\"CITY\\\" property=\\\"BANK_CITY\\\"/><element name=\\\"BANK_NAME\\\" property=\\\"BANK_NAME\\\"/><element name=\\\"ACCOUNT_PROP\\\" property=\\\"ACCOUNT_PROP\\\"/><element name=\\\"AMOUNT\\\" property=\\\"TRANS_AMT\\\"/><element name=\\\"CURRENCY\\\" property=\\\"CURRENCY\\\"/><element name=\\\"ID_TYPE\\\"/><element name=\\\"ID\\\"/><element name=\\\"TEL\\\"/><element name=\\\"REMARK\\\" property=\\\"REMARK\\\"/><element name=\\\"RESERVE1\\\" property=\\\"BANK_SHORT_NAME\\\"/><element name=\\\"RESERVE2\\\"/><element name=\\\"RESERVE3\\\"/><element name=\\\"RESERVE4\\\"/><element name=\\\"USE\\\"/></wrap></body></request>\" ],\r\n  \"status\" : [ \"1\" ],\r\n  \"remark\" : [ \"12的\" ]\r\n}', '{\r\n  \"msg\" : \"操作成功\",\r\n  \"code\" : 0\r\n}', '0', null, '2019-12-15 14:22:39');
INSERT INTO `sys_oper_log` VALUES ('209', '报文实体', '2', 'com.ruoyi.web.controller.test.TestMessageController.editSave()', 'POST', '1', 'admin', '研发部门', '/test/message/edit', '127.0.0.1', '内网IP', '{\r\n  \"messageId\" : [ \"4\" ],\r\n  \"messageName\" : [ \"123123\" ],\r\n  \"messageType\" : [ \"1\" ],\r\n  \"interfaceId\" : [ \"3\" ],\r\n  \"parameterJson\" : [ \"<!--请求信息 single/singlePay -->\\n<request name=\\\"AIPG\\\"><info name=\\\"INFO\\\"><element name=\\\"TRX_CODE\\\" property=\\\"TRX_CODE\\\"/><element name=\\\"VERSION\\\" property=\\\"VERSION\\\"/><element name=\\\"DATA_TYPE\\\" property=\\\"DATA_TYPE\\\"/><element name=\\\"LEVEL\\\"/><element name=\\\"USER_NAME\\\"/><element name=\\\"USER_PASS\\\"/><element name=\\\"REQ_SN\\\" property=\\\"MERC_ORDER_NO\\\"/><element name=\\\"SIGNED_MSG\\\" property=\\\"SIGNED_MSG\\\"/></info><body name=\\\"BODY\\\"><wrap name=\\\"TRANS_DETAIL\\\"><element name=\\\"BUSINESS_CODE\\\" property=\\\"BUSINESS_CODE\\\"/><element name=\\\"MERCHANT_ID\\\" property=\\\"MERCHANT_ID\\\"/><element name=\\\"SEND_TIME\\\"/><element name=\\\"SEND_DT\\\" property=\\\"MERC_ORDER_DATE\\\"/><element name=\\\"E_USER_CODE\\\"/><element name=\\\"BANK_CODE\\\" property=\\\"BANK_NO\\\"/><element name=\\\"ACCOUNT_TYPE\\\" property=\\\"ACCOUNT_TYPE\\\"/><element name=\\\"ACCOUNT_NO\\\" property=\\\"ACCOUNT_NO\\\"/><element name=\\\"ACCOUNT_NAME\\\" property=\\\"ACCOUNT_NAME\\\"/><element name=\\\"PROVINCE\\\" property=\\\"BANK_PROVINCE\\\"/><element name=\\\"CITY\\\" property=\\\"BANK_CITY\\\"/><element name=\\\"BANK_NAME\\\" property=\\\"BANK_NAME\\\"/><element name=\\\"ACCOUNT_PROP\\\" property=\\\"ACCOUNT_PROP\\\"/><element name=\\\"AMOUNT\\\" property=\\\"TRANS_AMT\\\"/><element name=\\\"CURRENCY\\\" property=\\\"CURRENCY\\\"/><element name=\\\"ID_TYPE\\\"/><element name=\\\"ID\\\"/><element name=\\\"TEL\\\"/><element name=\\\"REMARK\\\" property=\\\"REMARK\\\"/><element name=\\\"RESERVE1\\\" property=\\\"BANK_SHORT_NAME\\\"/><element name=\\\"RESERVE2\\\"/><element name=\\\"RESERVE3\\\"/><element name=\\\"RESERVE4\\\"/><element name=\\\"USE\\\"/></wrap></body></request>\" ],\r\n  \"status\" : [ \"1\" ],\r\n  \"remark\" : [ \"12的\" ]\r\n}', '{\r\n  \"msg\" : \"操作成功\",\r\n  \"code\" : 0\r\n}', '0', null, '2019-12-15 14:22:57');
INSERT INTO `sys_oper_log` VALUES ('210', '报文实体', '2', 'com.ruoyi.web.controller.test.TestMessageController.editSave()', 'POST', '1', 'admin', '研发部门', '/test/message/edit', '127.0.0.1', '内网IP', '{\r\n  \"messageId\" : [ \"4\" ],\r\n  \"messageName\" : [ \"123123\" ],\r\n  \"messageType\" : [ \"1\" ],\r\n  \"interfaceId\" : [ \"3\" ],\r\n  \"parameterJson\" : [ \"100030 2.0 0 0 2019121220151335559 signedMsg   04900  ABCD:EF01:2345:6789:ABCD:EF01:2345:6789|F0E1D2C3B4A5|352044063995403|460030912121001|898600680113F0123014|968778695A4B|116.36020<!--请求信息 single/singlePay -->\\n<request name=\\\"AIPG\\\"><info name=\\\"INFO\\\"><element name=\\\"TRX_CODE\\\" property=\\\"TRX_CODE\\\"/><element name=\\\"VERSION\\\" property=\\\"VERSION\\\"/><element name=\\\"DATA_TYPE\\\" property=\\\"DATA_TYPE\\\"/><element name=\\\"LEVEL\\\"/><element name=\\\"USER_NAME\\\"/><element name=\\\"USER_PASS\\\"/><element name=\\\"REQ_SN\\\" property=\\\"MERC_ORDER_NO\\\"/><element name=\\\"SIGNED_MSG\\\" property=\\\"SIGNED_MSG\\\"/></info><body name=\\\"BODY\\\"><wrap name=\\\"TRANS_DETAIL\\\"><element name=\\\"BUSINESS_CODE\\\" property=\\\"BUSINESS_CODE\\\"/><element name=\\\"MERCHANT_ID\\\" property=\\\"MERCHANT_ID\\\"/><element name=\\\"SEND_TIME\\\"/><element name=\\\"SEND_DT\\\" property=\\\"MERC_ORDER_DATE\\\"/><element name=\\\"E_USER_CODE\\\"/><element name=\\\"BANK_CODE\\\" property=\\\"BANK_NO\\\"/><element name=\\\"ACCOUNT_TYPE\\\" property=\\\"ACCOUNT_TYPE\\\"/><element name=\\\"ACCOUNT_NO\\\" property=\\\"ACCOUNT_NO\\\"/><element name=\\\"ACCOUNT_NAME\\\" property=\\\"ACCOUNT_NAME\\\"/><element name=\\\"PROVINCE\\\" property=\\\"BANK_PROVINCE\\\"/><element name=\\\"CITY\\\" property=\\\"BANK_CITY\\\"/><element name=\\\"BANK_NAME\\\" property=\\\"BANK_NAME\\\"/><element name=\\\"ACCOUNT_PROP\\\" property=\\\"ACCOUNT_PROP\\\"/><element name=\\\"AMOUNT\\\" property=\\\"TRANS_AMT\\\"/><element name=\\\"CURRENCY\\\" property=\\\"CURRENCY\\\"/><element name=\\\"ID_TYPE\\\"/><element name=\\\"ID\\\"/><element name=\\\"TEL\\\"/><element name=\\\"REMARK\\\" property=\\\"REMARK\\\"/><element name=\\\"RESERVE1\\\" property=\\\"BANK_SHORT_NAME\\\"/><el7,-39.921064|\" ],\r\n  \"status\" : [ \"1\" ],\r\n  \"remark\" : [ \"12的\" ]\r\n}', '{\r\n  \"msg\" : \"操作成功\",\r\n  \"code\" : 0\r\n}', '0', null, '2019-12-15 14:23:27');
INSERT INTO `sys_oper_log` VALUES ('211', '报文实体', '2', 'com.ruoyi.web.controller.test.TestMessageController.editSave()', 'POST', '1', 'admin', '研发部门', '/test/message/edit', '127.0.0.1', '内网IP', '{\r\n  \"messageId\" : [ \"1\" ],\r\n  \"messageName\" : [ \"测试把我摁\" ],\r\n  \"messageType\" : [ \"3\" ],\r\n  \"interfaceId\" : [ \"1\" ],\r\n  \"parameterJson\" : [ \"&lt;AIPG&gt;<br />&nbsp;&nbsp;&nbsp;&nbsp;&lt;INFO&gt;&lt;TRX_CODE&gt;100030&lt;/TRX_CODE&gt;&lt;VERSION&gt;2.0&lt;/VERSION&gt;&lt;DATA_TYPE&gt;0&lt;/DATA_TYPE&gt;<br />&nbsp;&nbsp;&nbsp;&nbsp;&nbsp;&nbsp;&nbsp;&nbsp;&lt;LEVEL&gt;0&lt;/LEVEL&gt;&lt;REQ_SN&gt;2019121220151335559&lt;/REQ_SN&gt;<br />&nbsp;&nbsp;&nbsp;&nbsp;&nbsp;&nbsp;&nbsp;&nbsp;&lt;SIGNED_MSG&gt;signedMsg&lt;/SIGNED_MSG&gt;&lt;/INFO&gt;<br />&nbsp;&nbsp;&nbsp;&nbsp;&lt;BODY&gt;&lt;BUSINESS_CODE&gt;04900&lt;/BUSINESS_CODE&gt;<br />&nbsp;&nbsp;&nbsp;&nbsp;&nbsp;&nbsp;&nbsp;&nbsp;&lt;DEVICE_INFO&gt;<br />&nbsp;&nbsp;&nbsp;&nbsp;&nbsp;&nbsp;&nbsp;&nbsp;&nbsp;&nbsp;&nbsp;&nbsp;ABCD:EF01:2345:6789:ABCD:EF01:2345:6789|F0E1D2C3B4A5|352044063995403|460030912121001|898600680113F0123014|968778695A4B|116.360207,-39.921064|<br />&nbsp;&nbsp;&nbsp;&nbsp;&nbsp;&nbsp;&nbsp;&nbsp;&lt;/DEVICE_INFO&gt;<br />&nbsp;&nbsp;&nbsp;&nbsp;&nbsp;&nbsp;&nbsp;&nbsp;&lt;REMARK&gt;张思远做的单笔付款&lt;/REMARK&gt;<br />&nbsp;&nbsp;&nbsp;&nbsp;&nbsp;&nbsp;&nbsp;&nbsp;&lt;TERMINALID&gt;1111111111122233&lt;/TERMINALID&gt;<br />&nbsp;&nbsp;&nbsp;&nbsp;&nbsp;&nbsp;&nbsp;&nbsp;&lt;BANK_SHORT_NAME&gt;平安银行&lt;/BANK_SHORT_NAME&gt;<br />&nbsp;&nbsp;&nbsp;&nbsp;&nbsp;&nbsp;&nbsp;&nbsp;&lt;ACCOUNT_TYPE&gt;00&lt;/ACCOUNT_TYPE&gt;<br />&nbsp;&nbsp;&nbsp;&nbsp;&nbsp;&nbsp;&nbsp;&nbsp;&lt;MERC_ORDER_NO&gt;zsy20191212201514820167&lt;/MERC_ORDER_NO&gt;<br />&nbsp;&nbsp;&nbsp;&nbsp;&nbsp;&nbsp;&nbsp;&nbsp;&lt;TRANS_AMT&gt;0.01&lt;/TRANS_AMT&gt;<br />&nbsp;&nbsp;&nbsp;&nbsp;&nbsp;&nbsp;&nbsp;&nbsp;&lt;BANK_PROVINCE&gt;北京&lt;/BANK_PROVINCE&gt;<br />&nbsp;&nbsp;&nbsp;&nbsp;&nbsp;&nbsp;&nbsp;&nbsp;&lt;MERC_ORDER_DATE&gt;20191212&lt;/MERC_ORDER_DATE&gt;<br />&nbsp;&nbsp;&nbsp;&nbsp;&nbsp;&nbsp;&nbsp;&nbsp;&lt;NOTIFY_URL&gt;http://10.63.13.21:12790/simulator-web/mercservice/payOutBackNotify&lt;/NOTIFY_URL&gt;<br />&nbsp;&nbsp;', '{\r\n  \"msg\" : \"操作成功\",\r\n  \"code\" : 0\r\n}', '0', null, '2019-12-15 16:58:53');
INSERT INTO `sys_oper_log` VALUES ('212', '报文实体', '2', 'com.ruoyi.web.controller.test.TestMessageController.editSave()', 'POST', '1', 'admin', '研发部门', '/test/message/edit', '127.0.0.1', '内网IP', '{\r\n  \"messageId\" : [ \"1\" ],\r\n  \"messageName\" : [ \"测试把我摁\" ],\r\n  \"messageType\" : [ \"3\" ],\r\n  \"interfaceId\" : [ \"1\" ],\r\n  \"parameterJson\" : [ \"&lt;AIPG&gt;<br />&nbsp;&nbsp;&nbsp;&nbsp;&lt;INFO&gt;<br />&nbsp;&nbsp;&nbsp;&nbsp;&nbsp;&nbsp;&nbsp;&nbsp;&lt;TRX_CODE&gt;100030&lt;/TRX_CODE&gt;<br />&nbsp;&nbsp;&nbsp;&nbsp;&nbsp;&nbsp;&nbsp;&nbsp;&lt;VERSION&gt;2.0&lt;/VERSION&gt;<br />&nbsp;&nbsp;&nbsp;&nbsp;&nbsp;&nbsp;&nbsp;&nbsp;&lt;DATA_TYPE&gt;0&lt;/DATA_TYPE&gt;<br />&nbsp;&nbsp;&nbsp;&nbsp;&nbsp;&nbsp;&nbsp;&nbsp;&lt;LEVEL&gt;0&lt;/LEVEL&gt;<br />&nbsp;&nbsp;&nbsp;&nbsp;&nbsp;&nbsp;&nbsp;&nbsp;&lt;REQ_SN&gt;2019121220151335559&lt;/REQ_SN&gt;<br />&nbsp;&nbsp;&nbsp;&nbsp;&nbsp;&nbsp;&nbsp;&nbsp;&lt;SIGNED_MSG&gt;signedMsg&lt;/SIGNED_MSG&gt;<br />&nbsp;&nbsp;&nbsp;&nbsp;&lt;/INFO&gt;<br />&nbsp;&nbsp;&nbsp;&nbsp;&lt;BODY&gt;<br />&nbsp;&nbsp;&nbsp;&nbsp;&nbsp;&nbsp;&nbsp;&nbsp;&lt;BUSINESS_CODE&gt;04900&lt;/BUSINESS_CODE&gt;<br />&nbsp;&nbsp;&nbsp;&nbsp;&nbsp;&nbsp;&nbsp;&nbsp;&lt;DEVICE_INFO&gt;<br />&nbsp;&nbsp;&nbsp;&nbsp;&nbsp;&nbsp;&nbsp;&nbsp;&nbsp;&nbsp;&nbsp;&nbsp;ABCD:EF01:2345:6789:ABCD:EF01:2345:6789|F0E1D2C3B4A5|352044063995403|460030912121001|898600680113F0123014|968778695A4B|116.360207,-39.921064|<br />&nbsp;&nbsp;&nbsp;&nbsp;&nbsp;&nbsp;&nbsp;&nbsp;&lt;/DEVICE_INFO&gt;<br />&nbsp;&nbsp;&nbsp;&nbsp;&nbsp;&nbsp;&nbsp;&nbsp;&lt;REMARK&gt;张思远做的单笔付款&lt;/REMARK&gt;<br />&nbsp;&nbsp;&nbsp;&nbsp;&nbsp;&nbsp;&nbsp;&nbsp;&lt;TERMINALID&gt;1111111111122233&lt;/TERMINALID&gt;<br />&nbsp;&nbsp;&nbsp;&nbsp;&nbsp;&nbsp;&nbsp;&nbsp;&lt;BANK_SHORT_NAME&gt;平安银行&lt;/BANK_SHORT_NAME&gt;<br />&nbsp;&nbsp;&nbsp;&nbsp;&nbsp;&nbsp;&nbsp;&nbsp;&lt;ACCOUNT_TYPE&gt;00&lt;/ACCOUNT_TYPE&gt;<br />&nbsp;&nbsp;&nbsp;&nbsp;&nbsp;&nbsp;&nbsp;&nbsp;&lt;MERC_ORDER_NO&gt;zsy20191212201514820167&lt;/MERC_ORDER_NO&gt;<br />&nbsp;&nbsp;&nbsp;&nbsp;&nbsp;&nbsp;&nbsp;&nbsp;&lt;TRANS_AMT&gt;0.01&lt;/TRANS_AMT&gt;<br />&nbsp;&nbsp;&nbsp;&nbsp;&nbsp;&nbsp;&nbsp;&nbsp;&lt;BANK_PROVINCE&gt;北京&lt;/BA', '{\r\n  \"msg\" : \"操作成功\",\r\n  \"code\" : 0\r\n}', '0', null, '2019-12-15 17:11:56');
INSERT INTO `sys_oper_log` VALUES ('213', '报文实体', '2', 'com.ruoyi.web.controller.test.TestMessageController.editSave()', 'POST', '1', 'admin', '研发部门', '/test/message/edit', '127.0.0.1', '内网IP', '{\r\n  \"messageId\" : [ \"1\" ],\r\n  \"messageName\" : [ \"测试把我摁\" ],\r\n  \"messageType\" : [ \"3\" ],\r\n  \"interfaceId\" : [ \"1\" ],\r\n  \"parameterJson\" : [ \"&lt;AIPG&gt;<br>&nbsp;&nbsp;&nbsp;&nbsp;&lt;INFO&gt;<br>&nbsp;&nbsp;&nbsp;&nbsp;&nbsp;&nbsp;&nbsp;&nbsp;&lt;TRX_CODE&gt;100030&lt;/TRX_CODE&gt;<br>&nbsp;&nbsp;&nbsp;&nbsp;&nbsp;&nbsp;&nbsp;&nbsp;&lt;VERSION&gt;2.0&lt;/VERSION&gt;<br>&nbsp;&nbsp;&nbsp;&nbsp;&nbsp;&nbsp;&nbsp;&nbsp;&lt;DATA_TYPE&gt;0&lt;/DATA_TYPE&gt;<br>&nbsp;&nbsp;&nbsp;&nbsp;&nbsp;&nbsp;&nbsp;&nbsp;&lt;LEVEL&gt;0&lt;/LEVEL&gt;<br>&nbsp;&nbsp;&nbsp;&nbsp;&nbsp;&nbsp;&nbsp;&nbsp;&lt;REQ_SN&gt;2019121220151335559&lt;/REQ_SN&gt;<br>&nbsp;&nbsp;&nbsp;&nbsp;&nbsp;&nbsp;&nbsp;&nbsp;&lt;SIGNED_MSG&gt;signedMsg&lt;/SIGNED_MSG&gt;<br>&nbsp;&nbsp;&nbsp;&nbsp;&lt;/INFO&gt;<br>&nbsp;&nbsp;&nbsp;&nbsp;&lt;BODY&gt;<br>&nbsp;&nbsp;&nbsp;&nbsp;&nbsp;&nbsp;&nbsp;&nbsp;&lt;BUSINESS_CODE&gt;04900&lt;/BUSINESS_CODE&gt;<br>&nbsp;&nbsp;&nbsp;&nbsp;&nbsp;&nbsp;&nbsp;&nbsp;&lt;DEVICE_INFO&gt;<br>&nbsp;&nbsp;&nbsp;&nbsp;&nbsp;&nbsp;&nbsp;&nbsp;&nbsp;&nbsp;&nbsp;&nbsp;ABCD:EF01:2345:6789:ABCD:EF01:2345:6789|F0E1D2C3B4A5|352044063995403|460030912121001|898600680113F0123014|968778695A4B|116.360207,-39.921064|<br>&nbsp;&nbsp;&nbsp;&nbsp;&nbsp;&nbsp;&nbsp;&nbsp;&lt;/DEVICE_INFO&gt;<br>&nbsp;&nbsp;&nbsp;&nbsp;&nbsp;&nbsp;&nbsp;&nbsp;&lt;REMARK&gt;张思远做的单笔付款&lt;/REMARK&gt;<br>&nbsp;&nbsp;&nbsp;&nbsp;&nbsp;&nbsp;&nbsp;&nbsp;&lt;TERMINALID&gt;1111111111122233&lt;/TERMINALID&gt;<br>&nbsp;&nbsp;&nbsp;&nbsp;&nbsp;&nbsp;&nbsp;&nbsp;&lt;BANK_SHORT_NAME&gt;平安银行&lt;/BANK_SHORT_NAME&gt;<br>&nbsp;&nbsp;&nbsp;&nbsp;&nbsp;&nbsp;&nbsp;&nbsp;&lt;ACCOUNT_TYPE&gt;00&lt;/ACCOUNT_TYPE&gt;<br>&nbsp;&nbsp;&nbsp;&nbsp;&nbsp;&nbsp;&nbsp;&nbsp;&lt;MERC_ORDER_NO&gt;zsy20191212201514820167&lt;/MERC_ORDER_NO&gt;<br>&nbsp;&nbsp;&nbsp;&nbsp;&nbsp;&nbsp;&nbsp;&nbsp;&lt;TRANS_AMT&gt;0.01&lt;/TRANS_AMT&gt;<br>&nbsp;&nbsp;&nbsp;&nbsp;&nbsp;&nbsp;&nbsp;&nbsp;&lt;BANK_PROVINCE&gt;北京&lt;/BANK_PROVINCE&gt;<br>&nbsp;&nbsp;&nbsp;&nb', '{\r\n  \"msg\" : \"操作成功\",\r\n  \"code\" : 0\r\n}', '0', null, '2019-12-15 17:14:54');
INSERT INTO `sys_oper_log` VALUES ('214', '报文实体', '2', 'com.ruoyi.web.controller.test.TestMessageController.editSave()', 'POST', '1', 'admin', '研发部门', '/test/message/edit', '127.0.0.1', '内网IP', '{\r\n  \"messageId\" : [ \"1\" ],\r\n  \"messageName\" : [ \"测试把我摁\" ],\r\n  \"messageType\" : [ \"3\" ],\r\n  \"interfaceId\" : [ \"1\" ],\r\n  \"parameterJson\" : [ \"&lt;AIPG&gt;\\n&nbsp;&nbsp;&nbsp;&nbsp;&lt;INFO&gt;\\n&nbsp;&nbsp;&nbsp;&nbsp;&nbsp;&nbsp;&nbsp;&nbsp;&lt;TRX_CODE&gt;100030&lt;/TRX_CODE&gt;\\n&nbsp;&nbsp;&nbsp;&nbsp;&nbsp;&nbsp;&nbsp;&nbsp;&lt;VERSION&gt;2.0&lt;/VERSION&gt;\\n&nbsp;&nbsp;&nbsp;&nbsp;&nbsp;&nbsp;&nbsp;&nbsp;&lt;DATA_TYPE&gt;0&lt;/DATA_TYPE&gt;\\n&nbsp;&nbsp;&nbsp;&nbsp;&nbsp;&nbsp;&nbsp;&nbsp;&lt;LEVEL&gt;0&lt;/LEVEL&gt;\\n&nbsp;&nbsp;&nbsp;&nbsp;&nbsp;&nbsp;&nbsp;&nbsp;&lt;REQ_SN&gt;2019121220151335559&lt;/REQ_SN&gt;\\n&nbsp;&nbsp;&nbsp;&nbsp;&nbsp;&nbsp;&nbsp;&nbsp;&lt;SIGNED_MSG&gt;signedMsg&lt;/SIGNED_MSG&gt;\\n&nbsp;&nbsp;&nbsp;&nbsp;&lt;/INFO&gt;\\n&nbsp;&nbsp;&nbsp;&nbsp;&lt;BODY&gt;\\n&nbsp;&nbsp;&nbsp;&nbsp;&nbsp;&nbsp;&nbsp;&nbsp;&lt;BUSINESS_CODE&gt;04900&lt;/BUSINESS_CODE&gt;\\n&nbsp;&nbsp;&nbsp;&nbsp;&nbsp;&nbsp;&nbsp;&nbsp;&lt;DEVICE_INFO&gt;\\n&nbsp;&nbsp;&nbsp;&nbsp;&nbsp;&nbsp;&nbsp;&nbsp;&nbsp;&nbsp;&nbsp;&nbsp;ABCD:EF01:2345:6789:ABCD:EF01:2345:6789|F0E1D2C3B4A5|352044063995403|460030912121001|898600680113F0123014|968778695A4B|116.360207,-39.921064|\\n&nbsp;&nbsp;&nbsp;&nbsp;&nbsp;&nbsp;&nbsp;&nbsp;&lt;/DEVICE_INFO&gt;\\n&nbsp;&nbsp;&nbsp;&nbsp;&nbsp;&nbsp;&nbsp;&nbsp;&lt;REMARK&gt;张思远做的单笔付款&lt;/REMARK&gt;\\n&nbsp;&nbsp;&nbsp;&nbsp;&nbsp;&nbsp;&nbsp;&nbsp;&lt;TERMINALID&gt;1111111111122233&lt;/TERMINALID&gt;\\n&nbsp;&nbsp;&nbsp;&nbsp;&nbsp;&nbsp;&nbsp;&nbsp;&lt;BANK_SHORT_NAME&gt;平安银行&lt;/BANK_SHORT_NAME&gt;\\n&nbsp;&nbsp;&nbsp;&nbsp;&nbsp;&nbsp;&nbsp;&nbsp;&lt;ACCOUNT_TYPE&gt;00&lt;/ACCOUNT_TYPE&gt;\\n&nbsp;&nbsp;&nbsp;&nbsp;&nbsp;&nbsp;&nbsp;&nbsp;&lt;MERC_ORDER_NO&gt;zsy20191212201514820167&lt;/MERC_ORDER_NO&gt;\\n&nbsp;&nbsp;&nbsp;&nbsp;&nbsp;&nbsp;&nbsp;&nbsp;&lt;TRANS_AMT&gt;0.01&lt;/TRANS_AMT&gt;\\n&nbsp;&nbsp;&nbsp;&nbsp;&nbsp;&nbsp;&nbsp;&nbsp;&lt;BANK_PROVINCE&gt;北京&lt;/BANK_PROVINCE&gt;\\n&nbsp;&nbsp;&nbsp;&nbsp;&nbsp;&nbsp;&nbsp;&nbsp;&lt;MERC_ORDER_', '{\r\n  \"msg\" : \"操作成功\",\r\n  \"code\" : 0\r\n}', '0', null, '2019-12-15 17:17:09');
INSERT INTO `sys_oper_log` VALUES ('215', '报文实体', '2', 'com.ruoyi.web.controller.test.TestMessageController.editSave()', 'POST', '1', 'admin', '研发部门', '/test/message/edit', '127.0.0.1', '内网IP', '{\r\n  \"messageId\" : [ \"1\" ],\r\n  \"messageName\" : [ \"测试把我摁\" ],\r\n  \"messageType\" : [ \"3\" ],\r\n  \"interfaceId\" : [ \"1\" ],\r\n  \"parameterJson\" : [ \"&lt;AIPG&gt;\\n    &lt;INFO&gt;\\n        &lt;TRX_CODE&gt;100030&lt;/TRX_CODE&gt;\\n        &lt;VERSION&gt;2.0&lt;/VERSION&gt;\\n        &lt;DATA_TYPE&gt;0&lt;/DATA_TYPE&gt;\\n        &lt;LEVEL&gt;0&lt;/LEVEL&gt;\\n        &lt;REQ_SN&gt;2019121220151335559&lt;/REQ_SN&gt;\\n        &lt;SIGNED_MSG&gt;signedMsg&lt;/SIGNED_MSG&gt;\\n    &lt;/INFO&gt;\\n    &lt;BODY&gt;\\n        &lt;BUSINESS_CODE&gt;04900&lt;/BUSINESS_CODE&gt;\\n        &lt;DEVICE_INFO&gt;\\n            ABCD:EF01:2345:6789:ABCD:EF01:2345:6789|F0E1D2C3B4A5|352044063995403|460030912121001|898600680113F0123014|968778695A4B|116.360207,-39.921064|\\n        &lt;/DEVICE_INFO&gt;\\n        &lt;REMARK&gt;张思远做的单笔付款&lt;/REMARK&gt;\\n        &lt;TERMINALID&gt;1111111111122233&lt;/TERMINALID&gt;\\n        &lt;BANK_SHORT_NAME&gt;平安银行&lt;/BANK_SHORT_NAME&gt;\\n        &lt;ACCOUNT_TYPE&gt;00&lt;/ACCOUNT_TYPE&gt;\\n        &lt;MERC_ORDER_NO&gt;zsy20191212201514820167&lt;/MERC_ORDER_NO&gt;\\n        &lt;TRANS_AMT&gt;0.01&lt;/TRANS_AMT&gt;\\n        &lt;BANK_PROVINCE&gt;北京&lt;/BANK_PROVINCE&gt;\\n        &lt;MERC_ORDER_DATE&gt;20191212&lt;/MERC_ORDER_DATE&gt;\\n        &lt;NOTIFY_URL&gt;http://10.63.13.21:12790/simulator-web/mercservice/payOutBackNotify&lt;/NOTIFY_URL&gt;\\n        &lt;BANK_NAME&gt;平安银行&lt;/BANK_NAME&gt;\\n        &lt;BANK_NO&gt;105&lt;/BANK_NO&gt;\\n        &lt;BANK_CITY&gt;北京&lt;/BANK_CITY&gt;\\n        &lt;TERMINAL_TYPE&gt;01&lt;/TERMINAL_TYPE&gt;\\n        &lt;CURRENCY&gt;CNY&lt;/CURRENCY&gt;\\n        &lt;ACCOUNT_PROP&gt;0&lt;/ACCOUNT_PROP&gt;\\n        &lt;MERCHANT_ID&gt;800010000020019&lt;/MERCHANT_ID&gt;\\n        &lt;REMARK2&gt;备注2&lt;/REMARK2&gt;\\n        &lt;REMARK3&gt;备注3&lt;/REMARK3&gt;\\n        &lt;EXTEND1&gt;&lt;/EXTEND1&gt;\\n        &lt;EXTEND2&gt;&lt;/EXTEND2&gt;\\n        &lt;EXTEND3&gt;&lt;/EXTEND3&gt;\\n        &lt;ACCOUNT_NO&gt;9559794382528934794&lt;/ACCOUNT_NO&gt;\\n        &l', '{\r\n  \"msg\" : \"操作成功\",\r\n  \"code\" : 0\r\n}', '0', null, '2019-12-15 17:36:47');
INSERT INTO `sys_oper_log` VALUES ('216', '报文实体', '2', 'com.ruoyi.web.controller.test.TestMessageController.editSave()', 'POST', '1', 'admin', '研发部门', '/test/message/edit', '127.0.0.1', '内网IP', '{\r\n  \"messageId\" : [ \"1\" ],\r\n  \"messageName\" : [ \"测试把我摁\" ],\r\n  \"messageType\" : [ \"3\" ],\r\n  \"interfaceId\" : [ \"1\" ],\r\n  \"parameterJson\" : [ \"&lt;AIPG&gt; &lt;INFO&gt; &lt;TRX_CODE&gt;100030&lt;/TRX_CODE&gt; &lt;VERSION&gt;2.0&lt;/VERSION&gt; &lt;DATA_TYPE&gt;0&lt;/DATA_TYPE&gt; &lt;LEVEL&gt;0&lt;/LEVEL&gt; &lt;REQ_SN&gt;2019121220151335559&lt;/REQ_SN&gt; &lt;SIGNED_MSG&gt;signedMsg&lt;/SIGNED_MSG&gt; &lt;/INFO&gt; &lt;BODY&gt; &lt;BUSINESS_CODE&gt;04900&lt;/BUSINESS_CODE&gt; &lt;DEVICE_INFO&gt; ABCD:EF01:2345:6789:ABCD:EF01:2345:6789|F0E1D2C3B4A5|352044063995403|460030912121001|898600680113F0123014|968778695A4B|116.360207,-39.921064| &lt;/DEVICE_INFO&gt; &lt;REMARK&gt;张思远做的单笔付款&lt;/REMARK&gt; &lt;TERMINALID&gt;1111111111122233&lt;/TERMINALID&gt; &lt;BANK_SHORT_NAME&gt;平安银行&lt;/BANK_SHORT_NAME&gt; &lt;ACCOUNT_TYPE&gt;00&lt;/ACCOUNT_TYPE&gt; &lt;MERC_ORDER_NO&gt;zsy20191212201514820167&lt;/MERC_ORDER_NO&gt; &lt;TRANS_AMT&gt;0.01&lt;/TRANS_AMT&gt; &lt;BANK_PROVINCE&gt;北京&lt;/BANK_PROVINCE&gt; &lt;MERC_ORDER_DATE&gt;20191212&lt;/MERC_ORDER_DATE&gt; &lt;NOTIFY_URL&gt;http://10.63.13.21:12790/simulator-web/mercservice/payOutBackNotify&lt;/NOTIFY_URL&gt; &lt;BANK_NAME&gt;平安银行&lt;/BANK_NAME&gt; &lt;BANK_NO&gt;105&lt;/BANK_NO&gt; &lt;BANK_CITY&gt;北京&lt;/BANK_CITY&gt; &lt;TERMINAL_TYPE&gt;01&lt;/TERMINAL_TYPE&gt; &lt;CURRENCY&gt;CNY&lt;/CURRENCY&gt; &lt;ACCOUNT_PROP&gt;0&lt;/ACCOUNT_PROP&gt; &lt;MERCHANT_ID&gt;800010000020019&lt;/MERCHANT_ID&gt; &lt;REMARK2&gt;备注2&lt;/REMARK2&gt; &lt;REMARK3&gt;备注3&lt;/REMARK3&gt; &lt;EXTEND1&gt;&lt;/EXTEND1&gt; &lt;EXTEND2&gt;&lt;/EXTEND2&gt; &lt;EXTEND3&gt;&lt;/EXTEND3&gt; &lt;ACCOUNT_NO&gt;9559794382528934794&lt;/ACCOUNT_NO&gt; &lt;ACCOUNT_NAME&gt;张思远&lt;/ACCOUNT_NAME&gt; &lt;/BODY&gt; &lt;/AIPG&gt;\" ],\r\n  \"status\" : [ \"1\" ],\r\n  \"remark\" : [ \"ceshibaowne\" ]\r\n}', '{\r\n  \"msg\" : \"操作成功\",\r\n  \"code\" : 0\r\n}', '0', null, '2019-12-15 17:46:26');
INSERT INTO `sys_oper_log` VALUES ('217', '报文实体', '2', 'com.ruoyi.web.controller.test.TestMessageController.editSave()', 'POST', '1', 'admin', '研发部门', '/test/message/edit', '127.0.0.1', '内网IP', '{\r\n  \"messageId\" : [ \"1\" ],\r\n  \"messageName\" : [ \"测试把我摁\" ],\r\n  \"messageType\" : [ \"3\" ],\r\n  \"interfaceId\" : [ \"1\" ],\r\n  \"parameterJson\" : [ \"&lt;AIPG&gt; &lt;INFO&gt; &lt;TRX_CODE&gt;100030&lt;/TRX_CODE&gt; &lt;VERSION&gt;2.0&lt;/VERSION&gt; &lt;DATA_TYPE&gt;0&lt;/DATA_TYPE&gt; &lt;LEVEL&gt;0&lt;/LEVEL&gt; &lt;REQ_SN&gt;2019121220151335559&lt;/REQ_SN&gt; &lt;SIGNED_MSG&gt;signedMsg&lt;/SIGNED_MSG&gt; &lt;/INFO&gt; &lt;BODY&gt; &lt;BUSINESS_CODE&gt;04900&lt;/BUSINESS_CODE&gt; &lt;DEVICE_INFO&gt; ABCD:EF01:2345:6789:ABCD:EF01:2345:6789|F0E1D2C3B4A5|352044063995403|460030912121001|898600680113F0123014|968778695A4B|116.360207,-39.921064| &lt;/DEVICE_INFO&gt; &lt;REMARK&gt;张思远做的单笔付款&lt;/REMARK&gt; &lt;TERMINALID&gt;1111111111122233&lt;/TERMINALID&gt; &lt;BANK_SHORT_NAME&gt;平安银行&lt;/BANK_SHORT_NAME&gt; &lt;ACCOUNT_TYPE&gt;00&lt;/ACCOUNT_TYPE&gt; &lt;MERC_ORDER_NO&gt;zsy20191212201514820167&lt;/MERC_ORDER_NO&gt; &lt;TRANS_AMT&gt;0.01&lt;/TRANS_AMT&gt; &lt;BANK_PROVINCE&gt;北京&lt;/BANK_PROVINCE&gt; &lt;MERC_ORDER_DATE&gt;20191212&lt;/MERC_ORDER_DATE&gt; &lt;NOTIFY_URL&gt;http://10.63.13.21:12790/simulator-web/mercservice/payOutBackNotify&lt;/NOTIFY_URL&gt; &lt;BANK_NAME&gt;平安银行&lt;/BANK_NAME&gt; &lt;BANK_NO&gt;105&lt;/BANK_NO&gt; &lt;BANK_CITY&gt;北京&lt;/BANK_CITY&gt; &lt;TERMINAL_TYPE&gt;01&lt;/TERMINAL_TYPE&gt; &lt;CURRENCY&gt;CNY&lt;/CURRENCY&gt; &lt;ACCOUNT_PROP&gt;0&lt;/ACCOUNT_PROP&gt; &lt;MERCHANT_ID&gt;800010000020019&lt;/MERCHANT_ID&gt; &lt;REMARK2&gt;备注2&lt;/REMARK2&gt; &lt;REMARK3&gt;备注3&lt;/REMARK3&gt; &lt;EXTEND1&gt;&lt;/EXTEND1&gt; &lt;EXTEND2&gt;&lt;/EXTEND2&gt; &lt;EXTEND3&gt;&lt;/EXTEND3&gt; &lt;ACCOUNT_NO&gt;9559794382528934794&lt;/ACCOUNT_NO&gt; &lt;ACCOUNT_NAME&gt;张思远&lt;/ACCOUNT_NAME&gt; &lt;/BODY&gt; &lt;/AIPG&gt;\" ],\r\n  \"status\" : [ \"1\" ],\r\n  \"remark\" : [ \"ceshibaowne\" ]\r\n}', '{\r\n  \"msg\" : \"操作成功\",\r\n  \"code\" : 0\r\n}', '0', null, '2019-12-15 17:46:47');
INSERT INTO `sys_oper_log` VALUES ('218', '报文实体', '2', 'com.ruoyi.web.controller.test.TestMessageController.editSave()', 'POST', '1', 'admin', '研发部门', '/test/message/edit', '127.0.0.1', '内网IP', '{\r\n  \"messageId\" : [ \"1\" ],\r\n  \"messageName\" : [ \"测试把我摁\" ],\r\n  \"messageType\" : [ \"3\" ],\r\n  \"interfaceId\" : [ \"1\" ],\r\n  \"parameterJson\" : [ \"&lt;AIPG&gt; &lt;INFO&gt; &lt;TRX_CODE&gt;100030&lt;/TRX_CODE&gt; &lt;VERSION&gt;2.0&lt;/VERSION&gt; &lt;DATA_TYPE&gt;0&lt;/DATA_TYPE&gt; &lt;LEVEL&gt;0&lt;/LEVEL&gt; &lt;REQ_SN&gt;2019121220151335559&lt;/REQ_SN&gt; &lt;SIGNED_MSG&gt;signedMsg&lt;/SIGNED_MSG&gt; &lt;/INFO&gt; &lt;BODY&gt; &lt;BUSINESS_CODE&gt;04900&lt;/BUSINESS_CODE&gt; &lt;DEVICE_INFO&gt; ABCD:EF01:2345:6789:ABCD:EF01:2345:6789|F0E1D2C3B4A5|352044063995403|460030912121001|898600680113F0123014|968778695A4B|116.360207,-39.921064| &lt;/DEVICE_INFO&gt; &lt;REMARK&gt;张思远做的单笔付款&lt;/REMARK&gt; &lt;TERMINALID&gt;1111111111122233&lt;/TERMINALID&gt; &lt;BANK_SHORT_NAME&gt;平安银行&lt;/BANK_SHORT_NAME&gt; &lt;ACCOUNT_TYPE&gt;00&lt;/ACCOUNT_TYPE&gt; &lt;MERC_ORDER_NO&gt;zsy20191212201514820167&lt;/MERC_ORDER_NO&gt; &lt;TRANS_AMT&gt;0.01&lt;/TRANS_AMT&gt; &lt;BANK_PROVINCE&gt;北京&lt;/BANK_PROVINCE&gt; &lt;MERC_ORDER_DATE&gt;20191212&lt;/MERC_ORDER_DATE&gt; &lt;NOTIFY_URL&gt;http://10.63.13.21:12790/simulator-web/mercservice/payOutBackNotify&lt;/NOTIFY_URL&gt; &lt;BANK_NAME&gt;平安银行&lt;/BANK_NAME&gt; &lt;BANK_NO&gt;105&lt;/BANK_NO&gt; &lt;BANK_CITY&gt;北京&lt;/BANK_CITY&gt; &lt;TERMINAL_TYPE&gt;01&lt;/TERMINAL_TYPE&gt; &lt;CURRENCY&gt;CNY&lt;/CURRENCY&gt; &lt;ACCOUNT_PROP&gt;0&lt;/ACCOUNT_PROP&gt; &lt;MERCHANT_ID&gt;800010000020019&lt;/MERCHANT_ID&gt; &lt;REMARK2&gt;备注2&lt;/REMARK2&gt; &lt;REMARK3&gt;备注3&lt;/REMARK3&gt; &lt;EXTEND1&gt;&lt;/EXTEND1&gt; &lt;EXTEND2&gt;&lt;/EXTEND2&gt; &lt;EXTEND3&gt;&lt;/EXTEND3&gt; &lt;ACCOUNT_NO&gt;9559794382528934794&lt;/ACCOUNT_NO&gt; &lt;ACCOUNT_NAME&gt;张思远&lt;/ACCOUNT_NAME&gt; &lt;/BODY&gt; &lt;/AIPG&gt;\" ],\r\n  \"status\" : [ \"1\" ],\r\n  \"remark\" : [ \"ceshibaowne\" ]\r\n}', '{\r\n  \"msg\" : \"操作成功\",\r\n  \"code\" : 0\r\n}', '0', null, '2019-12-15 17:47:00');
INSERT INTO `sys_oper_log` VALUES ('219', '报文实体', '2', 'com.ruoyi.web.controller.test.TestMessageController.editSave()', 'POST', '1', 'admin', '研发部门', '/test/message/edit', '127.0.0.1', '内网IP', '{\r\n  \"messageId\" : [ \"1\" ],\r\n  \"messageName\" : [ \"测试把我摁\" ],\r\n  \"messageType\" : [ \"3\" ],\r\n  \"interfaceId\" : [ \"1\" ],\r\n  \"parameterJson\" : [ \"&lt;AIPG&gt;\\n    &lt;INFO&gt;\\n        &lt;TRX_CODE&gt;100030&lt;/TRX_CODE&gt;\\n        &lt;VERSION&gt;2.0&lt;/VERSION&gt;\\n        &lt;DATA_TYPE&gt;0&lt;/DATA_TYPE&gt;\\n        &lt;LEVEL&gt;0&lt;/LEVEL&gt;\\n        &lt;REQ_SN&gt;2019121220151335559&lt;/REQ_SN&gt;\\n        &lt;SIGNED_MSG&gt;signedMsg&lt;/SIGNED_MSG&gt;\\n    &lt;/INFO&gt;\\n    &lt;BODY&gt;\\n        &lt;BUSINESS_CODE&gt;04900&lt;/BUSINESS_CODE&gt;\\n        &lt;DEVICE_INFO&gt;\\n            ABCD:EF01:2345:6789:ABCD:EF01:2345:6789|F0E1D2C3B4A5|352044063995403|460030912121001|898600680113F0123014|968778695A4B|116.360207,-39.921064|\\n        &lt;/DEVICE_INFO&gt;\\n        &lt;REMARK&gt;张思远做的单笔付款&lt;/REMARK&gt;\\n        &lt;TERMINALID&gt;1111111111122233&lt;/TERMINALID&gt;\\n        &lt;BANK_SHORT_NAME&gt;平安银行&lt;/BANK_SHORT_NAME&gt;\\n        &lt;ACCOUNT_TYPE&gt;00&lt;/ACCOUNT_TYPE&gt;\\n        &lt;MERC_ORDER_NO&gt;zsy20191212201514820167&lt;/MERC_ORDER_NO&gt;\\n        &lt;TRANS_AMT&gt;0.01&lt;/TRANS_AMT&gt;\\n        &lt;BANK_PROVINCE&gt;北京&lt;/BANK_PROVINCE&gt;\\n        &lt;MERC_ORDER_DATE&gt;20191212&lt;/MERC_ORDER_DATE&gt;\\n        &lt;NOTIFY_URL&gt;http://10.63.13.21:12790/simulator-web/mercservice/payOutBackNotify&lt;/NOTIFY_URL&gt;\\n        &lt;BANK_NAME&gt;平安银行&lt;/BANK_NAME&gt;\\n        &lt;BANK_NO&gt;105&lt;/BANK_NO&gt;\\n        &lt;BANK_CITY&gt;北京&lt;/BANK_CITY&gt;\\n        &lt;TERMINAL_TYPE&gt;01&lt;/TERMINAL_TYPE&gt;\\n        &lt;CURRENCY&gt;CNY&lt;/CURRENCY&gt;\\n        &lt;ACCOUNT_PROP&gt;0&lt;/ACCOUNT_PROP&gt;\\n        &lt;MERCHANT_ID&gt;800010000020019&lt;/MERCHANT_ID&gt;\\n        &lt;REMARK2&gt;备注2&lt;/REMARK2&gt;\\n        &lt;REMARK3&gt;备注3&lt;/REMARK3&gt;\\n        &lt;EXTEND1&gt;&lt;/EXTEND1&gt;\\n        &lt;EXTEND2&gt;&lt;/EXTEND2&gt;\\n        &lt;EXTEND3&gt;&lt;/EXTEND3&gt;\\n        &lt;ACCOUNT_NO&gt;9559794382528934794&lt;/ACCOUNT_NO&gt;\\n        &l', '{\r\n  \"msg\" : \"操作成功\",\r\n  \"code\" : 0\r\n}', '0', null, '2019-12-19 15:05:03');
INSERT INTO `sys_oper_log` VALUES ('220', '报文实体', '2', 'com.ruoyi.web.controller.test.TestMessageController.editSave()', 'POST', '1', 'admin', '研发部门', '/test/message/edit', '127.0.0.1', '内网IP', '{\r\n  \"messageId\" : [ \"1\" ],\r\n  \"messageName\" : [ \"测试把我摁\" ],\r\n  \"messageType\" : [ \"3\" ],\r\n  \"interfaceId\" : [ \"1\" ],\r\n  \"parameterJson\" : [ \"&lt;AIPG&gt;\\n    &lt;INFO&gt;\\n        &lt;TRX_CODE&gt;100030&lt;/TRX_CODE&gt;\\n        &lt;VERSION&gt;2.0&lt;/VERSION&gt;\\n        &lt;DATA_TYPE&gt;0&lt;/DATA_TYPE&gt;\\n        &lt;LEVEL&gt;0&lt;/LEVEL&gt;\\n        &lt;REQ_SN&gt;2019121220151335559&lt;/REQ_SN&gt;\\n        &lt;SIGNED_MSG&gt;signedMsg&lt;/SIGNED_MSG&gt;\\n    &lt;/INFO&gt;\\n    &lt;BODY&gt;\\n        &lt;BUSINESS_CODE&gt;04900&lt;/BUSINESS_CODE&gt;\\n        &lt;DEVICE_INFO&gt;\\n            ABCD:EF01:2345:6789:ABCD:EF01:2345:6789|F0E1D2C3B4A5|352044063995403|460030912121001|898600680113F0123014|968778695A4B|116.360207,-39.921064|\\n        &lt;/DEVICE_INFO&gt;\\n        &lt;REMARK&gt;张思远做的单笔付款&lt;/REMARK&gt;\\n        &lt;TERMINALID&gt;1111111111122233&lt;/TERMINALID&gt;\\n        &lt;BANK_SHORT_NAME&gt;平安银行&lt;/BANK_SHORT_NAME&gt;\\n        &lt;ACCOUNT_TYPE&gt;00&lt;/ACCOUNT_TYPE&gt;\\n        &lt;MERC_ORDER_NO&gt;zsy20191212201514820167&lt;/MERC_ORDER_NO&gt;\\n        &lt;TRANS_AMT&gt;0.01&lt;/TRANS_AMT&gt;\\n        &lt;BANK_PROVINCE&gt;北京&lt;/BANK_PROVINCE&gt;\\n        &lt;MERC_ORDER_DATE&gt;20191212&lt;/MERC_ORDER_DATE&gt;\\n        &lt;NOTIFY_URL&gt;http://10.63.13.21:12790/simulator-web/mercservice/payOutBackNotify&lt;/NOTIFY_URL&gt;\\n        &lt;BANK_NAME&gt;平安银行&lt;/BANK_NAME&gt;\\n        &lt;BANK_NO&gt;105&lt;/BANK_NO&gt;\\n        &lt;BANK_CITY&gt;北京&lt;/BANK_CITY&gt;\\n        &lt;TERMINAL_TYPE&gt;01&lt;/TERMINAL_TYPE&gt;\\n        &lt;CURRENCY&gt;CNY&lt;/CURRENCY&gt;\\n        &lt;ACCOUNT_PROP&gt;0&lt;/ACCOUNT_PROP&gt;\\n        &lt;MERCHANT_ID&gt;800010000020019&lt;/MERCHANT_ID&gt;\\n        &lt;REMARK2&gt;备注2&lt;/REMARK2&gt;\\n        &lt;REMARK3&gt;备注3&lt;/REMARK3&gt;\\n        &lt;EXTEND1&gt;&lt;/EXTEND1&gt;\\n        &lt;EXTEND2&gt;&lt;/EXTEND2&gt;\\n        &lt;EXTEND3&gt;&lt;/EXTEND3&gt;\\n        &lt;ACCOUNT_NO&gt;9559794382528934794&lt;/ACCOUNT_NO&gt;\\n        &l', '{\r\n  \"msg\" : \"操作成功\",\r\n  \"code\" : 0\r\n}', '0', null, '2019-12-20 14:29:44');
INSERT INTO `sys_oper_log` VALUES ('221', '报文实体', '2', 'com.ruoyi.web.controller.test.TestMessageController.editSave()', 'POST', '1', 'admin', '研发部门', '/test/message/edit', '127.0.0.1', '内网IP', '{\r\n  \"messageId\" : [ \"1\" ],\r\n  \"messageName\" : [ \"测试把我摁\" ],\r\n  \"messageType\" : [ \"3\" ],\r\n  \"interfaceId\" : [ \"1\" ],\r\n  \"parameterJson\" : [ \"{\\n    \\\"AIPG\\\":{\\n        \\\"INFO\\\":{\\n            \\\"TRX_CODE\\\":\\\"100030\\\",\\n            \\\"VERSION\\\":\\\"2.0\\\",\\n            \\\"DATA_TYPE\\\":\\\"0\\\",\\n            \\\"LEVEL\\\":\\\"0\\\",\\n            \\\"REQ_SN\\\":\\\"2019121220151335559\\\",\\n            \\\"SIGNED_MSG\\\":\\\"signedMsg\\\"\\n        },\\n        \\\"BODY\\\":{\\n            \\\"BUSINESS_CODE\\\":\\\"04900\\\",\\n            \\\"DEVICE_INFO\\\":\\\"\\n            ABCD:EF01:2345:6789:ABCD:EF01:2345:6789|F0E1D2C3B4A5|352044063995403|460030912121001|898600680113F0123014|968778695A4B|116.360207,-39.921064|\\n        \\\",\\n            \\\"REMARK\\\":\\\"张思远做的单笔付款\\\",\\n            \\\"TERMINALID\\\":\\\"1111111111122233\\\",\\n            \\\"BANK_SHORT_NAME\\\":\\\"平安银行\\\",\\n            \\\"ACCOUNT_TYPE\\\":\\\"00\\\",\\n            \\\"MERC_ORDER_NO\\\":\\\"zsy20191212201514820167\\\",\\n            \\\"TRANS_AMT\\\":\\\"0.01\\\",\\n            \\\"BANK_PROVINCE\\\":\\\"北京\\\",\\n            \\\"MERC_ORDER_DATE\\\":\\\"20191212\\\",\\n            \\\"NOTIFY_URL\\\":\\\"http://10.63.13.21:12790/simulator-web/mercservice/payOutBackNotify\\\",\\n            \\\"BANK_NAME\\\":\\\"平安银行\\\",\\n            \\\"BANK_NO\\\":\\\"105\\\",\\n            \\\"BANK_CITY\\\":\\\"北京\\\",\\n            \\\"TERMINAL_TYPE\\\":\\\"01\\\",\\n            \\\"CURRENCY\\\":\\\"CNY\\\",\\n            \\\"ACCOUNT_PROP\\\":\\\"0\\\",\\n            \\\"MERCHANT_ID\\\":\\\"800010000020019\\\",\\n            \\\"REMARK2\\\":\\\"备注2\\\",\\n            \\\"REMARK3\\\":\\\"备注3\\\",\\n            \\\"EXTEND1\\\":null,\\n            \\\"EXTEND2\\\":null,\\n            \\\"EXTEND3\\\":null,\\n            \\\"ACCOUNT_NO\\\":\\\"9559794382528934794\\\",\\n            \\\"ACCOUNT_NAME\\\":\\\"张思远\\\"\\n        }\\n    }\\n}\" ],\r\n  \"status\" : [ \"1\" ],\r\n  \"remark\" : [ \"ceshibaowne\" ]\r\n}', '{\r\n  \"msg\" : \"操作成功\",\r\n  \"code\" : 0\r\n}', '0', null, '2019-12-20 15:20:38');
INSERT INTO `sys_oper_log` VALUES ('222', '报文实体', '2', 'com.ruoyi.web.controller.test.TestMessageController.editSave()', 'POST', '1', 'admin', '研发部门', '/test/message/edit', '127.0.0.1', '内网IP', '{\r\n  \"messageId\" : [ \"1\" ],\r\n  \"messageName\" : [ \"测试把我摁\" ],\r\n  \"messageType\" : [ \"3\" ],\r\n  \"interfaceId\" : [ \"1\" ],\r\n  \"parameterJson\" : [ \"{ \\\"AIPG\\\":{ \\\"INFO\\\":{ \\\"TRX_CODE\\\":\\\"100030\\\", \\\"VERSION\\\":\\\"2.0\\\", \\\"DATA_TYPE\\\":\\\"0\\\", \\\"LEVEL\\\":\\\"0\\\", \\\"REQ_SN\\\":\\\"2019121220151335559\\\", \\\"SIGNED_MSG\\\":\\\"signedMsg\\\" }, \\\"BODY\\\":{ \\\"BUSINESS_CODE\\\":\\\"04900\\\", \\\"DEVICE_INFO\\\":\\\" ABCD:EF01:2345:6789:ABCD:EF01:2345:6789|F0E1D2C3B4A5|352044063995403|460030912121001|898600680113F0123014|968778695A4B|116.360207,-39.921064| \\\", \\\"REMARK\\\":\\\"张思远做的单笔付款\\\", \\\"TERMINALID\\\":\\\"1111111111122233\\\", \\\"BANK_SHORT_NAME\\\":\\\"平安银行\\\", \\\"ACCOUNT_TYPE\\\":\\\"00\\\", \\\"MERC_ORDER_NO\\\":\\\"zsy20191212201514820167\\\", \\\"TRANS_AMT\\\":\\\"0.01\\\", \\\"BANK_PROVINCE\\\":\\\"北京\\\", \\\"MERC_ORDER_DATE\\\":\\\"20191212\\\", \\\"NOTIFY_URL\\\":\\\"http://10.63.13.21:12790/simulator-web/mercservice/payOutBackNotify\\\", \\\"BANK_NAME\\\":\\\"平安银行\\\", \\\"BANK_NO\\\":\\\"105\\\", \\\"BANK_CITY\\\":\\\"北京\\\", \\\"TERMINAL_TYPE\\\":\\\"01\\\", \\\"CURRENCY\\\":\\\"CNY\\\", \\\"ACCOUNT_PROP\\\":\\\"0\\\", \\\"MERCHANT_ID\\\":\\\"800010000020019\\\", \\\"REMARK2\\\":\\\"备注2\\\", \\\"REMARK3\\\":\\\"备注3\\\", \\\"EXTEND1\\\":null, \\\"EXTEND2\\\":null, \\\"EXTEND3\\\":null, \\\"ACCOUNT_NO\\\":\\\"9559794382528934794\\\", \\\"ACCOUNT_NAME\\\":\\\"张思远\\\" } } }\" ],\r\n  \"status\" : [ \"1\" ],\r\n  \"remark\" : [ \"ceshibaowne\" ]\r\n}', '{\r\n  \"msg\" : \"操作成功\",\r\n  \"code\" : 0\r\n}', '0', null, '2019-12-20 15:21:44');
INSERT INTO `sys_oper_log` VALUES ('223', '报文实体', '2', 'com.ruoyi.web.controller.test.TestMessageController.editSave()', 'POST', '1', 'admin', '研发部门', '/test/message/edit', '127.0.0.1', '内网IP', '{\r\n  \"messageId\" : [ \"1\" ],\r\n  \"messageName\" : [ \"测试把我摁\" ],\r\n  \"messageType\" : [ \"3\" ],\r\n  \"interfaceId\" : [ \"1\" ],\r\n  \"parameterJson\" : [ \"{ \\\"AIPG\\\":{ \\\"INFO\\\":{ \\\"TRX_CODE\\\":\\\"100030\\\", \\\"VERSION\\\":\\\"2.0\\\", \\\"DATA_TYPE\\\":\\\"0\\\", \\\"LEVEL\\\":\\\"0\\\", \\\"REQ_SN\\\":\\\"2019121220151335559\\\", \\\"SIGNED_MSG\\\":\\\"signedMsg\\\" }, \\\"BODY\\\":{ \\\"BUSINESS_CODE\\\":\\\"04900\\\", \\\"DEVICE_INFO\\\":\\\" ABCD:EF01:2345:6789:ABCD:EF01:2345:6789|F0E1D2C3B4A5|352044063995403|460030912121001|898600680113F0123014|968778695A4B|116.360207,-39.921064| \\\", \\\"REMARK\\\":\\\"张思远做的单笔付款\\\", \\\"TERMINALID\\\":\\\"1111111111122233\\\", \\\"BANK_SHORT_NAME\\\":\\\"平安银行\\\", \\\"ACCOUNT_TYPE\\\":\\\"00\\\", \\\"MERC_ORDER_NO\\\":\\\"zsy20191212201514820167\\\", \\\"TRANS_AMT\\\":\\\"0.01\\\", \\\"BANK_PROVINCE\\\":\\\"北京\\\", \\\"MERC_ORDER_DATE\\\":\\\"20191212\\\", \\\"NOTIFY_URL\\\":\\\"http://10.63.13.21:12790/simulator-web/mercservice/payOutBackNotify\\\", \\\"BANK_NAME\\\":\\\"平安银行\\\", \\\"BANK_NO\\\":\\\"105\\\", \\\"BANK_CITY\\\":\\\"北京\\\", \\\"TERMINAL_TYPE\\\":\\\"01\\\", \\\"CURRENCY\\\":\\\"CNY\\\", \\\"ACCOUNT_PROP\\\":\\\"0\\\", \\\"MERCHANT_ID\\\":\\\"800010000020019\\\", \\\"REMARK2\\\":\\\"备注2\\\", \\\"REMARK3\\\":\\\"备注3\\\", \\\"EXTEND1\\\":null, \\\"EXTEND2\\\":null, \\\"EXTEND3\\\":null, \\\"ACCOUNT_NO\\\":\\\"9559794382528934794\\\", \\\"ACCOUNT_NAME\\\":\\\"张思远\\\" } } }\" ],\r\n  \"status\" : [ \"1\" ],\r\n  \"remark\" : [ \"ceshibaowne\" ]\r\n}', '{\r\n  \"msg\" : \"操作成功\",\r\n  \"code\" : 0\r\n}', '0', null, '2019-12-20 15:22:17');
INSERT INTO `sys_oper_log` VALUES ('224', '字典类型', '1', 'com.ruoyi.web.controller.system.SysDictTypeController.addSave()', 'POST', '1', 'admin', '研发部门', '/system/dict/add', '127.0.0.1', '内网IP', '{\r\n  \"dictName\" : [ \"运行环境\" ],\r\n  \"dictType\" : [ \"test_env\" ],\r\n  \"status\" : [ \"0\" ],\r\n  \"remark\" : [ \"用例或测试集执行的环境\" ]\r\n}', '{\r\n  \"msg\" : \"操作成功\",\r\n  \"code\" : 0\r\n}', '0', null, '2019-12-31 16:24:52');
INSERT INTO `sys_oper_log` VALUES ('225', '字典数据', '1', 'com.ruoyi.web.controller.system.SysDictDataController.addSave()', 'POST', '1', 'admin', '研发部门', '/system/dict/data/add', '127.0.0.1', '内网IP', '{\r\n  \"dictLabel\" : [ \"uat\" ],\r\n  \"dictValue\" : [ \"1\" ],\r\n  \"dictType\" : [ \"test_env\" ],\r\n  \"cssClass\" : [ \"\" ],\r\n  \"dictSort\" : [ \"1\" ],\r\n  \"listClass\" : [ \"primary\" ],\r\n  \"isDefault\" : [ \"Y\" ],\r\n  \"status\" : [ \"0\" ],\r\n  \"remark\" : [ \"\" ]\r\n}', '{\r\n  \"msg\" : \"操作成功\",\r\n  \"code\" : 0\r\n}', '0', null, '2019-12-31 16:25:38');
INSERT INTO `sys_oper_log` VALUES ('226', '字典数据', '1', 'com.ruoyi.web.controller.system.SysDictDataController.addSave()', 'POST', '1', 'admin', '研发部门', '/system/dict/data/add', '127.0.0.1', '内网IP', '{\r\n  \"dictLabel\" : [ \"prod\" ],\r\n  \"dictValue\" : [ \"2\" ],\r\n  \"dictType\" : [ \"test_env\" ],\r\n  \"cssClass\" : [ \"\" ],\r\n  \"dictSort\" : [ \"2\" ],\r\n  \"listClass\" : [ \"success\" ],\r\n  \"isDefault\" : [ \"Y\" ],\r\n  \"status\" : [ \"0\" ],\r\n  \"remark\" : [ \"\" ]\r\n}', '{\r\n  \"msg\" : \"操作成功\",\r\n  \"code\" : 0\r\n}', '0', null, '2019-12-31 16:26:11');
INSERT INTO `sys_oper_log` VALUES ('227', '字典类型', '1', 'com.ruoyi.web.controller.system.SysDictTypeController.addSave()', 'POST', '1', 'admin', '研发部门', '/system/dict/add', '127.0.0.1', '内网IP', '{\r\n  \"dictName\" : [ \"校验类型\" ],\r\n  \"dictType\" : [ \"check_rule_flag\" ],\r\n  \"status\" : [ \"0\" ],\r\n  \"remark\" : [ \"用例校验规则\" ]\r\n}', '{\r\n  \"msg\" : \"操作成功\",\r\n  \"code\" : 0\r\n}', '0', null, '2019-12-31 18:32:49');
INSERT INTO `sys_oper_log` VALUES ('228', '字典数据', '1', 'com.ruoyi.web.controller.system.SysDictDataController.addSave()', 'POST', '1', 'admin', '研发部门', '/system/dict/data/add', '127.0.0.1', '内网IP', '{\r\n  \"dictLabel\" : [ \"返回码校验\" ],\r\n  \"dictValue\" : [ \"1\" ],\r\n  \"dictType\" : [ \"check_rule_flag\" ],\r\n  \"cssClass\" : [ \"\" ],\r\n  \"dictSort\" : [ \"1\" ],\r\n  \"listClass\" : [ \"primary\" ],\r\n  \"isDefault\" : [ \"Y\" ],\r\n  \"status\" : [ \"0\" ],\r\n  \"remark\" : [ \"返回码校验\" ]\r\n}', '{\r\n  \"msg\" : \"操作成功\",\r\n  \"code\" : 0\r\n}', '0', null, '2019-12-31 18:46:20');
INSERT INTO `sys_oper_log` VALUES ('229', '字典类型', '1', 'com.ruoyi.web.controller.system.SysDictTypeController.addSave()', 'POST', '1', 'admin', '研发部门', '/system/dict/add', '127.0.0.1', '内网IP', '{\r\n  \"dictName\" : [ \"前后置动作类型\" ],\r\n  \"dictType\" : [ \"action_type\" ],\r\n  \"status\" : [ \"0\" ],\r\n  \"remark\" : [ \"前后置动作类型\" ]\r\n}', '{\r\n  \"msg\" : \"操作成功\",\r\n  \"code\" : 0\r\n}', '0', null, '2019-12-31 18:50:55');
INSERT INTO `sys_oper_log` VALUES ('230', '字典数据', '1', 'com.ruoyi.web.controller.system.SysDictDataController.addSave()', 'POST', '1', 'admin', '研发部门', '/system/dict/data/add', '127.0.0.1', '内网IP', '{\r\n  \"dictLabel\" : [ \"执行用例\" ],\r\n  \"dictValue\" : [ \"1\" ],\r\n  \"dictType\" : [ \"action_type\" ],\r\n  \"cssClass\" : [ \"\" ],\r\n  \"dictSort\" : [ \"1\" ],\r\n  \"listClass\" : [ \"primary\" ],\r\n  \"isDefault\" : [ \"Y\" ],\r\n  \"status\" : [ \"0\" ],\r\n  \"remark\" : [ \"执行测试用例\" ]\r\n}', '{\r\n  \"msg\" : \"操作成功\",\r\n  \"code\" : 0\r\n}', '0', null, '2019-12-31 18:53:53');
INSERT INTO `sys_oper_log` VALUES ('231', '字典数据', '1', 'com.ruoyi.web.controller.system.SysDictDataController.addSave()', 'POST', '1', 'admin', '研发部门', '/system/dict/data/add', '127.0.0.1', '内网IP', '{\r\n  \"dictLabel\" : [ \"执行Sql\" ],\r\n  \"dictValue\" : [ \"2\" ],\r\n  \"dictType\" : [ \"action_type\" ],\r\n  \"cssClass\" : [ \"\" ],\r\n  \"dictSort\" : [ \"2\" ],\r\n  \"listClass\" : [ \"success\" ],\r\n  \"isDefault\" : [ \"Y\" ],\r\n  \"status\" : [ \"0\" ],\r\n  \"remark\" : [ \"执行sql语句\" ]\r\n}', '{\r\n  \"msg\" : \"操作成功\",\r\n  \"code\" : 0\r\n}', '0', null, '2019-12-31 18:54:23');
INSERT INTO `sys_oper_log` VALUES ('232', '字典数据', '1', 'com.ruoyi.web.controller.system.SysDictDataController.addSave()', 'POST', '1', 'admin', '研发部门', '/system/dict/data/add', '127.0.0.1', '内网IP', '{\r\n  \"dictLabel\" : [ \"等待时间\" ],\r\n  \"dictValue\" : [ \"3\" ],\r\n  \"dictType\" : [ \"action_type\" ],\r\n  \"cssClass\" : [ \"\" ],\r\n  \"dictSort\" : [ \"3\" ],\r\n  \"listClass\" : [ \"info\" ],\r\n  \"isDefault\" : [ \"Y\" ],\r\n  \"status\" : [ \"0\" ],\r\n  \"remark\" : [ \"用例执行前后等待相应时长\" ]\r\n}', '{\r\n  \"msg\" : \"操作成功\",\r\n  \"code\" : 0\r\n}', '0', null, '2019-12-31 18:56:41');
INSERT INTO `sys_oper_log` VALUES ('233', '代码生成', '6', 'com.ruoyi.generator.controller.GenController.importTableSave()', 'POST', '1', 'admin', '研发部门', '/tool/gen/importTable', '127.0.0.1', '内网IP', '{\r\n  \"tables\" : [ \"test_case\" ]\r\n}', '{\r\n  \"msg\" : \"操作成功\",\r\n  \"code\" : 0\r\n}', '0', null, '2019-12-31 18:59:06');
INSERT INTO `sys_oper_log` VALUES ('234', '字典类型', '2', 'com.ruoyi.web.controller.system.SysDictTypeController.editSave()', 'POST', '1', 'admin', '研发部门', '/system/dict/edit', '127.0.0.1', '内网IP', '{\r\n  \"dictId\" : [ \"13\" ],\r\n  \"dictName\" : [ \"用例类型\" ],\r\n  \"dictType\" : [ \"test_case_type\" ],\r\n  \"status\" : [ \"0\" ],\r\n  \"remark\" : [ \"测试用例类型，auto：自动化，manual：人工\" ]\r\n}', '{\r\n  \"msg\" : \"操作成功\",\r\n  \"code\" : 0\r\n}', '0', null, '2019-12-31 19:00:01');
INSERT INTO `sys_oper_log` VALUES ('235', '代码生成', '2', 'com.ruoyi.generator.controller.GenController.editSave()', 'POST', '1', 'admin', '研发部门', '/tool/gen/edit', '127.0.0.1', '内网IP', '{\r\n  \"tableId\" : [ \"11\" ],\r\n  \"tableName\" : [ \"test_case\" ],\r\n  \"tableComment\" : [ \"测试用例表\" ],\r\n  \"className\" : [ \"TestCase\" ],\r\n  \"functionAuthor\" : [ \"zhangsy\" ],\r\n  \"remark\" : [ \"\" ],\r\n  \"columns[0].columnId\" : [ \"120\" ],\r\n  \"columns[0].sort\" : [ \"1\" ],\r\n  \"columns[0].columnComment\" : [ \"用例Id\" ],\r\n  \"columns[0].javaType\" : [ \"Long\" ],\r\n  \"columns[0].javaField\" : [ \"caseId\" ],\r\n  \"columns[0].isInsert\" : [ \"1\" ],\r\n  \"columns[0].queryType\" : [ \"EQ\" ],\r\n  \"columns[0].htmlType\" : [ \"input\" ],\r\n  \"columns[0].dictType\" : [ \"\" ],\r\n  \"columns[1].columnId\" : [ \"121\" ],\r\n  \"columns[1].sort\" : [ \"2\" ],\r\n  \"columns[1].columnComment\" : [ \"用例名称\" ],\r\n  \"columns[1].javaType\" : [ \"String\" ],\r\n  \"columns[1].javaField\" : [ \"caseName\" ],\r\n  \"columns[1].isInsert\" : [ \"1\" ],\r\n  \"columns[1].isEdit\" : [ \"1\" ],\r\n  \"columns[1].isList\" : [ \"1\" ],\r\n  \"columns[1].isQuery\" : [ \"1\" ],\r\n  \"columns[1].queryType\" : [ \"LIKE\" ],\r\n  \"columns[1].htmlType\" : [ \"input\" ],\r\n  \"columns[1].dictType\" : [ \"\" ],\r\n  \"columns[2].columnId\" : [ \"122\" ],\r\n  \"columns[2].sort\" : [ \"3\" ],\r\n  \"columns[2].columnComment\" : [ \"所属接口\" ],\r\n  \"columns[2].javaType\" : [ \"Long\" ],\r\n  \"columns[2].javaField\" : [ \"interfaceId\" ],\r\n  \"columns[2].isInsert\" : [ \"1\" ],\r\n  \"columns[2].isEdit\" : [ \"1\" ],\r\n  \"columns[2].isList\" : [ \"1\" ],\r\n  \"columns[2].isQuery\" : [ \"1\" ],\r\n  \"columns[2].queryType\" : [ \"EQ\" ],\r\n  \"columns[2].isRequired\" : [ \"1\" ],\r\n  \"columns[2].htmlType\" : [ \"input\" ],\r\n  \"columns[2].dictType\" : [ \"\" ],\r\n  \"columns[3].columnId\" : [ \"123\" ],\r\n  \"columns[3].sort\" : [ \"4\" ],\r\n  \"columns[3].columnComment\" : [ \"用例实参\" ],\r\n  \"columns[3].javaType\" : [ \"String\" ],\r\n  \"columns[3].javaField\" : [ \"parameterJson\" ],\r\n  \"columns[3].isInsert\" : [ \"1\" ],\r\n  \"columns[3].isEdit\" : [ \"1\" ],\r\n  \"columns[3].isList\" : [ \"1\" ],\r\n  \"columns[3].isQuery\" : [ \"1\" ],\r\n  \"columns[3].queryType\" : [ \"EQ\" ],\r\n  \"columns[3].isRequired\" : [ \"1\" ],\r\n  \"columns[3].htmlType\" : [ \"input\" ],\r\n  \"columns[3].dictType\" : [ \"\" ],\r\n  \"columns[4].columnId\" : [ \"124', '{\r\n  \"msg\" : \"操作成功\",\r\n  \"code\" : 0\r\n}', '0', null, '2019-12-31 19:07:19');
INSERT INTO `sys_oper_log` VALUES ('236', '代码生成', '2', 'com.ruoyi.generator.controller.GenController.editSave()', 'POST', '1', 'admin', '研发部门', '/tool/gen/edit', '127.0.0.1', '内网IP', '{\r\n  \"tableId\" : [ \"11\" ],\r\n  \"tableName\" : [ \"test_case\" ],\r\n  \"tableComment\" : [ \"测试用例表\" ],\r\n  \"className\" : [ \"TestCase\" ],\r\n  \"functionAuthor\" : [ \"zhangsy\" ],\r\n  \"remark\" : [ \"\" ],\r\n  \"columns[0].columnId\" : [ \"120\" ],\r\n  \"columns[0].sort\" : [ \"1\" ],\r\n  \"columns[0].columnComment\" : [ \"用例Id\" ],\r\n  \"columns[0].javaType\" : [ \"Long\" ],\r\n  \"columns[0].javaField\" : [ \"caseId\" ],\r\n  \"columns[0].isInsert\" : [ \"1\" ],\r\n  \"columns[0].queryType\" : [ \"EQ\" ],\r\n  \"columns[0].htmlType\" : [ \"input\" ],\r\n  \"columns[0].dictType\" : [ \"\" ],\r\n  \"columns[1].columnId\" : [ \"121\" ],\r\n  \"columns[1].sort\" : [ \"2\" ],\r\n  \"columns[1].columnComment\" : [ \"用例名称\" ],\r\n  \"columns[1].javaType\" : [ \"String\" ],\r\n  \"columns[1].javaField\" : [ \"caseName\" ],\r\n  \"columns[1].isInsert\" : [ \"1\" ],\r\n  \"columns[1].isEdit\" : [ \"1\" ],\r\n  \"columns[1].isList\" : [ \"1\" ],\r\n  \"columns[1].isQuery\" : [ \"1\" ],\r\n  \"columns[1].queryType\" : [ \"LIKE\" ],\r\n  \"columns[1].isRequired\" : [ \"1\" ],\r\n  \"columns[1].htmlType\" : [ \"input\" ],\r\n  \"columns[1].dictType\" : [ \"\" ],\r\n  \"columns[2].columnId\" : [ \"122\" ],\r\n  \"columns[2].sort\" : [ \"3\" ],\r\n  \"columns[2].columnComment\" : [ \"所属接口\" ],\r\n  \"columns[2].javaType\" : [ \"Long\" ],\r\n  \"columns[2].javaField\" : [ \"interfaceId\" ],\r\n  \"columns[2].isInsert\" : [ \"1\" ],\r\n  \"columns[2].isEdit\" : [ \"1\" ],\r\n  \"columns[2].isList\" : [ \"1\" ],\r\n  \"columns[2].isQuery\" : [ \"1\" ],\r\n  \"columns[2].queryType\" : [ \"EQ\" ],\r\n  \"columns[2].isRequired\" : [ \"1\" ],\r\n  \"columns[2].htmlType\" : [ \"input\" ],\r\n  \"columns[2].dictType\" : [ \"\" ],\r\n  \"columns[3].columnId\" : [ \"123\" ],\r\n  \"columns[3].sort\" : [ \"4\" ],\r\n  \"columns[3].columnComment\" : [ \"用例实参\" ],\r\n  \"columns[3].javaType\" : [ \"String\" ],\r\n  \"columns[3].javaField\" : [ \"parameterJson\" ],\r\n  \"columns[3].isInsert\" : [ \"1\" ],\r\n  \"columns[3].isEdit\" : [ \"1\" ],\r\n  \"columns[3].queryType\" : [ \"EQ\" ],\r\n  \"columns[3].isRequired\" : [ \"1\" ],\r\n  \"columns[3].htmlType\" : [ \"input\" ],\r\n  \"columns[3].dictType\" : [ \"\" ],\r\n  \"columns[4].columnId\" : [ \"124\" ],\r\n  \"columns[4].sort\" : [ \"', '{\r\n  \"msg\" : \"操作成功\",\r\n  \"code\" : 0\r\n}', '0', null, '2020-01-02 11:55:01');
INSERT INTO `sys_oper_log` VALUES ('237', '代码生成', '2', 'com.ruoyi.generator.controller.GenController.editSave()', 'POST', '1', 'admin', '研发部门', '/tool/gen/edit', '127.0.0.1', '内网IP', '{\r\n  \"tableId\" : [ \"11\" ],\r\n  \"tableName\" : [ \"test_case\" ],\r\n  \"tableComment\" : [ \"测试用例表\" ],\r\n  \"className\" : [ \"TestCase\" ],\r\n  \"functionAuthor\" : [ \"zhangsy\" ],\r\n  \"remark\" : [ \"\" ],\r\n  \"columns[0].columnId\" : [ \"120\" ],\r\n  \"columns[0].sort\" : [ \"1\" ],\r\n  \"columns[0].columnComment\" : [ \"用例Id\" ],\r\n  \"columns[0].javaType\" : [ \"Long\" ],\r\n  \"columns[0].javaField\" : [ \"caseId\" ],\r\n  \"columns[0].isInsert\" : [ \"1\" ],\r\n  \"columns[0].queryType\" : [ \"EQ\" ],\r\n  \"columns[0].htmlType\" : [ \"input\" ],\r\n  \"columns[0].dictType\" : [ \"\" ],\r\n  \"columns[1].columnId\" : [ \"121\" ],\r\n  \"columns[1].sort\" : [ \"2\" ],\r\n  \"columns[1].columnComment\" : [ \"用例名称\" ],\r\n  \"columns[1].javaType\" : [ \"String\" ],\r\n  \"columns[1].javaField\" : [ \"caseName\" ],\r\n  \"columns[1].isInsert\" : [ \"1\" ],\r\n  \"columns[1].isEdit\" : [ \"1\" ],\r\n  \"columns[1].isList\" : [ \"1\" ],\r\n  \"columns[1].isQuery\" : [ \"1\" ],\r\n  \"columns[1].queryType\" : [ \"LIKE\" ],\r\n  \"columns[1].isRequired\" : [ \"1\" ],\r\n  \"columns[1].htmlType\" : [ \"input\" ],\r\n  \"columns[1].dictType\" : [ \"\" ],\r\n  \"columns[2].columnId\" : [ \"122\" ],\r\n  \"columns[2].sort\" : [ \"3\" ],\r\n  \"columns[2].columnComment\" : [ \"所属接口\" ],\r\n  \"columns[2].javaType\" : [ \"Long\" ],\r\n  \"columns[2].javaField\" : [ \"interfaceId\" ],\r\n  \"columns[2].isInsert\" : [ \"1\" ],\r\n  \"columns[2].isEdit\" : [ \"1\" ],\r\n  \"columns[2].isList\" : [ \"1\" ],\r\n  \"columns[2].isQuery\" : [ \"1\" ],\r\n  \"columns[2].queryType\" : [ \"EQ\" ],\r\n  \"columns[2].isRequired\" : [ \"1\" ],\r\n  \"columns[2].htmlType\" : [ \"input\" ],\r\n  \"columns[2].dictType\" : [ \"\" ],\r\n  \"columns[3].columnId\" : [ \"123\" ],\r\n  \"columns[3].sort\" : [ \"4\" ],\r\n  \"columns[3].columnComment\" : [ \"用例实参\" ],\r\n  \"columns[3].javaType\" : [ \"String\" ],\r\n  \"columns[3].javaField\" : [ \"parameterJson\" ],\r\n  \"columns[3].isInsert\" : [ \"1\" ],\r\n  \"columns[3].isEdit\" : [ \"1\" ],\r\n  \"columns[3].queryType\" : [ \"EQ\" ],\r\n  \"columns[3].isRequired\" : [ \"1\" ],\r\n  \"columns[3].htmlType\" : [ \"input\" ],\r\n  \"columns[3].dictType\" : [ \"\" ],\r\n  \"columns[4].columnId\" : [ \"124\" ],\r\n  \"columns[4].sort\" : [ \"', '{\r\n  \"msg\" : \"操作成功\",\r\n  \"code\" : 0\r\n}', '0', null, '2020-01-02 11:57:48');
INSERT INTO `sys_oper_log` VALUES ('238', '代码生成', '8', 'com.ruoyi.generator.controller.GenController.genCode()', 'GET', '1', 'admin', '研发部门', '/tool/gen/genCode/test_case', '127.0.0.1', '内网IP', '{ }', 'null', '0', null, '2020-01-02 11:58:06');
INSERT INTO `sys_oper_log` VALUES ('239', '菜单管理', '2', 'com.ruoyi.web.controller.system.SysMenuController.editSave()', 'POST', '1', 'admin', '研发部门', '/system/menu/edit', '127.0.0.1', '内网IP', '{\r\n  \"menuId\" : [ \"2008\" ],\r\n  \"parentId\" : [ \"2000\" ],\r\n  \"menuType\" : [ \"C\" ],\r\n  \"menuName\" : [ \"测试用例\" ],\r\n  \"url\" : [ \"/test/testcase\" ],\r\n  \"target\" : [ \"menuItem\" ],\r\n  \"perms\" : [ \"test:testcase:view\" ],\r\n  \"orderNum\" : [ \"1\" ],\r\n  \"icon\" : [ \"#\" ],\r\n  \"visible\" : [ \"1\" ]\r\n}', '{\r\n  \"msg\" : \"操作成功\",\r\n  \"code\" : 0\r\n}', '0', null, '2020-01-02 14:06:14');
INSERT INTO `sys_oper_log` VALUES ('240', '报文实体', '1', 'com.ruoyi.web.controller.test.TestMessageController.addSave()', 'POST', '1', 'admin', '研发部门', '/test/message/add', '127.0.0.1', '内网IP', '{\r\n  \"messageName\" : [ \"1231234\" ],\r\n  \"messageType\" : [ \"1\" ],\r\n  \"interfaceName\" : [ \"adfad\" ],\r\n  \"interfaceId\" : [ \"3\" ],\r\n  \"parameterJson\" : [ \"1324weqer\" ],\r\n  \"status\" : [ \"1\" ],\r\n  \"remark\" : [ \"13r23\" ]\r\n}', '{\r\n  \"msg\" : \"操作成功\",\r\n  \"code\" : 0\r\n}', '0', null, '2020-01-02 15:08:19');
INSERT INTO `sys_oper_log` VALUES ('241', '用例实体', '1', 'com.ruoyi.web.controller.test.TestCaseController.addSave()', 'POST', '1', 'admin', '研发部门', '/test/case/add', '127.0.0.1', '内网IP', '{\r\n  \"caseName\" : [ \"rqerqwe\" ],\r\n  \"interfaceName\" : [ \"singlePay\" ],\r\n  \"interfaceId\" : [ \"1\" ],\r\n  \"parameterJson\" : [ \"qerqwerw\" ],\r\n  \"caseType\" : [ \"1\" ],\r\n  \"status\" : [ \"1\" ],\r\n  \"env\" : [ \"1\" ],\r\n  \"checkRuleFlag\" : [ \"1\" ],\r\n  \"checkExpression\" : [ \"qewrwqdqwed\" ],\r\n  \"preActionId\" : [ \"1\" ]\r\n}', '{\r\n  \"msg\" : \"操作成功\",\r\n  \"code\" : 0\r\n}', '0', null, '2020-01-02 15:26:29');
INSERT INTO `sys_oper_log` VALUES ('242', '字典数据', '2', 'com.ruoyi.web.controller.system.SysDictDataController.editSave()', 'POST', '1', 'admin', '研发部门', '/system/dict/data/edit', '127.0.0.1', '内网IP', '{\r\n  \"dictCode\" : [ \"38\" ],\r\n  \"dictLabel\" : [ \"AUTO\" ],\r\n  \"dictValue\" : [ \"1\" ],\r\n  \"dictType\" : [ \"test_case_type\" ],\r\n  \"cssClass\" : [ \"\" ],\r\n  \"dictSort\" : [ \"1\" ],\r\n  \"listClass\" : [ \"success\" ],\r\n  \"isDefault\" : [ \"Y\" ],\r\n  \"status\" : [ \"0\" ],\r\n  \"remark\" : [ \"自动化用例\" ]\r\n}', '{\r\n  \"msg\" : \"操作成功\",\r\n  \"code\" : 0\r\n}', '0', null, '2020-01-02 15:32:00');
INSERT INTO `sys_oper_log` VALUES ('243', '用例实体', '2', 'com.ruoyi.web.controller.test.TestCaseController.editSave()', 'POST', '1', 'admin', '研发部门', '/test/case/edit', '127.0.0.1', '内网IP', '{\r\n  \"caseId\" : [ \"1\" ],\r\n  \"caseName\" : [ \"rqerqwe\" ],\r\n  \"interfaceName\" : [ \"singlePay\" ],\r\n  \"interfaceId\" : [ \"1\" ],\r\n  \"parameterJson\" : [ \"{ \\\"AIPG\\\":{ \\\"INFO\\\":{ \\\"TRX_CODE\\\":\\\"100030\\\", \\\"VERSION\\\":\\\"2.0\\\", \\\"DATA_TYPE\\\":\\\"0\\\", \\\"LEVEL\\\":\\\"0\\\", \\\"REQ_SN\\\":\\\"2019121220151335559\\\", \\\"SIGNED_MSG\\\":\\\"signedMsg\\\" }, \\\"BODY\\\":{ \\\"BUSINESS_CODE\\\":\\\"04900\\\", \\\"DEVICE_INFO\\\":\\\" ABCD:EF01:2345:6789:ABCD:EF01:2345:6789|F0E1D2C3B4A5|352044063995403|460030912121001|898600680113F0123014|968778695A4B|116.360207,-39.921064| \\\", \\\"REMARK\\\":\\\"张思远做的单笔付款\\\", \\\"TERMINALID\\\":\\\"1111111111122233\\\", \\\"BANK_SHORT_NAME\\\":\\\"平安银行\\\", \\\"ACCOUNT_TYPE\\\":\\\"00\\\", \\\"MERC_ORDER_NO\\\":\\\"zsy20191212201514820167\\\", \\\"TRANS_AMT\\\":\\\"0.01\\\", \\\"BANK_PROVINCE\\\":\\\"北京\\\", \\\"MERC_ORDER_DATE\\\":\\\"20191212\\\", \\\"NOTIFY_URL\\\":\\\"http://10.63.13.21:12790/simulator-web/mercservice/payOutBackNotify\\\", \\\"BANK_NAME\\\":\\\"平安银行\\\", \\\"BANK_NO\\\":\\\"105\\\", \\\"BANK_CITY\\\":\\\"北京\\\", \\\"TERMINAL_TYPE\\\":\\\"01\\\", \\\"CURRENCY\\\":\\\"CNY\\\", \\\"ACCOUNT_PROP\\\":\\\"0\\\", \\\"MERCHANT_ID\\\":\\\"800010000020019\\\", \\\"REMARK2\\\":\\\"备注2\\\", \\\"REMARK3\\\":\\\"备注3\\\", \\\"EXTEND1\\\":null, \\\"EXTEND2\\\":null, \\\"EXTEND3\\\":null, \\\"ACCOUNT_NO\\\":\\\"9559794382528934794\\\", \\\"ACCOUNT_NAME\\\":\\\"张思远\\\" } } }\" ],\r\n  \"caseType\" : [ \"1\" ],\r\n  \"status\" : [ \"1\" ],\r\n  \"env\" : [ \"1\" ],\r\n  \"checkRuleFlag\" : [ \"1\" ],\r\n  \"checkExpression\" : [ \"qewrwqdqwed\" ],\r\n  \"preActionId\" : [ \"1\" ]\r\n}', '{\r\n  \"msg\" : \"操作成功\",\r\n  \"code\" : 0\r\n}', '0', null, '2020-01-02 15:56:15');
INSERT INTO `sys_oper_log` VALUES ('244', '报文实体', '2', 'com.ruoyi.web.controller.test.TestMessageController.editSave()', 'POST', '1', 'admin', '研发部门', '/test/message/edit', '127.0.0.1', '内网IP', '{\r\n  \"messageId\" : [ \"1\" ],\r\n  \"messageName\" : [ \"测试把我摁\" ],\r\n  \"messageType\" : [ \"3\" ],\r\n  \"interfaceId\" : [ \"1\" ],\r\n  \"parameterJson\" : [ \"[{\\\"parentNode\\\":\\\"INFO\\\",\\\"id\\\":\\\"mercorderNo\\\",\\\"name\\\":\\\"订单号\\\",\\\"type\\\":\\\"String\\\",\\\"length\\\":\\\"18\\\",\\\"isRequire\\\":\\\"Y\\\"},{\\\"parentNode\\\":\\\"BODY\\\",\\\"id\\\":\\\"date\\\",\\\"name\\\":\\\"日期\\\",\\\"type\\\":\\\"String\\\",\\\"length\\\":\\\"8\\\",\\\"isRequire\\\":\\\"N\\\"}]\" ],\r\n  \"status\" : [ \"1\" ],\r\n  \"remark\" : [ \"ceshibaowne\" ]\r\n}', '{\r\n  \"msg\" : \"操作成功\",\r\n  \"code\" : 0\r\n}', '0', null, '2020-01-03 15:24:14');
INSERT INTO `sys_oper_log` VALUES ('245', '报文实体', '2', 'com.ruoyi.web.controller.test.TestMessageController.editSave()', 'POST', '1', 'admin', '研发部门', '/test/message/edit', '127.0.0.1', '内网IP', '{\r\n  \"messageId\" : [ \"1\" ],\r\n  \"messageName\" : [ \"测试把我摁\" ],\r\n  \"messageType\" : [ \"3\" ],\r\n  \"interfaceId\" : [ \"1\" ],\r\n  \"parameterJson\" : [ \"[{\\\"parentNode\\\":\\\"INFO\\\",\\\"id\\\":\\\"TRX_CODE\\\",\\\"name\\\":\\\"交易代码\\\",\\\"type\\\":\\\"String\\\",\\\"length\\\":\\\"20\\\",\\\"isRequire\\\":\\\"Y\\\"},{\\\"parentNode\\\":\\\"INFO\\\",\\\"id\\\":\\\"VERSION\\\",\\\"name\\\":\\\"版本\\\",\\\"type\\\":\\\"String\\\",\\\"length\\\":\\\"3\\\",\\\"isRequire\\\":\\\"Y\\\"},{\\\"parentNode\\\":\\\"INFO\\\",\\\"id\\\":\\\"DATA_TYPE\\\",\\\"name\\\":\\\"数据格式\\\",\\\"type\\\":\\\"Int\\\",\\\"length\\\":\\\"1\\\",\\\"isRequire\\\":\\\"Y\\\"},{\\\"parentNode\\\":\\\"INFO\\\",\\\"id\\\":\\\"REQ_SN\\\",\\\"name\\\":\\\"请求流水号\\\",\\\"type\\\":\\\"String\\\",\\\"length\\\":\\\"32\\\",\\\"isRequire\\\":\\\"Y\\\"},{\\\"parentNode\\\":\\\"INFO\\\",\\\"id\\\":\\\"GZIP_CHARSET\\\",\\\"name\\\":\\\"编码格式\\\",\\\"type\\\":\\\"String\\\",\\\"length\\\":\\\"8\\\",\\\"isRequire\\\":\\\"N\\\"},{\\\"parentNode\\\":\\\"BODY\\\",\\\"id\\\":\\\"MERCHANT_ID\\\",\\\"name\\\":\\\"商户编号\\\",\\\"type\\\":\\\"String\\\",\\\"length\\\":\\\"16\\\",\\\"isRequire\\\":\\\"Y\\\"},{\\\"parentNode\\\":\\\"BODY\\\",\\\"id\\\":\\\"PAY_TYPE\\\",\\\"name\\\":\\\"支付场景应用类型\\\",\\\"type\\\":\\\"String\\\",\\\"length\\\":\\\"50\\\",\\\"isRequire\\\":\\\"Y\\\"},{\\\"parentNode\\\":\\\"BODY\\\",\\\"id\\\":\\\"TRANS_AMT\\\",\\\"name\\\":\\\"交易金额\\\",\\\"type\\\":\\\"Number\\\",\\\"length\\\":\\\"18,2\\\",\\\"isRequire\\\":\\\"Y\\\"},{\\\"parentNode\\\":\\\"BODY\\\",\\\"id\\\":\\\"SPLIT_FORMULA\\\",\\\"name\\\":\\\"分账公式\\\",\\\"type\\\":\\\"String\\\",\\\"length\\\":\\\"3000\\\",\\\"isRequire\\\":\\\"Y\\\"},{\\\"parentNode\\\":\\\"BODY\\\",\\\"id\\\":\\\"RISK_INFO\\\",\\\"name\\\":\\\"风控扩展信息\\\",\\\"type\\\":\\\"String\\\",\\\"length\\\":\\\"2048\\\",\\\"isRequire\\\":\\\"N\\\"}]\" ],\r\n  \"status\" : [ \"1\" ],\r\n  \"remark\" : [ \"ceshibaowne\" ]\r\n}', '{\r\n  \"msg\" : \"操作成功\",\r\n  \"code\" : 0\r\n}', '0', null, '2020-01-03 16:09:47');
INSERT INTO `sys_oper_log` VALUES ('246', '报文实体', '2', 'com.ruoyi.web.controller.test.TestMessageController.editSave()', 'POST', '1', 'admin', '研发部门', '/test/message/edit', '127.0.0.1', '内网IP', '{\r\n  \"messageId\" : [ \"1\" ],\r\n  \"messageName\" : [ \"测试把我摁\" ],\r\n  \"messageType\" : [ \"3\" ],\r\n  \"interfaceId\" : [ \"1\" ],\r\n  \"parameterJson\" : [ \"[{\\\"parentNode\\\":\\\"INFO\\\",\\\"id\\\":\\\"TRX_CODE\\\",\\\"name\\\":\\\"交易代码\\\",\\\"type\\\":\\\"String\\\",\\\"length\\\":\\\"20\\\",\\\"isRequire\\\":\\\"Y\\\"},{\\\"parentNode\\\":\\\"INFO\\\",\\\"id\\\":\\\"VERSION\\\",\\\"name\\\":\\\"版本\\\",\\\"type\\\":\\\"String\\\",\\\"length\\\":\\\"3\\\",\\\"isRequire\\\":\\\"Y\\\"},{\\\"parentNode\\\":\\\"INFO\\\",\\\"id\\\":\\\"DATA_TYPE\\\",\\\"name\\\":\\\"数据格式\\\",\\\"type\\\":\\\"Int\\\",\\\"length\\\":\\\"1\\\",\\\"isRequire\\\":\\\"Y\\\"},{\\\"parentNode\\\":\\\"INFO\\\",\\\"id\\\":\\\"REQ_SN\\\",\\\"name\\\":\\\"请求流水号\\\",\\\"type\\\":\\\"String\\\",\\\"length\\\":\\\"32\\\",\\\"isRequire\\\":\\\"Y\\\"},{\\\"parentNode\\\":\\\"INFO\\\",\\\"id\\\":\\\"GZIP_CHARSET\\\",\\\"name\\\":\\\"编码格式\\\",\\\"type\\\":\\\"String\\\",\\\"length\\\":\\\"8\\\",\\\"isRequire\\\":\\\"N\\\"},{\\\"parentNode\\\":\\\"BODY\\\",\\\"id\\\":\\\"MERCHANT_ID\\\",\\\"name\\\":\\\"商户编号\\\",\\\"type\\\":\\\"String\\\",\\\"length\\\":\\\"16\\\",\\\"isRequire\\\":\\\"Y\\\"},{\\\"parentNode\\\":\\\"BODY\\\",\\\"id\\\":\\\"PAY_TYPE\\\",\\\"name\\\":\\\"支付场景应用类型\\\",\\\"type\\\":\\\"String\\\",\\\"length\\\":\\\"50\\\",\\\"isRequire\\\":\\\"Y\\\"},{\\\"parentNode\\\":\\\"BODY\\\",\\\"id\\\":\\\"TRANS_AMT\\\",\\\"name\\\":\\\"交易金额\\\",\\\"type\\\":\\\"Number\\\",\\\"length\\\":\\\"18,2\\\",\\\"isRequire\\\":\\\"Y\\\"},{\\\"parentNode\\\":\\\"BODY\\\",\\\"id\\\":\\\"SPLIT_FORMULA\\\",\\\"name\\\":\\\"分账公式\\\",\\\"type\\\":\\\"String\\\",\\\"length\\\":\\\"3000\\\",\\\"isRequire\\\":\\\"Y\\\"},{\\\"parentNode\\\":\\\"BODY\\\",\\\"id\\\":\\\"RISK_INFO\\\",\\\"name\\\":\\\"风控扩展信息\\\",\\\"type\\\":\\\"String\\\",\\\"length\\\":\\\"2048\\\",\\\"isRequire\\\":\\\"N\\\"}]\" ],\r\n  \"status\" : [ \"1\" ],\r\n  \"remark\" : [ \"ceshibaowne\" ]\r\n}', '{\r\n  \"msg\" : \"操作成功\",\r\n  \"code\" : 0\r\n}', '0', null, '2020-01-03 16:10:08');
INSERT INTO `sys_oper_log` VALUES ('247', '报文实体', '2', 'com.ruoyi.web.controller.test.TestMessageController.editSave()', 'POST', '1', 'admin', '研发部门', '/test/message/edit', '127.0.0.1', '内网IP', '{\r\n  \"messageId\" : [ \"1\" ],\r\n  \"messageName\" : [ \"测试把我摁\" ],\r\n  \"messageType\" : [ \"3\" ],\r\n  \"interfaceId\" : [ \"1\" ],\r\n  \"parameterJson\" : [ \"[{\\\"parentNode\\\":\\\"INFO\\\",\\\"id\\\":\\\"TRX_CODE\\\",\\\"name\\\":\\\"交易代码\\\",\\\"type\\\":\\\"String\\\",\\\"length\\\":\\\"20\\\",\\\"isRequire\\\":\\\"Y\\\"},{\\\"parentNode\\\":\\\"INFO\\\",\\\"id\\\":\\\"VERSION\\\",\\\"name\\\":\\\"版本\\\",\\\"type\\\":\\\"String\\\",\\\"length\\\":\\\"3\\\",\\\"isRequire\\\":\\\"Y\\\"},{\\\"parentNode\\\":\\\"INFO\\\",\\\"id\\\":\\\"REQ_SN\\\",\\\"name\\\":\\\"请求流水号\\\",\\\"type\\\":\\\"String\\\",\\\"length\\\":\\\"32\\\",\\\"isRequire\\\":\\\"Y\\\"},{\\\"parentNode\\\":\\\"INFO\\\",\\\"id\\\":\\\"GZIP_CHARSET\\\",\\\"name\\\":\\\"编码格式\\\",\\\"type\\\":\\\"String\\\",\\\"length\\\":\\\"8\\\",\\\"isRequire\\\":\\\"N\\\"},{\\\"parentNode\\\":\\\"BODY\\\",\\\"id\\\":\\\"MERCHANT_ID\\\",\\\"name\\\":\\\"商户编号\\\",\\\"type\\\":\\\"String\\\",\\\"length\\\":\\\"16\\\",\\\"isRequire\\\":\\\"Y\\\"},{\\\"parentNode\\\":\\\"BODY\\\",\\\"id\\\":\\\"PAY_TYPE\\\",\\\"name\\\":\\\"支付场景应用类型\\\",\\\"type\\\":\\\"String\\\",\\\"length\\\":\\\"50\\\",\\\"isRequire\\\":\\\"Y\\\"},{\\\"parentNode\\\":\\\"BODY\\\",\\\"id\\\":\\\"TRANS_AMT\\\",\\\"name\\\":\\\"交易金额\\\",\\\"type\\\":\\\"Number\\\",\\\"length\\\":\\\"18,2\\\",\\\"isRequire\\\":\\\"Y\\\"},{\\\"parentNode\\\":\\\"BODY\\\",\\\"id\\\":\\\"SPLIT_FORMULA\\\",\\\"name\\\":\\\"分账公式\\\",\\\"type\\\":\\\"String\\\",\\\"length\\\":\\\"3000\\\",\\\"isRequire\\\":\\\"Y\\\"},{\\\"parentNode\\\":\\\"BODY\\\",\\\"id\\\":\\\"RISK_INFO\\\",\\\"name\\\":\\\"风控扩展信息\\\",\\\"type\\\":\\\"String\\\",\\\"length\\\":\\\"2048\\\",\\\"isRequire\\\":\\\"N\\\"}]\" ],\r\n  \"status\" : [ \"1\" ],\r\n  \"remark\" : [ \"ceshibaowne\" ]\r\n}', '{\r\n  \"msg\" : \"操作成功\",\r\n  \"code\" : 0\r\n}', '0', null, '2020-01-03 16:11:28');
INSERT INTO `sys_oper_log` VALUES ('248', '报文实体', '1', 'com.ruoyi.web.controller.test.TestMessageController.addSave()', 'POST', '1', 'admin', '研发部门', '/test/message/add', '127.0.0.1', '内网IP', '{\r\n  \"messageName\" : [ \"单笔代付\" ],\r\n  \"interfaceId\" : [ \"1\" ],\r\n  \"parameterJson\" : [ \"[{\\\"parentNode\\\":\\\"INFO\\\",\\\"id\\\":\\\"TRX_CODE\\\",\\\"name\\\":\\\"交易代码\\\",\\\"type\\\":\\\"String\\\",\\\"length\\\":\\\"20\\\",\\\"isRequire\\\":\\\"Y\\\"},{\\\"parentNode\\\":\\\"INFO\\\",\\\"id\\\":\\\"VERSION\\\",\\\"name\\\":\\\"版本\\\",\\\"type\\\":\\\"String\\\",\\\"length\\\":\\\"3\\\",\\\"isRequire\\\":\\\"Y\\\"},{\\\"parentNode\\\":\\\"INFO\\\",\\\"id\\\":\\\"DATA_TYPE\\\",\\\"name\\\":\\\"数据格式\\\",\\\"type\\\":\\\"Int\\\",\\\"length\\\":\\\"1\\\",\\\"isRequire\\\":\\\"Y\\\"},{\\\"parentNode\\\":\\\"INFO\\\",\\\"id\\\":\\\"REQ_SN\\\",\\\"name\\\":\\\"请求流水号\\\",\\\"type\\\":\\\"String\\\",\\\"length\\\":\\\"32\\\",\\\"isRequire\\\":\\\"Y\\\"},{\\\"parentNode\\\":\\\"INFO\\\",\\\"id\\\":\\\"GZIP_CHARSET\\\",\\\"name\\\":\\\"编码格式\\\",\\\"type\\\":\\\"String\\\",\\\"length\\\":\\\"8\\\",\\\"isRequire\\\":\\\"N\\\"},{\\\"parentNode\\\":\\\"INFO\\\",\\\"id\\\":\\\"SIGNED_MSG\\\",\\\"name\\\":\\\"签名信息\\\",\\\"type\\\":\\\"String\\\",\\\"length\\\":\\\"\\\",\\\"isRequire\\\":\\\"Y\\\"},{\\\"parentNode\\\":\\\"BODY\\\",\\\"id\\\":\\\"MERCHANT_ID\\\",\\\"name\\\":\\\"商户编号\\\",\\\"type\\\":\\\"String\\\",\\\"length\\\":\\\"16\\\",\\\"isRequire\\\":\\\"Y\\\"},{\\\"parentNode\\\":\\\"BODY\\\",\\\"id\\\":\\\"MERC_ORDER_NO\\\",\\\"name\\\":\\\"商户订单编号\\\",\\\"type\\\":\\\"String\\\",\\\"length\\\":\\\"32\\\",\\\"isRequire\\\":\\\"Y\\\"},{\\\"parentNode\\\":\\\"BODY\\\",\\\"id\\\":\\\"MERC_ORDER_DATE\\\",\\\"name\\\":\\\"商户订单日期\\\",\\\"type\\\":\\\"String\\\",\\\"length\\\":\\\"8\\\",\\\"isRequire\\\":\\\"Y\\\"}]\" ],\r\n  \"status\" : [ \"1\" ],\r\n  \"remark\" : [ \"单笔代付\" ]\r\n}', '{\r\n  \"msg\" : \"操作成功\",\r\n  \"code\" : 0\r\n}', '0', null, '2020-01-03 16:25:25');
INSERT INTO `sys_oper_log` VALUES ('249', '报文实体', '2', 'com.ruoyi.web.controller.test.TestMessageController.editSave()', 'POST', '1', 'admin', '研发部门', '/test/message/edit', '127.0.0.1', '内网IP', '{\r\n  \"messageId\" : [ \"7\" ],\r\n  \"messageName\" : [ \"单笔代付\" ],\r\n  \"messageType\" : [ \"1\" ],\r\n  \"interfaceId\" : [ \"1\" ],\r\n  \"parameterJson\" : [ \"[{\\\"parentNode\\\":\\\"INFO\\\",\\\"id\\\":\\\"TRX_CODE\\\",\\\"name\\\":\\\"交易代码\\\",\\\"type\\\":\\\"String\\\",\\\"length\\\":\\\"20\\\",\\\"isRequire\\\":\\\"Y\\\"},{\\\"parentNode\\\":\\\"INFO\\\",\\\"id\\\":\\\"VERSION\\\",\\\"name\\\":\\\"版本\\\",\\\"type\\\":\\\"String\\\",\\\"length\\\":\\\"3\\\",\\\"isRequire\\\":\\\"Y\\\"},{\\\"parentNode\\\":\\\"INFO\\\",\\\"id\\\":\\\"DATA_TYPE\\\",\\\"name\\\":\\\"数据格式\\\",\\\"type\\\":\\\"Int\\\",\\\"length\\\":\\\"1\\\",\\\"isRequire\\\":\\\"Y\\\"},{\\\"parentNode\\\":\\\"INFO\\\",\\\"id\\\":\\\"REQ_SN\\\",\\\"name\\\":\\\"请求流水号\\\",\\\"type\\\":\\\"String\\\",\\\"length\\\":\\\"32\\\",\\\"isRequire\\\":\\\"Y\\\"},{\\\"parentNode\\\":\\\"INFO\\\",\\\"id\\\":\\\"GZIP_CHARSET\\\",\\\"name\\\":\\\"编码格式\\\",\\\"type\\\":\\\"String\\\",\\\"length\\\":\\\"8\\\",\\\"isRequire\\\":\\\"N\\\"},{\\\"parentNode\\\":\\\"INFO\\\",\\\"id\\\":\\\"SIGNED_MSG\\\",\\\"name\\\":\\\"签名信息\\\",\\\"type\\\":\\\"String\\\",\\\"length\\\":\\\"\\\",\\\"isRequire\\\":\\\"Y\\\"},{\\\"parentNode\\\":\\\"BODY\\\",\\\"id\\\":\\\"MERCHANT_ID\\\",\\\"name\\\":\\\"商户编号\\\",\\\"type\\\":\\\"String\\\",\\\"length\\\":\\\"16\\\",\\\"isRequire\\\":\\\"Y\\\"},{\\\"parentNode\\\":\\\"BODY\\\",\\\"id\\\":\\\"MERC_ORDER_NO\\\",\\\"name\\\":\\\"商户订单编号\\\",\\\"type\\\":\\\"String\\\",\\\"length\\\":\\\"32\\\",\\\"isRequire\\\":\\\"Y\\\"},{\\\"parentNode\\\":\\\"BODY\\\",\\\"id\\\":\\\"MERC_ORDER_DATE\\\",\\\"name\\\":\\\"商户订单日期\\\",\\\"type\\\":\\\"String\\\",\\\"length\\\":\\\"8\\\",\\\"isRequire\\\":\\\"Y\\\"}]\" ],\r\n  \"status\" : [ \"1\" ],\r\n  \"remark\" : [ \"单笔代付\" ]\r\n}', '{\r\n  \"msg\" : \"操作成功\",\r\n  \"code\" : 0\r\n}', '0', null, '2020-01-03 16:25:34');
INSERT INTO `sys_oper_log` VALUES ('250', '报文实体', '1', 'com.ruoyi.web.controller.test.TestMessageController.addSave()', 'POST', '1', 'admin', '研发部门', '/test/message/add', '127.0.0.1', '内网IP', '{\r\n  \"messageName\" : [ \"123123\" ],\r\n  \"interfaceId\" : [ \"2\" ],\r\n  \"parameterJson\" : [ \"[{\\\"parentNode\\\":\\\"INFO\\\",\\\"id\\\":\\\" 的\\\",\\\"name\\\":\\\" 的\\\",\\\"type\\\":\\\"String\\\",\\\"length\\\":\\\"的\\\",\\\"isRequire\\\":\\\" 订单\\\"}]\" ],\r\n  \"status\" : [ \"2\" ],\r\n  \"remark\" : [ \"SaaS\" ]\r\n}', '{\r\n  \"msg\" : \"操作成功\",\r\n  \"code\" : 0\r\n}', '0', null, '2020-01-03 16:28:29');
INSERT INTO `sys_oper_log` VALUES ('251', '工单管理', '1', 'com.ruoyi.web.controller.test.WorkOrderController.addSave()', 'POST', '1', 'admin', '研发部门', '/test/workorder/add', '127.0.0.1', '内网IP', '{\r\n  \"workOrderNum\" : [ \"123\" ],\r\n  \"workOrderName\" : [ \"123\" ],\r\n  \"workOrderType\" : [ \"2\" ],\r\n  \"startTime\" : [ \"2019-12-30\" ],\r\n  \"endTime\" : [ \"2020-01-03\" ]\r\n}', '{\r\n  \"msg\" : \"操作成功\",\r\n  \"code\" : 0\r\n}', '0', null, '2020-01-03 16:29:57');
INSERT INTO `sys_oper_log` VALUES ('252', '报文实体', '1', 'com.ruoyi.web.controller.test.TestMessageController.addSave()', 'POST', '1', 'admin', '研发部门', '/test/message/add', '127.0.0.1', '内网IP', '{\r\n  \"messageName\" : [ \"请问\" ],\r\n  \"messageType\" : [ \"2\" ],\r\n  \"interfaceId\" : [ \"3\" ],\r\n  \"parameterJson\" : [ \"[{\\\"parentNode\\\":\\\"INFO\\\",\\\"id\\\":\\\"额\\\",\\\"name\\\":\\\"  额\\\",\\\"type\\\":\\\"String\\\",\\\"length\\\":\\\"额\\\",\\\"isRequire\\\":\\\"额\\\"}]\" ],\r\n  \"status\" : [ \"1\" ],\r\n  \"remark\" : [ \"额\" ]\r\n}', '{\r\n  \"msg\" : \"操作成功\",\r\n  \"code\" : 0\r\n}', '0', null, '2020-01-03 16:32:27');
INSERT INTO `sys_oper_log` VALUES ('253', '报文实体', '2', 'com.ruoyi.web.controller.test.TestMessageController.editSave()', 'POST', '1', 'admin', '研发部门', '/test/message/edit', '127.0.0.1', '内网IP', '{\r\n  \"messageId\" : [ \"8\" ],\r\n  \"messageName\" : [ \"123123\" ],\r\n  \"messageType\" : [ \"1\" ],\r\n  \"interfaceId\" : [ \"2\" ],\r\n  \"parameterJson\" : [ \"[{\\\"parentNode\\\":\\\"INFO\\\",\\\"id\\\":\\\" 的\\\",\\\"name\\\":\\\" 的\\\",\\\"type\\\":\\\"String\\\",\\\"length\\\":\\\"的\\\",\\\"isRequire\\\":\\\" 订单\\\"}]\" ],\r\n  \"status\" : [ \"2\" ],\r\n  \"remark\" : [ \"SaaS\" ]\r\n}', '{\r\n  \"msg\" : \"操作成功\",\r\n  \"code\" : 0\r\n}', '0', null, '2020-01-03 16:32:31');
INSERT INTO `sys_oper_log` VALUES ('254', '字典类型', '1', 'com.ruoyi.web.controller.system.SysDictTypeController.addSave()', 'POST', '1', 'admin', '研发部门', '/system/dict/add', '127.0.0.1', '内网IP', '{\r\n  \"dictName\" : [ \"报文来源\" ],\r\n  \"dictType\" : [ \"test_message_res\" ],\r\n  \"status\" : [ \"0\" ],\r\n  \"remark\" : [ \"请求报文、响应报文\" ]\r\n}', '{\r\n  \"msg\" : \"操作成功\",\r\n  \"code\" : 0\r\n}', '0', null, '2020-01-03 16:41:00');
INSERT INTO `sys_oper_log` VALUES ('255', '字典数据', '1', 'com.ruoyi.web.controller.system.SysDictDataController.addSave()', 'POST', '1', 'admin', '研发部门', '/system/dict/data/add', '127.0.0.1', '内网IP', '{\r\n  \"dictLabel\" : [ \"请求报文\" ],\r\n  \"dictValue\" : [ \"1\" ],\r\n  \"dictType\" : [ \"test_message_res\" ],\r\n  \"cssClass\" : [ \"\" ],\r\n  \"dictSort\" : [ \"1\" ],\r\n  \"listClass\" : [ \"primary\" ],\r\n  \"isDefault\" : [ \"Y\" ],\r\n  \"status\" : [ \"0\" ],\r\n  \"remark\" : [ \"请求报文\" ]\r\n}', '{\r\n  \"msg\" : \"操作成功\",\r\n  \"code\" : 0\r\n}', '0', null, '2020-01-03 16:41:23');
INSERT INTO `sys_oper_log` VALUES ('256', '字典数据', '1', 'com.ruoyi.web.controller.system.SysDictDataController.addSave()', 'POST', '1', 'admin', '研发部门', '/system/dict/data/add', '127.0.0.1', '内网IP', '{\r\n  \"dictLabel\" : [ \"响应报文\" ],\r\n  \"dictValue\" : [ \"2\" ],\r\n  \"dictType\" : [ \"test_message_res\" ],\r\n  \"cssClass\" : [ \"\" ],\r\n  \"dictSort\" : [ \"2\" ],\r\n  \"listClass\" : [ \"success\" ],\r\n  \"isDefault\" : [ \"Y\" ],\r\n  \"status\" : [ \"0\" ],\r\n  \"remark\" : [ \"响应报文\" ]\r\n}', '{\r\n  \"msg\" : \"操作成功\",\r\n  \"code\" : 0\r\n}', '0', null, '2020-01-03 16:41:38');
INSERT INTO `sys_oper_log` VALUES ('257', '报文实体', '2', 'com.ruoyi.web.controller.test.TestMessageController.editSave()', 'POST', '1', 'admin', '研发部门', '/test/message/edit', '127.0.0.1', '内网IP', '{\r\n  \"messageId\" : [ \"1\" ],\r\n  \"messageName\" : [ \"测试把我摁\" ],\r\n  \"messageType\" : [ \"3\" ],\r\n  \"messageRes\" : [ \"1\" ],\r\n  \"interfaceId\" : [ \"1\" ],\r\n  \"parameterJson\" : [ \"[{\\\"parentNode\\\":\\\"INFO\\\",\\\"id\\\":\\\"TRX_CODE\\\",\\\"name\\\":\\\"交易代码\\\",\\\"type\\\":\\\"String\\\",\\\"length\\\":\\\"20\\\",\\\"isRequire\\\":\\\"Y\\\"},{\\\"parentNode\\\":\\\"INFO\\\",\\\"id\\\":\\\"VERSION\\\",\\\"name\\\":\\\"版本\\\",\\\"type\\\":\\\"String\\\",\\\"length\\\":\\\"3\\\",\\\"isRequire\\\":\\\"Y\\\"},{\\\"parentNode\\\":\\\"INFO\\\",\\\"id\\\":\\\"REQ_SN\\\",\\\"name\\\":\\\"请求流水号\\\",\\\"type\\\":\\\"String\\\",\\\"length\\\":\\\"32\\\",\\\"isRequire\\\":\\\"Y\\\"},{\\\"parentNode\\\":\\\"INFO\\\",\\\"id\\\":\\\"GZIP_CHARSET\\\",\\\"name\\\":\\\"编码格式\\\",\\\"type\\\":\\\"String\\\",\\\"length\\\":\\\"8\\\",\\\"isRequire\\\":\\\"N\\\"},{\\\"parentNode\\\":\\\"BODY\\\",\\\"id\\\":\\\"MERCHANT_ID\\\",\\\"name\\\":\\\"商户编号\\\",\\\"type\\\":\\\"String\\\",\\\"length\\\":\\\"16\\\",\\\"isRequire\\\":\\\"Y\\\"},{\\\"parentNode\\\":\\\"BODY\\\",\\\"id\\\":\\\"PAY_TYPE\\\",\\\"name\\\":\\\"支付场景应用类型\\\",\\\"type\\\":\\\"String\\\",\\\"length\\\":\\\"50\\\",\\\"isRequire\\\":\\\"Y\\\"},{\\\"parentNode\\\":\\\"BODY\\\",\\\"id\\\":\\\"TRANS_AMT\\\",\\\"name\\\":\\\"交易金额\\\",\\\"type\\\":\\\"Number\\\",\\\"length\\\":\\\"18,2\\\",\\\"isRequire\\\":\\\"Y\\\"},{\\\"parentNode\\\":\\\"BODY\\\",\\\"id\\\":\\\"SPLIT_FORMULA\\\",\\\"name\\\":\\\"分账公式\\\",\\\"type\\\":\\\"String\\\",\\\"length\\\":\\\"3000\\\",\\\"isRequire\\\":\\\"Y\\\"},{\\\"parentNode\\\":\\\"BODY\\\",\\\"id\\\":\\\"RISK_INFO\\\",\\\"name\\\":\\\"风控扩展信息\\\",\\\"type\\\":\\\"String\\\",\\\"length\\\":\\\"2048\\\",\\\"isRequire\\\":\\\"N\\\"}]\" ],\r\n  \"status\" : [ \"1\" ],\r\n  \"remark\" : [ \"ceshibaowne\" ]\r\n}', '{\r\n  \"msg\" : \"操作成功\",\r\n  \"code\" : 0\r\n}', '0', null, '2020-01-03 16:51:20');
INSERT INTO `sys_oper_log` VALUES ('258', '报文实体', '2', 'com.ruoyi.web.controller.test.TestMessageController.editSave()', 'POST', '1', 'admin', '研发部门', '/test/message/edit', '127.0.0.1', '内网IP', '{\r\n  \"messageId\" : [ \"2\" ],\r\n  \"messageName\" : [ \"123123\" ],\r\n  \"messageType\" : [ \"1\" ],\r\n  \"messageRes\" : [ \"2\" ],\r\n  \"interfaceId\" : [ \"2\" ],\r\n  \"parameterJson\" : [ \"[]\" ],\r\n  \"status\" : [ \"1\" ],\r\n  \"remark\" : [ \"撒旦法\" ]\r\n}', '{\r\n  \"msg\" : \"操作成功\",\r\n  \"code\" : 0\r\n}', '0', null, '2020-01-03 16:53:02');
INSERT INTO `sys_oper_log` VALUES ('259', '报文实体', '2', 'com.ruoyi.web.controller.test.TestMessageController.editSave()', 'POST', '1', 'admin', '研发部门', '/test/message/edit', '127.0.0.1', '内网IP', '{\r\n  \"messageId\" : [ \"1\" ],\r\n  \"messageName\" : [ \"测试把我摁\" ],\r\n  \"messageType\" : [ \"3\" ],\r\n  \"messageRes\" : [ \"\" ],\r\n  \"interfaceId\" : [ \"1\" ],\r\n  \"parameterJson\" : [ \"[{\\\"parentNode\\\":\\\"INFO\\\",\\\"id\\\":\\\"TRX_CODE\\\",\\\"name\\\":\\\"交易代码\\\",\\\"type\\\":\\\"String\\\",\\\"length\\\":\\\"20\\\",\\\"isRequire\\\":\\\"Y\\\"},{\\\"parentNode\\\":\\\"INFO\\\",\\\"id\\\":\\\"VERSION\\\",\\\"name\\\":\\\"版本\\\",\\\"type\\\":\\\"String\\\",\\\"length\\\":\\\"3\\\",\\\"isRequire\\\":\\\"Y\\\"},{\\\"parentNode\\\":\\\"INFO\\\",\\\"id\\\":\\\"REQ_SN\\\",\\\"name\\\":\\\"请求流水号\\\",\\\"type\\\":\\\"String\\\",\\\"length\\\":\\\"32\\\",\\\"isRequire\\\":\\\"Y\\\"},{\\\"parentNode\\\":\\\"INFO\\\",\\\"id\\\":\\\"GZIP_CHARSET\\\",\\\"name\\\":\\\"编码格式\\\",\\\"type\\\":\\\"String\\\",\\\"length\\\":\\\"8\\\",\\\"isRequire\\\":\\\"N\\\"},{\\\"parentNode\\\":\\\"BODY\\\",\\\"id\\\":\\\"MERCHANT_ID\\\",\\\"name\\\":\\\"商户编号\\\",\\\"type\\\":\\\"String\\\",\\\"length\\\":\\\"16\\\",\\\"isRequire\\\":\\\"Y\\\"},{\\\"parentNode\\\":\\\"BODY\\\",\\\"id\\\":\\\"PAY_TYPE\\\",\\\"name\\\":\\\"支付场景应用类型\\\",\\\"type\\\":\\\"String\\\",\\\"length\\\":\\\"50\\\",\\\"isRequire\\\":\\\"Y\\\"},{\\\"parentNode\\\":\\\"BODY\\\",\\\"id\\\":\\\"TRANS_AMT\\\",\\\"name\\\":\\\"交易金额\\\",\\\"type\\\":\\\"Number\\\",\\\"length\\\":\\\"18,2\\\",\\\"isRequire\\\":\\\"Y\\\"},{\\\"parentNode\\\":\\\"BODY\\\",\\\"id\\\":\\\"SPLIT_FORMULA\\\",\\\"name\\\":\\\"分账公式\\\",\\\"type\\\":\\\"String\\\",\\\"length\\\":\\\"3000\\\",\\\"isRequire\\\":\\\"Y\\\"},{\\\"parentNode\\\":\\\"BODY\\\",\\\"id\\\":\\\"RISK_INFO\\\",\\\"name\\\":\\\"风控扩展信息\\\",\\\"type\\\":\\\"String\\\",\\\"length\\\":\\\"2048\\\",\\\"isRequire\\\":\\\"N\\\"}]\" ],\r\n  \"status\" : [ \"1\" ],\r\n  \"remark\" : [ \"阿斯顿发斯蒂芬\" ]\r\n}', '{\r\n  \"msg\" : \"操作成功\",\r\n  \"code\" : 0\r\n}', '0', null, '2020-01-03 17:02:47');
INSERT INTO `sys_oper_log` VALUES ('260', '报文实体', '2', 'com.ruoyi.web.controller.test.TestMessageController.editSave()', 'POST', '1', 'admin', '研发部门', '/test/message/edit', '127.0.0.1', '内网IP', '{\r\n  \"messageId\" : [ \"1\" ],\r\n  \"messageName\" : [ \"测试把我摁\" ],\r\n  \"messageType\" : [ \"3\" ],\r\n  \"messageRes\" : [ \"1\" ],\r\n  \"interfaceId\" : [ \"1\" ],\r\n  \"parameterJson\" : [ \"[{\\\"parentNode\\\":\\\"INFO\\\",\\\"id\\\":\\\"TRX_CODE\\\",\\\"name\\\":\\\"交易代码\\\",\\\"type\\\":\\\"String\\\",\\\"length\\\":\\\"20\\\",\\\"isRequire\\\":\\\"Y\\\"},{\\\"parentNode\\\":\\\"INFO\\\",\\\"id\\\":\\\"VERSION\\\",\\\"name\\\":\\\"版本\\\",\\\"type\\\":\\\"String\\\",\\\"length\\\":\\\"3\\\",\\\"isRequire\\\":\\\"Y\\\"},{\\\"parentNode\\\":\\\"INFO\\\",\\\"id\\\":\\\"REQ_SN\\\",\\\"name\\\":\\\"请求流水号\\\",\\\"type\\\":\\\"String\\\",\\\"length\\\":\\\"32\\\",\\\"isRequire\\\":\\\"Y\\\"},{\\\"parentNode\\\":\\\"INFO\\\",\\\"id\\\":\\\"GZIP_CHARSET\\\",\\\"name\\\":\\\"编码格式\\\",\\\"type\\\":\\\"String\\\",\\\"length\\\":\\\"8\\\",\\\"isRequire\\\":\\\"N\\\"},{\\\"parentNode\\\":\\\"BODY\\\",\\\"id\\\":\\\"MERCHANT_ID\\\",\\\"name\\\":\\\"商户编号\\\",\\\"type\\\":\\\"String\\\",\\\"length\\\":\\\"16\\\",\\\"isRequire\\\":\\\"Y\\\"},{\\\"parentNode\\\":\\\"BODY\\\",\\\"id\\\":\\\"PAY_TYPE\\\",\\\"name\\\":\\\"支付场景应用类型\\\",\\\"type\\\":\\\"String\\\",\\\"length\\\":\\\"50\\\",\\\"isRequire\\\":\\\"Y\\\"},{\\\"parentNode\\\":\\\"BODY\\\",\\\"id\\\":\\\"TRANS_AMT\\\",\\\"name\\\":\\\"交易金额\\\",\\\"type\\\":\\\"Number\\\",\\\"length\\\":\\\"18,2\\\",\\\"isRequire\\\":\\\"Y\\\"},{\\\"parentNode\\\":\\\"BODY\\\",\\\"id\\\":\\\"SPLIT_FORMULA\\\",\\\"name\\\":\\\"分账公式\\\",\\\"type\\\":\\\"String\\\",\\\"length\\\":\\\"3000\\\",\\\"isRequire\\\":\\\"Y\\\"},{\\\"parentNode\\\":\\\"BODY\\\",\\\"id\\\":\\\"RISK_INFO\\\",\\\"name\\\":\\\"风控扩展信息\\\",\\\"type\\\":\\\"String\\\",\\\"length\\\":\\\"2048\\\",\\\"isRequire\\\":\\\"N\\\"}]\" ],\r\n  \"status\" : [ \"1\" ],\r\n  \"remark\" : [ \"阿斯顿发斯蒂芬\" ]\r\n}', '{\r\n  \"msg\" : \"操作成功\",\r\n  \"code\" : 0\r\n}', '0', null, '2020-01-03 17:02:57');
INSERT INTO `sys_oper_log` VALUES ('261', '报文实体', '2', 'com.ruoyi.web.controller.test.TestMessageController.editSave()', 'POST', '1', 'admin', '研发部门', '/test/message/edit', '127.0.0.1', '内网IP', '{\r\n  \"messageId\" : [ \"1\" ],\r\n  \"messageName\" : [ \"测试把我摁\" ],\r\n  \"messageType\" : [ \"3\" ],\r\n  \"messageRes\" : [ \"1\" ],\r\n  \"interfaceId\" : [ \"1\" ],\r\n  \"parameterJson\" : [ \"[{\\\"parentNode\\\":\\\"INFO\\\",\\\"id\\\":\\\"TRX_CODE\\\",\\\"name\\\":\\\"交易代码\\\",\\\"type\\\":\\\"String\\\",\\\"length\\\":\\\"20\\\",\\\"isRequire\\\":\\\"Y\\\"},{\\\"parentNode\\\":\\\"INFO\\\",\\\"id\\\":\\\"VERSION\\\",\\\"name\\\":\\\"版本\\\",\\\"type\\\":\\\"String\\\",\\\"length\\\":\\\"3\\\",\\\"isRequire\\\":\\\"Y\\\"},{\\\"parentNode\\\":\\\"INFO\\\",\\\"id\\\":\\\"REQ_SN\\\",\\\"name\\\":\\\"请求流水号\\\",\\\"type\\\":\\\"String\\\",\\\"length\\\":\\\"32\\\",\\\"isRequire\\\":\\\"Y\\\"},{\\\"parentNode\\\":\\\"INFO\\\",\\\"id\\\":\\\"GZIP_CHARSET\\\",\\\"name\\\":\\\"编码格式\\\",\\\"type\\\":\\\"String\\\",\\\"length\\\":\\\"8\\\",\\\"isRequire\\\":\\\"N\\\"},{\\\"parentNode\\\":\\\"BODY\\\",\\\"id\\\":\\\"MERCHANT_ID\\\",\\\"name\\\":\\\"商户编号\\\",\\\"type\\\":\\\"String\\\",\\\"length\\\":\\\"16\\\",\\\"isRequire\\\":\\\"Y\\\"},{\\\"parentNode\\\":\\\"BODY\\\",\\\"id\\\":\\\"PAY_TYPE\\\",\\\"name\\\":\\\"支付场景应用类型\\\",\\\"type\\\":\\\"String\\\",\\\"length\\\":\\\"50\\\",\\\"isRequire\\\":\\\"Y\\\"},{\\\"parentNode\\\":\\\"BODY\\\",\\\"id\\\":\\\"TRANS_AMT\\\",\\\"name\\\":\\\"交易金额\\\",\\\"type\\\":\\\"Number\\\",\\\"length\\\":\\\"18,2\\\",\\\"isRequire\\\":\\\"Y\\\"},{\\\"parentNode\\\":\\\"BODY\\\",\\\"id\\\":\\\"SPLIT_FORMULA\\\",\\\"name\\\":\\\"分账公式\\\",\\\"type\\\":\\\"String\\\",\\\"length\\\":\\\"3000\\\",\\\"isRequire\\\":\\\"Y\\\"},{\\\"parentNode\\\":\\\"BODY\\\",\\\"id\\\":\\\"RISK_INFO\\\",\\\"name\\\":\\\"风控扩展信息\\\",\\\"type\\\":\\\"String\\\",\\\"length\\\":\\\"2048\\\",\\\"isRequire\\\":\\\"N\\\"}]\" ],\r\n  \"status\" : [ \"1\" ],\r\n  \"remark\" : [ \"阿斯顿发斯蒂芬\" ]\r\n}', '{\r\n  \"msg\" : \"操作成功\",\r\n  \"code\" : 0\r\n}', '0', null, '2020-01-03 17:04:25');
INSERT INTO `sys_oper_log` VALUES ('262', '报文实体', '1', 'com.ruoyi.web.controller.test.TestMessageController.addSave()', 'POST', '1', 'admin', '研发部门', '/test/message/add', '127.0.0.1', '内网IP', '{\r\n  \"messageName\" : [ \"\" ],\r\n  \"messageType\" : [ \"\" ],\r\n  \"messageRes\" : [ \"\" ],\r\n  \"interfaceId\" : [ \"\" ],\r\n  \"parameterJson\" : [ \"[{\\\"parentNode\\\":\\\"INFO\\\",\\\"id\\\":\\\"\\\",\\\"name\\\":\\\"\\\",\\\"type\\\":\\\"String\\\",\\\"length\\\":\\\"\\\",\\\"isRequire\\\":\\\"\\\"}]\" ],\r\n  \"remark\" : [ \"\" ]\r\n}', '{\r\n  \"msg\" : \"操作成功\",\r\n  \"code\" : 0\r\n}', '0', null, '2020-01-03 17:04:35');
INSERT INTO `sys_oper_log` VALUES ('263', '报文实体', '3', 'com.ruoyi.web.controller.test.TestMessageController.remove()', 'POST', '1', 'admin', '研发部门', '/test/message/remove', '127.0.0.1', '内网IP', '{\r\n  \"ids\" : [ \"10\" ]\r\n}', '{\r\n  \"msg\" : \"操作成功\",\r\n  \"code\" : 0\r\n}', '0', null, '2020-01-03 17:04:39');
INSERT INTO `sys_oper_log` VALUES ('264', '菜单管理', '2', 'com.ruoyi.web.controller.system.SysMenuController.editSave()', 'POST', '1', 'admin', '研发部门', '/system/menu/edit', '127.0.0.1', '内网IP', '{\r\n  \"menuId\" : [ \"2008\" ],\r\n  \"parentId\" : [ \"2000\" ],\r\n  \"menuType\" : [ \"C\" ],\r\n  \"menuName\" : [ \"测试用例\" ],\r\n  \"url\" : [ \"/testplatform/testcase\" ],\r\n  \"target\" : [ \"menuItem\" ],\r\n  \"perms\" : [ \"testplatform:testcase:view\" ],\r\n  \"orderNum\" : [ \"1\" ],\r\n  \"icon\" : [ \"#\" ],\r\n  \"visible\" : [ \"1\" ]\r\n}', '{\r\n  \"msg\" : \"操作成功\",\r\n  \"code\" : 0\r\n}', '0', null, '2020-01-05 14:36:47');
INSERT INTO `sys_oper_log` VALUES ('265', '菜单管理', '2', 'com.ruoyi.web.controller.system.SysMenuController.editSave()', 'POST', '1', 'admin', '研发部门', '/system/menu/edit', '127.0.0.1', '内网IP', '{\r\n  \"menuId\" : [ \"2023\" ],\r\n  \"parentId\" : [ \"2000\" ],\r\n  \"menuType\" : [ \"C\" ],\r\n  \"menuName\" : [ \"用例管理\" ],\r\n  \"url\" : [ \"/testplatform/case\" ],\r\n  \"target\" : [ \"menuItem\" ],\r\n  \"perms\" : [ \"testplatform:case:view\" ],\r\n  \"orderNum\" : [ \"5\" ],\r\n  \"icon\" : [ \"#\" ],\r\n  \"visible\" : [ \"0\" ]\r\n}', '{\r\n  \"msg\" : \"操作成功\",\r\n  \"code\" : 0\r\n}', '0', null, '2020-01-05 14:39:30');
INSERT INTO `sys_oper_log` VALUES ('266', '菜单管理', '2', 'com.ruoyi.web.controller.system.SysMenuController.editSave()', 'POST', '1', 'admin', '研发部门', '/system/menu/edit', '127.0.0.1', '内网IP', '{\r\n  \"menuId\" : [ \"2018\" ],\r\n  \"parentId\" : [ \"2000\" ],\r\n  \"menuType\" : [ \"C\" ],\r\n  \"menuName\" : [ \"报文管理\" ],\r\n  \"url\" : [ \"/testplatform/message\" ],\r\n  \"target\" : [ \"menuItem\" ],\r\n  \"perms\" : [ \"testplatform:message:view\" ],\r\n  \"orderNum\" : [ \"4\" ],\r\n  \"icon\" : [ \"#\" ],\r\n  \"visible\" : [ \"0\" ]\r\n}', '{\r\n  \"msg\" : \"操作成功\",\r\n  \"code\" : 0\r\n}', '0', null, '2020-01-05 14:41:42');
INSERT INTO `sys_oper_log` VALUES ('267', '菜单管理', '2', 'com.ruoyi.web.controller.system.SysMenuController.editSave()', 'POST', '1', 'admin', '研发部门', '/system/menu/edit', '127.0.0.1', '内网IP', '{\r\n  \"menuId\" : [ \"2013\" ],\r\n  \"parentId\" : [ \"2000\" ],\r\n  \"menuType\" : [ \"C\" ],\r\n  \"menuName\" : [ \"接口管理\" ],\r\n  \"url\" : [ \"/testplatform/interface\" ],\r\n  \"target\" : [ \"menuItem\" ],\r\n  \"perms\" : [ \"testplatform:interface:view\" ],\r\n  \"orderNum\" : [ \"3\" ],\r\n  \"icon\" : [ \"#\" ],\r\n  \"visible\" : [ \"0\" ]\r\n}', '{\r\n  \"msg\" : \"操作成功\",\r\n  \"code\" : 0\r\n}', '0', null, '2020-01-05 14:41:54');
INSERT INTO `sys_oper_log` VALUES ('268', '菜单管理', '2', 'com.ruoyi.web.controller.system.SysMenuController.editSave()', 'POST', '1', 'admin', '研发部门', '/system/menu/edit', '127.0.0.1', '内网IP', '{\r\n  \"menuId\" : [ \"2003\" ],\r\n  \"parentId\" : [ \"2000\" ],\r\n  \"menuType\" : [ \"C\" ],\r\n  \"menuName\" : [ \"工单管理\" ],\r\n  \"url\" : [ \"/testplatform/workorder\" ],\r\n  \"target\" : [ \"menuItem\" ],\r\n  \"perms\" : [ \"testplatform:workorder:view\" ],\r\n  \"orderNum\" : [ \"2\" ],\r\n  \"icon\" : [ \"#\" ],\r\n  \"visible\" : [ \"0\" ]\r\n}', '{\r\n  \"msg\" : \"操作成功\",\r\n  \"code\" : 0\r\n}', '0', null, '2020-01-05 14:42:06');
INSERT INTO `sys_oper_log` VALUES ('269', '工单管理', '2', 'com.ruoyi.web.controller.testplatform.WorkOrderController.editSave()', 'POST', '1', 'admin', null, '/testplatform/workorder/edit', '127.0.0.1', '内网IP', '{\r\n  \"workOrderId\" : [ \"14\" ],\r\n  \"workOrderNum\" : [ \"123\" ],\r\n  \"workOrderName\" : [ \"asfdsfasd\" ],\r\n  \"workOrderType\" : [ \"2\" ],\r\n  \"status\" : [ \"0\" ],\r\n  \"startTime\" : [ \"2019-12-30\" ],\r\n  \"endTime\" : [ \"2020-01-03\" ],\r\n  \"remark\" : [ \"\" ]\r\n}', '{\r\n  \"msg\" : \"操作成功\",\r\n  \"code\" : 0\r\n}', '0', null, '2020-01-05 14:48:31');
INSERT INTO `sys_oper_log` VALUES ('270', '工单管理', '1', 'com.ruoyi.web.controller.testplatform.WorkOrderController.addSave()', 'POST', '1', 'admin', null, '/testplatform/workorder/add', '127.0.0.1', '内网IP', '{\r\n  \"workOrderNum\" : [ \"sadfasdf\" ],\r\n  \"workOrderName\" : [ \"asdfasdf\" ],\r\n  \"workOrderType\" : [ \"1\" ],\r\n  \"startTime\" : [ \"2020-01-27\" ],\r\n  \"endTime\" : [ \"2020-01-31\" ]\r\n}', '{\r\n  \"msg\" : \"操作成功\",\r\n  \"code\" : 0\r\n}', '0', null, '2020-01-05 14:48:43');
INSERT INTO `sys_oper_log` VALUES ('271', '工单管理', '3', 'com.ruoyi.web.controller.testplatform.WorkOrderController.remove()', 'POST', '1', 'admin', null, '/testplatform/workorder/remove', '127.0.0.1', '内网IP', '{\r\n  \"ids\" : [ \"15\" ]\r\n}', '{\r\n  \"msg\" : \"操作成功\",\r\n  \"code\" : 0\r\n}', '0', null, '2020-01-05 14:48:46');
INSERT INTO `sys_oper_log` VALUES ('272', '接口信息实体', '2', 'com.ruoyi.web.controller.testplatform.TestInterfaceInfoController.editSave()', 'POST', '1', 'admin', '研发部门', '/testplatform/interface/edit', '127.0.0.1', '内网IP', '{\r\n  \"interfaceId\" : [ \"2\" ],\r\n  \"interfaceName\" : [ \"ceshicehihsi\" ],\r\n  \"interfaceChName\" : [ \"测试测试\" ],\r\n  \"requestUrl\" : [ \"/ceshi/ceshi\" ],\r\n  \"interfaceType\" : [ \"1\" ],\r\n  \"interfaceProtocol\" : [ \"3\" ],\r\n  \"requestType\" : [ \"2\" ],\r\n  \"status\" : [ \"2\" ],\r\n  \"remark\" : [ \"sdfsdafer4萨芬的\" ]\r\n}', '{\r\n  \"msg\" : \"操作成功\",\r\n  \"code\" : 0\r\n}', '0', null, '2020-01-05 14:52:24');
INSERT INTO `sys_oper_log` VALUES ('273', '接口信息实体', '1', 'com.ruoyi.web.controller.testplatform.TestInterfaceInfoController.addSave()', 'POST', '1', 'admin', '研发部门', '/testplatform/interface/add', '127.0.0.1', '内网IP', '{\r\n  \"interfaceName\" : [ \"qwerqwer\" ],\r\n  \"interfaceChName\" : [ \"qwerqwer\" ],\r\n  \"requestUrl\" : [ \"qewrqwer\" ],\r\n  \"interfaceType\" : [ \"2\" ],\r\n  \"interfaceProtocol\" : [ \"2\" ],\r\n  \"requestType\" : [ \"2\" ],\r\n  \"status\" : [ \"2\" ],\r\n  \"remark\" : [ \"asdfdsfdsfasf\" ]\r\n}', '{\r\n  \"msg\" : \"操作成功\",\r\n  \"code\" : 0\r\n}', '0', null, '2020-01-05 14:56:39');
INSERT INTO `sys_oper_log` VALUES ('274', '接口信息实体', '3', 'com.ruoyi.web.controller.testplatform.TestInterfaceInfoController.remove()', 'POST', '1', 'admin', '研发部门', '/testplatform/interface/remove', '127.0.0.1', '内网IP', '{\r\n  \"ids\" : [ \"4\" ]\r\n}', '{\r\n  \"msg\" : \"操作成功\",\r\n  \"code\" : 0\r\n}', '0', null, '2020-01-05 14:56:44');
INSERT INTO `sys_oper_log` VALUES ('275', '报文实体', '2', 'com.ruoyi.web.controller.testplatform.TestMessageController.editSave()', 'POST', '1', 'admin', '研发部门', '/testplatform/message/edit', '127.0.0.1', '内网IP', '{\r\n  \"messageId\" : [ \"4\" ],\r\n  \"messageName\" : [ \"123123\" ],\r\n  \"messageType\" : [ \"1\" ],\r\n  \"messageRes\" : [ \"1\" ],\r\n  \"interfaceId\" : [ \"3\" ],\r\n  \"parameterJson\" : [ \"[]\" ],\r\n  \"status\" : [ \"2\" ],\r\n  \"remark\" : [ \"sadssssssssssssssssc\" ]\r\n}', '{\r\n  \"msg\" : \"操作成功\",\r\n  \"code\" : 0\r\n}', '0', null, '2020-01-05 14:57:05');
INSERT INTO `sys_oper_log` VALUES ('276', '报文实体', '3', 'com.ruoyi.web.controller.testplatform.TestMessageController.remove()', 'POST', '1', 'admin', '研发部门', '/testplatform/message/remove', '127.0.0.1', '内网IP', '{\r\n  \"ids\" : [ \"4\" ]\r\n}', '{\r\n  \"msg\" : \"操作成功\",\r\n  \"code\" : 0\r\n}', '0', null, '2020-01-05 14:57:10');
INSERT INTO `sys_oper_log` VALUES ('277', '报文实体', '1', 'com.ruoyi.web.controller.testplatform.TestMessageController.addSave()', 'POST', '1', 'admin', '研发部门', '/testplatform/message/add', '127.0.0.1', '内网IP', '{\r\n  \"messageName\" : [ \"fqewfasdf\" ],\r\n  \"messageType\" : [ \"2\" ],\r\n  \"messageRes\" : [ \"1\" ],\r\n  \"interfaceId\" : [ \"3\" ],\r\n  \"parameterJson\" : [ \"[{\\\"parentNode\\\":\\\"INFO\\\",\\\"id\\\":\\\"sadf\\\",\\\"name\\\":\\\"adsfadsf\\\",\\\"type\\\":\\\"String\\\",\\\"length\\\":\\\"sdf\\\",\\\"isRequire\\\":\\\"sdaf\\\"}]\" ],\r\n  \"status\" : [ \"1\" ],\r\n  \"remark\" : [ \"adsfasdf\" ]\r\n}', '{\r\n  \"msg\" : \"操作成功\",\r\n  \"code\" : 0\r\n}', '0', null, '2020-01-05 14:57:30');
INSERT INTO `sys_oper_log` VALUES ('278', '报文实体', '3', 'com.ruoyi.web.controller.testplatform.TestMessageController.remove()', 'POST', '1', 'admin', '研发部门', '/testplatform/message/remove', '127.0.0.1', '内网IP', '{\r\n  \"ids\" : [ \"10\" ]\r\n}', '{\r\n  \"msg\" : \"操作成功\",\r\n  \"code\" : 0\r\n}', '0', null, '2020-01-05 14:57:34');
INSERT INTO `sys_oper_log` VALUES ('279', '用例实体', '1', 'com.ruoyi.web.controller.testplatform.TestCaseController.addSave()', 'POST', '1', 'admin', '研发部门', '/testplatform/case/add', '127.0.0.1', '内网IP', '{\r\n  \"caseName\" : [ \"wqef\" ],\r\n  \"interfaceName\" : [ \"singlePay\" ],\r\n  \"interfaceId\" : [ \"1\" ],\r\n  \"parameterJson\" : [ \"sdafasdf\" ],\r\n  \"caseType\" : [ \"1\" ],\r\n  \"status\" : [ \"1\" ],\r\n  \"env\" : [ \"1\" ],\r\n  \"checkRuleFlag\" : [ \"1\" ],\r\n  \"checkExpression\" : [ \"asdfasdf\" ],\r\n  \"preActionId\" : [ \"3\" ]\r\n}', '{\r\n  \"msg\" : \"操作成功\",\r\n  \"code\" : 0\r\n}', '0', null, '2020-01-05 14:58:21');
INSERT INTO `sys_oper_log` VALUES ('280', '用例实体', '2', 'com.ruoyi.web.controller.testplatform.TestCaseController.editSave()', 'POST', '1', 'admin', '研发部门', '/testplatform/case/edit', '127.0.0.1', '内网IP', '{\r\n  \"caseId\" : [ \"2\" ],\r\n  \"caseName\" : [ \"wqef\" ],\r\n  \"interfaceName\" : [ \"singlePay\" ],\r\n  \"interfaceId\" : [ \"1\" ],\r\n  \"parameterJson\" : [ \"sdafasdf\" ],\r\n  \"caseType\" : [ \"1\" ],\r\n  \"status\" : [ \"1\" ],\r\n  \"env\" : [ \"1\" ],\r\n  \"checkRuleFlag\" : [ \"1\" ],\r\n  \"checkExpression\" : [ \"asdfasdfadsfasdfas\" ],\r\n  \"preActionId\" : [ \"1\" ]\r\n}', '{\r\n  \"msg\" : \"操作成功\",\r\n  \"code\" : 0\r\n}', '0', null, '2020-01-05 14:58:27');
INSERT INTO `sys_oper_log` VALUES ('281', '用例实体', '3', 'com.ruoyi.web.controller.testplatform.TestCaseController.remove()', 'POST', '1', 'admin', '研发部门', '/testplatform/case/remove', '127.0.0.1', '内网IP', '{\r\n  \"ids\" : [ \"2\" ]\r\n}', '{\r\n  \"msg\" : \"操作成功\",\r\n  \"code\" : 0\r\n}', '0', null, '2020-01-05 14:58:32');
INSERT INTO `sys_oper_log` VALUES ('282', '报文实体', '3', 'com.ruoyi.web.controller.testplatform.TestMessageController.remove()', 'POST', '1', 'admin', null, '/testplatform/message/remove', '127.0.0.1', '内网IP', '{\r\n  \"ids\" : [ \"1\" ]\r\n}', '{\r\n  \"msg\" : \"操作成功\",\r\n  \"code\" : 0\r\n}', '0', null, '2020-01-05 16:17:42');
INSERT INTO `sys_oper_log` VALUES ('283', '报文实体', '3', 'com.ruoyi.web.controller.testplatform.TestMessageController.remove()', 'POST', '1', 'admin', null, '/testplatform/message/remove', '127.0.0.1', '内网IP', '{\r\n  \"ids\" : [ \"5\" ]\r\n}', '{\r\n  \"msg\" : \"操作成功\",\r\n  \"code\" : 0\r\n}', '0', null, '2020-01-05 16:17:48');
INSERT INTO `sys_oper_log` VALUES ('284', '报文实体', '2', 'com.ruoyi.web.controller.testplatform.TestMessageController.editSave()', 'POST', '1', 'admin', null, '/testplatform/message/edit', '127.0.0.1', '内网IP', '{\r\n  \"messageId\" : [ \"7\" ],\r\n  \"messageName\" : [ \"单笔代付\" ],\r\n  \"messageType\" : [ \"1\" ],\r\n  \"messageRes\" : [ \"1\" ],\r\n  \"interfaceId\" : [ \"1\" ],\r\n  \"parameterJson\" : [ \"[{\\\"parentNode\\\":\\\"INFO\\\",\\\"id\\\":\\\"TRX_CODE\\\",\\\"name\\\":\\\"交易代码\\\",\\\"type\\\":\\\"String\\\",\\\"length\\\":\\\"20\\\",\\\"isRequire\\\":\\\"Y\\\"},{\\\"parentNode\\\":\\\"INFO\\\",\\\"id\\\":\\\"VERSION\\\",\\\"name\\\":\\\"版本\\\",\\\"type\\\":\\\"String\\\",\\\"length\\\":\\\"3\\\",\\\"isRequire\\\":\\\"Y\\\"},{\\\"parentNode\\\":\\\"INFO\\\",\\\"id\\\":\\\"DATA_TYPE\\\",\\\"name\\\":\\\"数据格式\\\",\\\"type\\\":\\\"Int\\\",\\\"length\\\":\\\"1\\\",\\\"isRequire\\\":\\\"Y\\\"},{\\\"parentNode\\\":\\\"INFO\\\",\\\"id\\\":\\\"REQ_SN\\\",\\\"name\\\":\\\"请求流水号\\\",\\\"type\\\":\\\"String\\\",\\\"length\\\":\\\"32\\\",\\\"isRequire\\\":\\\"Y\\\"},{\\\"parentNode\\\":\\\"INFO\\\",\\\"id\\\":\\\"GZIP_CHARSET\\\",\\\"name\\\":\\\"编码格式\\\",\\\"type\\\":\\\"String\\\",\\\"length\\\":\\\"8\\\",\\\"isRequire\\\":\\\"N\\\"},{\\\"parentNode\\\":\\\"INFO\\\",\\\"id\\\":\\\"SIGNED_MSG\\\",\\\"name\\\":\\\"签名信息\\\",\\\"type\\\":\\\"String\\\",\\\"length\\\":\\\"\\\",\\\"isRequire\\\":\\\"Y\\\"},{\\\"parentNode\\\":\\\"BODY\\\",\\\"id\\\":\\\"MERCHANT_ID\\\",\\\"name\\\":\\\"商户编号\\\",\\\"type\\\":\\\"String\\\",\\\"length\\\":\\\"16\\\",\\\"isRequire\\\":\\\"Y\\\"},{\\\"parentNode\\\":\\\"BODY\\\",\\\"id\\\":\\\"MERC_ORDER_NO\\\",\\\"name\\\":\\\"商户订单编号\\\",\\\"type\\\":\\\"String\\\",\\\"length\\\":\\\"32\\\",\\\"isRequire\\\":\\\"Y\\\"},{\\\"parentNode\\\":\\\"BODY\\\",\\\"id\\\":\\\"MERC_ORDER_DATE\\\",\\\"name\\\":\\\"商户订单日期\\\",\\\"type\\\":\\\"String\\\",\\\"length\\\":\\\"8\\\",\\\"isRequire\\\":\\\"Y\\\"}]\" ],\r\n  \"status\" : [ \"1\" ],\r\n  \"remark\" : [ \"单笔代付\" ]\r\n}', '{\r\n  \"msg\" : \"操作成功\",\r\n  \"code\" : 0\r\n}', '0', null, '2020-01-05 16:17:56');
INSERT INTO `sys_oper_log` VALUES ('285', '接口信息实体', '1', 'com.ruoyi.web.controller.testplatform.TestInterfaceInfoController.addSave()', 'POST', '1', 'admin', null, '/testplatform/interface/add', '127.0.0.1', '内网IP', '{\r\n  \"interfaceName\" : [ \"234234\" ],\r\n  \"interfaceChName\" : [ \"234234\" ],\r\n  \"requestUrl\" : [ \"234234\" ],\r\n  \"interfaceType\" : [ \"1\" ],\r\n  \"interfaceProtocol\" : [ \"2\" ],\r\n  \"requestType\" : [ \"1\" ],\r\n  \"status\" : [ \"1\" ],\r\n  \"remark\" : [ \"qwerqwerqewr\" ]\r\n}', '{\r\n  \"msg\" : \"操作成功\",\r\n  \"code\" : 0\r\n}', '0', null, '2020-01-05 18:23:40');
INSERT INTO `sys_oper_log` VALUES ('286', '报文实体', '3', 'com.ruoyi.web.controller.testplatform.TestMessageController.remove()', 'POST', '1', 'admin', null, '/testplatform/message/remove', '127.0.0.1', '内网IP', '{\r\n  \"ids\" : [ \"3\" ]\r\n}', '{\r\n  \"msg\" : \"操作成功\",\r\n  \"code\" : 0\r\n}', '0', null, '2020-01-05 19:25:33');
INSERT INTO `sys_oper_log` VALUES ('287', '报文实体', '3', 'com.ruoyi.web.controller.testplatform.TestMessageController.remove()', 'POST', '1', 'admin', null, '/testplatform/message/remove', '127.0.0.1', '内网IP', '{\r\n  \"ids\" : [ \"6\" ]\r\n}', '{\r\n  \"msg\" : \"操作成功\",\r\n  \"code\" : 0\r\n}', '0', null, '2020-01-05 19:25:36');
INSERT INTO `sys_oper_log` VALUES ('288', '报文实体', '3', 'com.ruoyi.web.controller.testplatform.TestMessageController.remove()', 'POST', '1', 'admin', null, '/testplatform/message/remove', '127.0.0.1', '内网IP', '{\r\n  \"ids\" : [ \"8\" ]\r\n}', '{\r\n  \"msg\" : \"操作成功\",\r\n  \"code\" : 0\r\n}', '0', null, '2020-01-05 19:25:43');
INSERT INTO `sys_oper_log` VALUES ('289', '报文实体', '2', 'com.ruoyi.web.controller.testplatform.TestMessageController.editSave()', 'POST', '1', 'admin', null, '/testplatform/message/edit', '127.0.0.1', '内网IP', '{\r\n  \"messageId\" : [ \"9\" ],\r\n  \"messageName\" : [ \"请问\" ],\r\n  \"messageType\" : [ \"2\" ],\r\n  \"messageRes\" : [ \"1\" ],\r\n  \"interfaceId\" : [ \"3\" ],\r\n  \"parameterJson\" : [ \"[{\\\"parentNode\\\":\\\"INFO\\\",\\\"id\\\":\\\"额\\\",\\\"name\\\":\\\" 额\\\",\\\"type\\\":\\\"String\\\",\\\"length\\\":\\\"额\\\",\\\"isRequire\\\":\\\"额\\\"}]\" ],\r\n  \"status\" : [ \"1\" ],\r\n  \"remark\" : [ \"额\" ]\r\n}', '{\r\n  \"msg\" : \"操作成功\",\r\n  \"code\" : 0\r\n}', '0', null, '2020-01-05 19:25:53');
INSERT INTO `sys_oper_log` VALUES ('290', '接口信息实体', '2', 'com.ruoyi.web.controller.testplatform.TestInterfaceInfoController.editSave()', 'POST', '1', 'admin', '研发部门', '/testplatform/interface/edit', '127.0.0.1', '内网IP', '{\r\n  \"interfaceId\" : [ \"2\" ],\r\n  \"interfaceName\" : [ \"ceshicehihsi\" ],\r\n  \"interfaceChName\" : [ \"测试测试\" ],\r\n  \"requestUrl\" : [ \"/ceshi/ceshi\" ],\r\n  \"interfaceType\" : [ \"1\" ],\r\n  \"interfaceProtocol\" : [ \"3\" ],\r\n  \"requestType\" : [ \"2\" ],\r\n  \"status\" : [ \"2\" ],\r\n  \"remark\" : [ \"4444444\" ]\r\n}', '{\r\n  \"msg\" : \"操作成功\",\r\n  \"code\" : 0\r\n}', '0', null, '2020-01-06 13:52:13');
INSERT INTO `sys_oper_log` VALUES ('291', '菜单管理', '1', 'com.ruoyi.web.controller.system.SysMenuController.addSave()', 'POST', '1', 'admin', '研发部门', '/system/menu/add', '127.0.0.1', '内网IP', '{\r\n  \"parentId\" : [ \"1\" ],\r\n  \"menuType\" : [ \"M\" ],\r\n  \"menuName\" : [ \"组织管理\" ],\r\n  \"url\" : [ \"\" ],\r\n  \"target\" : [ \"menuItem\" ],\r\n  \"perms\" : [ \"\" ],\r\n  \"orderNum\" : [ \"1\" ],\r\n  \"icon\" : [ \"fa fa-qrcode\" ],\r\n  \"visible\" : [ \"0\" ]\r\n}', '{\r\n  \"msg\" : \"操作成功\",\r\n  \"code\" : 0\r\n}', '0', null, '2020-01-06 14:12:07');
INSERT INTO `sys_oper_log` VALUES ('292', '菜单管理', '2', 'com.ruoyi.web.controller.system.SysMenuController.editSave()', 'POST', '1', 'admin', '研发部门', '/system/menu/edit', '127.0.0.1', '内网IP', '{\r\n  \"menuId\" : [ \"100\" ],\r\n  \"parentId\" : [ \"2028\" ],\r\n  \"menuType\" : [ \"C\" ],\r\n  \"menuName\" : [ \"用户管理\" ],\r\n  \"url\" : [ \"/system/user\" ],\r\n  \"target\" : [ \"menuItem\" ],\r\n  \"perms\" : [ \"system:user:view\" ],\r\n  \"orderNum\" : [ \"1\" ],\r\n  \"icon\" : [ \"icon-user\" ],\r\n  \"visible\" : [ \"0\" ]\r\n}', '{\r\n  \"msg\" : \"操作成功\",\r\n  \"code\" : 0\r\n}', '0', null, '2020-01-06 14:13:21');
INSERT INTO `sys_oper_log` VALUES ('293', '菜单管理', '2', 'com.ruoyi.web.controller.system.SysMenuController.editSave()', 'POST', '1', 'admin', '研发部门', '/system/menu/edit', '127.0.0.1', '内网IP', '{\r\n  \"menuId\" : [ \"103\" ],\r\n  \"parentId\" : [ \"2028\" ],\r\n  \"menuType\" : [ \"C\" ],\r\n  \"menuName\" : [ \"部门管理\" ],\r\n  \"url\" : [ \"/system/dept\" ],\r\n  \"target\" : [ \"menuItem\" ],\r\n  \"perms\" : [ \"system:dept:view\" ],\r\n  \"orderNum\" : [ \"2\" ],\r\n  \"icon\" : [ \"icon-grid\" ],\r\n  \"visible\" : [ \"0\" ]\r\n}', '{\r\n  \"msg\" : \"操作成功\",\r\n  \"code\" : 0\r\n}', '0', null, '2020-01-06 14:14:28');
INSERT INTO `sys_oper_log` VALUES ('294', '菜单管理', '2', 'com.ruoyi.web.controller.system.SysMenuController.editSave()', 'POST', '1', 'admin', '研发部门', '/system/menu/edit', '127.0.0.1', '内网IP', '{\r\n  \"menuId\" : [ \"104\" ],\r\n  \"parentId\" : [ \"2028\" ],\r\n  \"menuType\" : [ \"C\" ],\r\n  \"menuName\" : [ \"岗位管理\" ],\r\n  \"url\" : [ \"/system/post\" ],\r\n  \"target\" : [ \"menuItem\" ],\r\n  \"perms\" : [ \"system:post:view\" ],\r\n  \"orderNum\" : [ \"3\" ],\r\n  \"icon\" : [ \"icon-trophy\" ],\r\n  \"visible\" : [ \"0\" ]\r\n}', '{\r\n  \"msg\" : \"操作成功\",\r\n  \"code\" : 0\r\n}', '0', null, '2020-01-06 14:15:02');
INSERT INTO `sys_oper_log` VALUES ('295', '菜单管理', '1', 'com.ruoyi.web.controller.system.SysMenuController.addSave()', 'POST', '1', 'admin', '研发部门', '/system/menu/add', '127.0.0.1', '内网IP', '{\r\n  \"parentId\" : [ \"1\" ],\r\n  \"menuType\" : [ \"M\" ],\r\n  \"menuName\" : [ \"权限管理\" ],\r\n  \"url\" : [ \"\" ],\r\n  \"target\" : [ \"menuItem\" ],\r\n  \"perms\" : [ \"\" ],\r\n  \"orderNum\" : [ \"2\" ],\r\n  \"icon\" : [ \"icon-social-dropbox\" ],\r\n  \"visible\" : [ \"0\" ]\r\n}', '{\r\n  \"msg\" : \"操作成功\",\r\n  \"code\" : 0\r\n}', '0', null, '2020-01-06 14:15:47');
INSERT INTO `sys_oper_log` VALUES ('296', '菜单管理', '2', 'com.ruoyi.web.controller.system.SysMenuController.editSave()', 'POST', '1', 'admin', '研发部门', '/system/menu/edit', '127.0.0.1', '内网IP', '{\r\n  \"menuId\" : [ \"100\" ],\r\n  \"parentId\" : [ \"2028\" ],\r\n  \"menuType\" : [ \"C\" ],\r\n  \"menuName\" : [ \"用户管理\" ],\r\n  \"url\" : [ \"/system/user\" ],\r\n  \"target\" : [ \"menuItem\" ],\r\n  \"perms\" : [ \"system:user:view\" ],\r\n  \"orderNum\" : [ \"1\" ],\r\n  \"icon\" : [ \"fa fa-user\" ],\r\n  \"visible\" : [ \"0\" ]\r\n}', '{\r\n  \"msg\" : \"操作成功\",\r\n  \"code\" : 0\r\n}', '0', null, '2020-01-06 14:16:24');
INSERT INTO `sys_oper_log` VALUES ('297', '菜单管理', '2', 'com.ruoyi.web.controller.system.SysMenuController.editSave()', 'POST', '1', 'admin', '研发部门', '/system/menu/edit', '127.0.0.1', '内网IP', '{\r\n  \"menuId\" : [ \"100\" ],\r\n  \"parentId\" : [ \"2028\" ],\r\n  \"menuType\" : [ \"C\" ],\r\n  \"menuName\" : [ \"用户管理\" ],\r\n  \"url\" : [ \"/system/user\" ],\r\n  \"target\" : [ \"menuItem\" ],\r\n  \"perms\" : [ \"system:user:view\" ],\r\n  \"orderNum\" : [ \"1\" ],\r\n  \"icon\" : [ \"fa fa-user-o\" ],\r\n  \"visible\" : [ \"0\" ]\r\n}', '{\r\n  \"msg\" : \"操作成功\",\r\n  \"code\" : 0\r\n}', '0', null, '2020-01-06 14:16:51');
INSERT INTO `sys_oper_log` VALUES ('298', '菜单管理', '2', 'com.ruoyi.web.controller.system.SysMenuController.editSave()', 'POST', '1', 'admin', '研发部门', '/system/menu/edit', '127.0.0.1', '内网IP', '{\r\n  \"menuId\" : [ \"2029\" ],\r\n  \"parentId\" : [ \"1\" ],\r\n  \"menuType\" : [ \"M\" ],\r\n  \"menuName\" : [ \"权限管理\" ],\r\n  \"url\" : [ \"#\" ],\r\n  \"target\" : [ \"menuItem\" ],\r\n  \"perms\" : [ \"\" ],\r\n  \"orderNum\" : [ \"2\" ],\r\n  \"icon\" : [ \"fa fa-users\" ],\r\n  \"visible\" : [ \"0\" ]\r\n}', '{\r\n  \"msg\" : \"操作成功\",\r\n  \"code\" : 0\r\n}', '0', null, '2020-01-06 14:17:42');
INSERT INTO `sys_oper_log` VALUES ('299', '菜单管理', '2', 'com.ruoyi.web.controller.system.SysMenuController.editSave()', 'POST', '1', 'admin', '研发部门', '/system/menu/edit', '127.0.0.1', '内网IP', '{\r\n  \"menuId\" : [ \"101\" ],\r\n  \"parentId\" : [ \"2029\" ],\r\n  \"menuType\" : [ \"C\" ],\r\n  \"menuName\" : [ \"角色管理\" ],\r\n  \"url\" : [ \"/system/role\" ],\r\n  \"target\" : [ \"menuItem\" ],\r\n  \"perms\" : [ \"system:role:view\" ],\r\n  \"orderNum\" : [ \"2\" ],\r\n  \"icon\" : [ \"fa fa-user-circle\" ],\r\n  \"visible\" : [ \"0\" ]\r\n}', '{\r\n  \"msg\" : \"操作成功\",\r\n  \"code\" : 0\r\n}', '0', null, '2020-01-06 14:18:14');
INSERT INTO `sys_oper_log` VALUES ('300', '菜单管理', '1', 'com.ruoyi.web.controller.system.SysMenuController.addSave()', 'POST', '1', 'admin', '研发部门', '/system/menu/add', '127.0.0.1', '内网IP', '{\r\n  \"parentId\" : [ \"1\" ],\r\n  \"menuType\" : [ \"M\" ],\r\n  \"menuName\" : [ \"系统设置\" ],\r\n  \"url\" : [ \"\" ],\r\n  \"target\" : [ \"menuItem\" ],\r\n  \"perms\" : [ \"\" ],\r\n  \"orderNum\" : [ \"3\" ],\r\n  \"icon\" : [ \"fa fa-cogs\" ],\r\n  \"visible\" : [ \"0\" ]\r\n}', '{\r\n  \"msg\" : \"操作成功\",\r\n  \"code\" : 0\r\n}', '0', null, '2020-01-06 14:19:22');
INSERT INTO `sys_oper_log` VALUES ('301', '菜单管理', '2', 'com.ruoyi.web.controller.system.SysMenuController.editSave()', 'POST', '1', 'admin', '研发部门', '/system/menu/edit', '127.0.0.1', '内网IP', '{\r\n  \"menuId\" : [ \"102\" ],\r\n  \"parentId\" : [ \"2030\" ],\r\n  \"menuType\" : [ \"C\" ],\r\n  \"menuName\" : [ \"菜单管理\" ],\r\n  \"url\" : [ \"/system/menu\" ],\r\n  \"target\" : [ \"menuItem\" ],\r\n  \"perms\" : [ \"system:menu:view\" ],\r\n  \"orderNum\" : [ \"3\" ],\r\n  \"icon\" : [ \"fa fa-map-o\" ],\r\n  \"visible\" : [ \"0\" ]\r\n}', '{\r\n  \"msg\" : \"操作成功\",\r\n  \"code\" : 0\r\n}', '0', null, '2020-01-06 14:21:15');
INSERT INTO `sys_oper_log` VALUES ('302', '菜单管理', '2', 'com.ruoyi.web.controller.system.SysMenuController.editSave()', 'POST', '1', 'admin', '研发部门', '/system/menu/edit', '127.0.0.1', '内网IP', '{\r\n  \"menuId\" : [ \"105\" ],\r\n  \"parentId\" : [ \"2030\" ],\r\n  \"menuType\" : [ \"C\" ],\r\n  \"menuName\" : [ \"字典管理\" ],\r\n  \"url\" : [ \"/system/dict\" ],\r\n  \"target\" : [ \"menuItem\" ],\r\n  \"perms\" : [ \"system:dict:view\" ],\r\n  \"orderNum\" : [ \"6\" ],\r\n  \"icon\" : [ \"fa fa-barcode\" ],\r\n  \"visible\" : [ \"0\" ]\r\n}', '{\r\n  \"msg\" : \"操作成功\",\r\n  \"code\" : 0\r\n}', '0', null, '2020-01-06 14:21:41');
INSERT INTO `sys_oper_log` VALUES ('303', '菜单管理', '2', 'com.ruoyi.web.controller.system.SysMenuController.editSave()', 'POST', '1', 'admin', '研发部门', '/system/menu/edit', '127.0.0.1', '内网IP', '{\r\n  \"menuId\" : [ \"106\" ],\r\n  \"parentId\" : [ \"2030\" ],\r\n  \"menuType\" : [ \"C\" ],\r\n  \"menuName\" : [ \"参数设置\" ],\r\n  \"url\" : [ \"/system/config\" ],\r\n  \"target\" : [ \"menuItem\" ],\r\n  \"perms\" : [ \"system:config:view\" ],\r\n  \"orderNum\" : [ \"7\" ],\r\n  \"icon\" : [ \"fa fa-keyboard-o\" ],\r\n  \"visible\" : [ \"0\" ]\r\n}', '{\r\n  \"msg\" : \"操作成功\",\r\n  \"code\" : 0\r\n}', '0', null, '2020-01-06 14:22:37');
INSERT INTO `sys_oper_log` VALUES ('304', '菜单管理', '2', 'com.ruoyi.web.controller.system.SysMenuController.editSave()', 'POST', '1', 'admin', '研发部门', '/system/menu/edit', '127.0.0.1', '内网IP', '{\r\n  \"menuId\" : [ \"107\" ],\r\n  \"parentId\" : [ \"2030\" ],\r\n  \"menuType\" : [ \"C\" ],\r\n  \"menuName\" : [ \"通知公告\" ],\r\n  \"url\" : [ \"/system/notice\" ],\r\n  \"target\" : [ \"menuItem\" ],\r\n  \"perms\" : [ \"system:notice:view\" ],\r\n  \"orderNum\" : [ \"8\" ],\r\n  \"icon\" : [ \"fa fa-bell-o\" ],\r\n  \"visible\" : [ \"0\" ]\r\n}', '{\r\n  \"msg\" : \"操作成功\",\r\n  \"code\" : 0\r\n}', '0', null, '2020-01-06 14:23:25');
INSERT INTO `sys_oper_log` VALUES ('305', '参数管理', '2', 'com.ruoyi.web.controller.system.SysConfigController.editSave()', 'POST', '1', 'admin', '研发部门', '/system/config/edit', '127.0.0.1', '内网IP', '{\r\n  \"configId\" : [ \"3\" ],\r\n  \"configName\" : [ \"主框架页-侧边栏主题\" ],\r\n  \"configKey\" : [ \"sys.index.sideTheme\" ],\r\n  \"configValue\" : [ \"theme-light\" ],\r\n  \"configType\" : [ \"Y\" ],\r\n  \"remark\" : [ \"深色主题theme-dark，浅色主题theme-light\" ]\r\n}', '{\r\n  \"msg\" : \"操作成功\",\r\n  \"code\" : 0\r\n}', '0', null, '2020-01-06 14:26:25');
INSERT INTO `sys_oper_log` VALUES ('306', '菜单管理', '2', 'com.ruoyi.web.controller.system.SysMenuController.editSave()', 'POST', '1', 'admin', '研发部门', '/system/menu/edit', '127.0.0.1', '内网IP', '{\r\n  \"menuId\" : [ \"2000\" ],\r\n  \"parentId\" : [ \"0\" ],\r\n  \"menuType\" : [ \"M\" ],\r\n  \"menuName\" : [ \"测试管理\" ],\r\n  \"url\" : [ \"#\" ],\r\n  \"target\" : [ \"menuItem\" ],\r\n  \"perms\" : [ \"\" ],\r\n  \"orderNum\" : [ \"4\" ],\r\n  \"icon\" : [ \"fa fa-window-restore\" ],\r\n  \"visible\" : [ \"0\" ]\r\n}', '{\r\n  \"msg\" : \"操作成功\",\r\n  \"code\" : 0\r\n}', '0', null, '2020-01-06 14:30:04');

-- ----------------------------
-- Table structure for sys_post
-- ----------------------------
DROP TABLE IF EXISTS `sys_post`;
CREATE TABLE `sys_post` (
  `post_id` bigint(20) NOT NULL AUTO_INCREMENT COMMENT '岗位ID',
  `post_code` varchar(64) NOT NULL COMMENT '岗位编码',
  `post_name` varchar(50) NOT NULL COMMENT '岗位名称',
  `post_sort` int(4) NOT NULL COMMENT '显示顺序',
  `status` char(1) NOT NULL COMMENT '状态（0正常 1停用）',
  `create_by` varchar(64) DEFAULT '' COMMENT '创建者',
  `create_time` datetime DEFAULT NULL COMMENT '创建时间',
  `update_by` varchar(64) DEFAULT '' COMMENT '更新者',
  `update_time` datetime DEFAULT NULL COMMENT '更新时间',
  `remark` varchar(500) DEFAULT NULL COMMENT '备注',
  PRIMARY KEY (`post_id`)
) ENGINE=InnoDB AUTO_INCREMENT=5 DEFAULT CHARSET=utf8 COMMENT='岗位信息表';

-- ----------------------------
-- Records of sys_post
-- ----------------------------
INSERT INTO `sys_post` VALUES ('1', 'ceo', '董事长', '1', '0', 'admin', '2018-03-16 11:33:00', 'ry', '2018-03-16 11:33:00', '');
INSERT INTO `sys_post` VALUES ('2', 'se', '项目经理', '2', '0', 'admin', '2018-03-16 11:33:00', 'ry', '2018-03-16 11:33:00', '');
INSERT INTO `sys_post` VALUES ('3', 'hr', '人力资源', '3', '0', 'admin', '2018-03-16 11:33:00', 'ry', '2018-03-16 11:33:00', '');
INSERT INTO `sys_post` VALUES ('4', 'user', '普通员工', '4', '0', 'admin', '2018-03-16 11:33:00', 'ry', '2018-03-16 11:33:00', '');

-- ----------------------------
-- Table structure for sys_role
-- ----------------------------
DROP TABLE IF EXISTS `sys_role`;
CREATE TABLE `sys_role` (
  `role_id` bigint(20) NOT NULL AUTO_INCREMENT COMMENT '角色ID',
  `role_name` varchar(30) NOT NULL COMMENT '角色名称',
  `role_key` varchar(100) NOT NULL COMMENT '角色权限字符串',
  `role_sort` int(4) NOT NULL COMMENT '显示顺序',
  `data_scope` char(1) DEFAULT '1' COMMENT '数据范围（1：全部数据权限 2：自定数据权限 3：本部门数据权限 4：本部门及以下数据权限）',
  `status` char(1) NOT NULL COMMENT '角色状态（0正常 1停用）',
  `del_flag` char(1) DEFAULT '0' COMMENT '删除标志（0代表存在 2代表删除）',
  `create_by` varchar(64) DEFAULT '' COMMENT '创建者',
  `create_time` datetime DEFAULT NULL COMMENT '创建时间',
  `update_by` varchar(64) DEFAULT '' COMMENT '更新者',
  `update_time` datetime DEFAULT NULL COMMENT '更新时间',
  `remark` varchar(500) DEFAULT NULL COMMENT '备注',
  PRIMARY KEY (`role_id`)
) ENGINE=InnoDB AUTO_INCREMENT=3 DEFAULT CHARSET=utf8 COMMENT='角色信息表';

-- ----------------------------
-- Records of sys_role
-- ----------------------------
INSERT INTO `sys_role` VALUES ('1', '管理员', 'admin', '1', '1', '0', '0', 'admin', '2018-03-16 11:33:00', 'ry', '2018-03-16 11:33:00', '管理员');
INSERT INTO `sys_role` VALUES ('2', '普通角色', 'common', '2', '2', '0', '0', 'admin', '2018-03-16 11:33:00', 'ry', '2019-08-04 14:55:22', '普通角色');

-- ----------------------------
-- Table structure for sys_role_dept
-- ----------------------------
DROP TABLE IF EXISTS `sys_role_dept`;
CREATE TABLE `sys_role_dept` (
  `role_id` bigint(20) NOT NULL COMMENT '角色ID',
  `dept_id` bigint(20) NOT NULL COMMENT '部门ID',
  PRIMARY KEY (`role_id`,`dept_id`)
) ENGINE=InnoDB DEFAULT CHARSET=utf8 COMMENT='角色和部门关联表';

-- ----------------------------
-- Records of sys_role_dept
-- ----------------------------
INSERT INTO `sys_role_dept` VALUES ('2', '100');
INSERT INTO `sys_role_dept` VALUES ('2', '101');
INSERT INTO `sys_role_dept` VALUES ('2', '105');

-- ----------------------------
-- Table structure for sys_role_menu
-- ----------------------------
DROP TABLE IF EXISTS `sys_role_menu`;
CREATE TABLE `sys_role_menu` (
  `role_id` bigint(20) NOT NULL COMMENT '角色ID',
  `menu_id` bigint(20) NOT NULL COMMENT '菜单ID',
  PRIMARY KEY (`role_id`,`menu_id`)
) ENGINE=InnoDB DEFAULT CHARSET=utf8 COMMENT='角色和菜单关联表';

-- ----------------------------
-- Records of sys_role_menu
-- ----------------------------
INSERT INTO `sys_role_menu` VALUES ('2', '1');
INSERT INTO `sys_role_menu` VALUES ('2', '2');
INSERT INTO `sys_role_menu` VALUES ('2', '3');
INSERT INTO `sys_role_menu` VALUES ('2', '100');
INSERT INTO `sys_role_menu` VALUES ('2', '101');
INSERT INTO `sys_role_menu` VALUES ('2', '102');
INSERT INTO `sys_role_menu` VALUES ('2', '103');
INSERT INTO `sys_role_menu` VALUES ('2', '104');
INSERT INTO `sys_role_menu` VALUES ('2', '105');
INSERT INTO `sys_role_menu` VALUES ('2', '106');
INSERT INTO `sys_role_menu` VALUES ('2', '107');
INSERT INTO `sys_role_menu` VALUES ('2', '108');
INSERT INTO `sys_role_menu` VALUES ('2', '109');
INSERT INTO `sys_role_menu` VALUES ('2', '110');
INSERT INTO `sys_role_menu` VALUES ('2', '111');
INSERT INTO `sys_role_menu` VALUES ('2', '112');
INSERT INTO `sys_role_menu` VALUES ('2', '113');
INSERT INTO `sys_role_menu` VALUES ('2', '114');
INSERT INTO `sys_role_menu` VALUES ('2', '115');
INSERT INTO `sys_role_menu` VALUES ('2', '500');
INSERT INTO `sys_role_menu` VALUES ('2', '501');
INSERT INTO `sys_role_menu` VALUES ('2', '1000');
INSERT INTO `sys_role_menu` VALUES ('2', '1001');
INSERT INTO `sys_role_menu` VALUES ('2', '1002');
INSERT INTO `sys_role_menu` VALUES ('2', '1003');
INSERT INTO `sys_role_menu` VALUES ('2', '1004');
INSERT INTO `sys_role_menu` VALUES ('2', '1005');
INSERT INTO `sys_role_menu` VALUES ('2', '1006');
INSERT INTO `sys_role_menu` VALUES ('2', '1007');
INSERT INTO `sys_role_menu` VALUES ('2', '1008');
INSERT INTO `sys_role_menu` VALUES ('2', '1009');
INSERT INTO `sys_role_menu` VALUES ('2', '1010');
INSERT INTO `sys_role_menu` VALUES ('2', '1011');
INSERT INTO `sys_role_menu` VALUES ('2', '1012');
INSERT INTO `sys_role_menu` VALUES ('2', '1013');
INSERT INTO `sys_role_menu` VALUES ('2', '1014');
INSERT INTO `sys_role_menu` VALUES ('2', '1015');
INSERT INTO `sys_role_menu` VALUES ('2', '1016');
INSERT INTO `sys_role_menu` VALUES ('2', '1017');
INSERT INTO `sys_role_menu` VALUES ('2', '1018');
INSERT INTO `sys_role_menu` VALUES ('2', '1019');
INSERT INTO `sys_role_menu` VALUES ('2', '1020');
INSERT INTO `sys_role_menu` VALUES ('2', '1021');
INSERT INTO `sys_role_menu` VALUES ('2', '1022');
INSERT INTO `sys_role_menu` VALUES ('2', '1023');
INSERT INTO `sys_role_menu` VALUES ('2', '1024');
INSERT INTO `sys_role_menu` VALUES ('2', '1025');
INSERT INTO `sys_role_menu` VALUES ('2', '1026');
INSERT INTO `sys_role_menu` VALUES ('2', '1027');
INSERT INTO `sys_role_menu` VALUES ('2', '1028');
INSERT INTO `sys_role_menu` VALUES ('2', '1029');
INSERT INTO `sys_role_menu` VALUES ('2', '1030');
INSERT INTO `sys_role_menu` VALUES ('2', '1031');
INSERT INTO `sys_role_menu` VALUES ('2', '1032');
INSERT INTO `sys_role_menu` VALUES ('2', '1033');
INSERT INTO `sys_role_menu` VALUES ('2', '1034');
INSERT INTO `sys_role_menu` VALUES ('2', '1035');
INSERT INTO `sys_role_menu` VALUES ('2', '1036');
INSERT INTO `sys_role_menu` VALUES ('2', '1037');
INSERT INTO `sys_role_menu` VALUES ('2', '1038');
INSERT INTO `sys_role_menu` VALUES ('2', '1039');
INSERT INTO `sys_role_menu` VALUES ('2', '1040');
INSERT INTO `sys_role_menu` VALUES ('2', '1041');
INSERT INTO `sys_role_menu` VALUES ('2', '1042');
INSERT INTO `sys_role_menu` VALUES ('2', '1043');
INSERT INTO `sys_role_menu` VALUES ('2', '1044');
INSERT INTO `sys_role_menu` VALUES ('2', '1045');
INSERT INTO `sys_role_menu` VALUES ('2', '1046');
INSERT INTO `sys_role_menu` VALUES ('2', '1047');
INSERT INTO `sys_role_menu` VALUES ('2', '1048');
INSERT INTO `sys_role_menu` VALUES ('2', '1049');
INSERT INTO `sys_role_menu` VALUES ('2', '1050');
INSERT INTO `sys_role_menu` VALUES ('2', '1051');
INSERT INTO `sys_role_menu` VALUES ('2', '1052');
INSERT INTO `sys_role_menu` VALUES ('2', '1053');
INSERT INTO `sys_role_menu` VALUES ('2', '1054');
INSERT INTO `sys_role_menu` VALUES ('2', '1055');
INSERT INTO `sys_role_menu` VALUES ('2', '1056');
INSERT INTO `sys_role_menu` VALUES ('2', '1057');
INSERT INTO `sys_role_menu` VALUES ('2', '1058');
INSERT INTO `sys_role_menu` VALUES ('2', '1059');

-- ----------------------------
-- Table structure for sys_user
-- ----------------------------
DROP TABLE IF EXISTS `sys_user`;
CREATE TABLE `sys_user` (
  `user_id` bigint(20) NOT NULL AUTO_INCREMENT COMMENT '用户ID',
  `dept_id` bigint(20) DEFAULT NULL COMMENT '部门ID',
  `login_name` varchar(30) NOT NULL COMMENT '登录账号',
  `user_name` varchar(30) NOT NULL COMMENT '用户昵称',
  `user_type` varchar(2) DEFAULT '00' COMMENT '用户类型（00系统用户）',
  `email` varchar(50) DEFAULT '' COMMENT '用户邮箱',
  `phonenumber` varchar(11) DEFAULT '' COMMENT '手机号码',
  `sex` char(1) DEFAULT '0' COMMENT '用户性别（0男 1女 2未知）',
  `avatar` varchar(100) DEFAULT '' COMMENT '头像路径',
  `password` varchar(50) DEFAULT '' COMMENT '密码',
  `salt` varchar(20) DEFAULT '' COMMENT '盐加密',
  `status` char(1) DEFAULT '0' COMMENT '帐号状态（0正常 1停用）',
  `del_flag` char(1) DEFAULT '0' COMMENT '删除标志（0代表存在 2代表删除）',
  `login_ip` varchar(50) DEFAULT '' COMMENT '最后登陆IP',
  `login_date` datetime DEFAULT NULL COMMENT '最后登陆时间',
  `create_by` varchar(64) DEFAULT '' COMMENT '创建者',
  `create_time` datetime DEFAULT NULL COMMENT '创建时间',
  `update_by` varchar(64) DEFAULT '' COMMENT '更新者',
  `update_time` datetime DEFAULT NULL COMMENT '更新时间',
  `remark` varchar(500) DEFAULT NULL COMMENT '备注',
  PRIMARY KEY (`user_id`)
) ENGINE=InnoDB AUTO_INCREMENT=3 DEFAULT CHARSET=utf8 COMMENT='用户信息表';

-- ----------------------------
-- Records of sys_user
-- ----------------------------
INSERT INTO `sys_user` VALUES ('1', '103', 'admin', 'CalmDownsy', '00', 'calmdownsy@163.com', '15888888888', '0', '/profile/avatar/2019/10/23/3c19689f38256f13fade52d27772b369.png', '29c67a30398638269fe600f73a054934', '111111', '0', '0', '127.0.0.1', '2020-01-06 13:21:07', 'admin', '2018-03-16 11:33:00', 'ry', '2020-01-06 13:21:07', '管理员');
INSERT INTO `sys_user` VALUES ('2', '105', 'ry', '若依', '00', 'ry@qq.com', '15666666666', '1', '', '3ea816d69d9149d8de486764ba5bc2f6', '954c85', '0', '0', '127.0.0.1', '2019-08-04 14:53:46', 'admin', '2018-03-16 11:33:00', 'ry', '2019-08-04 14:53:45', '测试员');

-- ----------------------------
-- Table structure for sys_user_online
-- ----------------------------
DROP TABLE IF EXISTS `sys_user_online`;
CREATE TABLE `sys_user_online` (
  `sessionId` varchar(50) NOT NULL DEFAULT '' COMMENT '用户会话id',
  `login_name` varchar(50) DEFAULT '' COMMENT '登录账号',
  `dept_name` varchar(50) DEFAULT '' COMMENT '部门名称',
  `ipaddr` varchar(50) DEFAULT '' COMMENT '登录IP地址',
  `login_location` varchar(255) DEFAULT '' COMMENT '登录地点',
  `browser` varchar(50) DEFAULT '' COMMENT '浏览器类型',
  `os` varchar(50) DEFAULT '' COMMENT '操作系统',
  `status` varchar(10) DEFAULT '' COMMENT '在线状态on_line在线off_line离线',
  `start_timestamp` datetime DEFAULT NULL COMMENT 'session创建时间',
  `last_access_time` datetime DEFAULT NULL COMMENT 'session最后访问时间',
  `expire_time` int(5) DEFAULT '0' COMMENT '超时时间，单位为分钟',
  PRIMARY KEY (`sessionId`)
) ENGINE=InnoDB DEFAULT CHARSET=utf8 COMMENT='在线用户记录';

-- ----------------------------
-- Records of sys_user_online
-- ----------------------------
INSERT INTO `sys_user_online` VALUES ('5738988a-c605-4131-a3da-79245f35eb56', 'admin', '研发部门', '127.0.0.1', '内网IP', 'Firefox 7', 'Windows 10', 'on_line', '2020-01-06 13:21:03', '2020-01-06 14:31:34', '1800000');

-- ----------------------------
-- Table structure for sys_user_post
-- ----------------------------
DROP TABLE IF EXISTS `sys_user_post`;
CREATE TABLE `sys_user_post` (
  `user_id` bigint(20) NOT NULL COMMENT '用户ID',
  `post_id` bigint(20) NOT NULL COMMENT '岗位ID',
  PRIMARY KEY (`user_id`,`post_id`)
) ENGINE=InnoDB DEFAULT CHARSET=utf8 COMMENT='用户与岗位关联表';

-- ----------------------------
-- Records of sys_user_post
-- ----------------------------
INSERT INTO `sys_user_post` VALUES ('1', '1');
INSERT INTO `sys_user_post` VALUES ('2', '2');

-- ----------------------------
-- Table structure for sys_user_role
-- ----------------------------
DROP TABLE IF EXISTS `sys_user_role`;
CREATE TABLE `sys_user_role` (
  `user_id` bigint(20) NOT NULL COMMENT '用户ID',
  `role_id` bigint(20) NOT NULL COMMENT '角色ID',
  PRIMARY KEY (`user_id`,`role_id`)
) ENGINE=InnoDB DEFAULT CHARSET=utf8 COMMENT='用户和角色关联表';

-- ----------------------------
-- Records of sys_user_role
-- ----------------------------
INSERT INTO `sys_user_role` VALUES ('1', '1');
INSERT INTO `sys_user_role` VALUES ('2', '2');

-- ----------------------------
-- Table structure for testcase
-- ----------------------------
DROP TABLE IF EXISTS `testcase`;
CREATE TABLE `testcase` (
  `test_case_id` bigint(20) NOT NULL AUTO_INCREMENT,
  `parent_title` varchar(50) NOT NULL COMMENT '用例父标题',
  `test_case_title` varchar(50) NOT NULL COMMENT '用例标题',
  `description` varchar(500) NOT NULL COMMENT '用例描述',
  `test_case_type` char(1) NOT NULL COMMENT '用例类型，auto,manual',
  `create_by` varchar(64) DEFAULT NULL,
  `create_time` datetime DEFAULT NULL,
  `update_by` varchar(64) DEFAULT NULL,
  `update_time` datetime DEFAULT NULL,
  PRIMARY KEY (`test_case_id`)
) ENGINE=InnoDB AUTO_INCREMENT=10 DEFAULT CHARSET=utf8;

-- ----------------------------
-- Records of testcase
-- ----------------------------
INSERT INTO `testcase` VALUES ('2', 'com.http.customergatewayweb.TeYueCustomerTest', 'TestQueryOpenAccResult', '4 .特约商户开户结果查询  OK', '1', null, '2019-10-24 21:02:55', null, null);
INSERT INTO `testcase` VALUES ('3', 'com.http.customergatewayweb.TeYueCustomerTest', 'TestDownQueryOrder', '11. 特约商户开户订单查询  OK', '1', null, '2019-10-24 21:02:55', null, null);
INSERT INTO `testcase` VALUES ('4', 'com.http.customergatewayweb.TeYueCustomerTest', 'TestPayOut', '15 开户打款（验证）  oK', '1', null, '2019-10-24 21:02:55', null, null);
INSERT INTO `testcase` VALUES ('5', 'com.http.customergatewayweb.TeYueCustomerTest', 'testOpenAccount', '3.开户   Ok', '1', null, '2019-10-24 21:02:55', null, null);
INSERT INTO `testcase` VALUES ('6', 'com.http.customergatewayweb.TeYueCustomerTest', 'TestSign', '9. 合众协议签署-签约  OK', '1', null, '2019-10-24 21:02:55', null, null);
INSERT INTO `testcase` VALUES ('7', 'com.http.customergatewayweb.TeYueCustomerTest', 'TestPayOutVerify', '5 开户打款验证（验证）  oK', '1', null, '2019-10-24 21:02:55', null, null);
INSERT INTO `testcase` VALUES ('8', 'com.http.customergatewayweb.TeYueCustomerTest', 'testIDAuth', '2.身份鉴权   OK', '1', null, '2019-10-24 21:02:55', null, null);
INSERT INTO `testcase` VALUES ('9', 'com.http.demo.TestHttpDemo', 'testCardbinquerySuccess', '查询卡宾成功', '1', null, '2019-10-24 21:09:13', null, null);

-- ----------------------------
-- Table structure for test_action
-- ----------------------------
DROP TABLE IF EXISTS `test_action`;
CREATE TABLE `test_action` (
  `action_id` int(11) NOT NULL AUTO_INCREMENT COMMENT '动作Id',
  `action_name` varchar(120) NOT NULL COMMENT '动作名称',
  `action_type` char(1) DEFAULT NULL COMMENT '动作类型',
  `config_info` varchar(120) DEFAULT NULL COMMENT 'status	char	1	0	-1	0	0	0	0		0	报文状态（1：正常；2：禁用）	utf8	utf8_general_ci		0	0',
  `status` char(1) DEFAULT NULL COMMENT '动作状态（1：正常；2：禁用）',
  `create_by` varchar(64) DEFAULT NULL COMMENT '创建人',
  `create_time` datetime DEFAULT NULL COMMENT '创建时间',
  `update_by` varchar(64) DEFAULT NULL COMMENT '修改人',
  `update_time` datetime DEFAULT NULL COMMENT '修改时间',
  `remark` varchar(255) DEFAULT NULL COMMENT '备注',
  PRIMARY KEY (`action_id`)
) ENGINE=InnoDB DEFAULT CHARSET=utf8;

-- ----------------------------
-- Records of test_action
-- ----------------------------

-- ----------------------------
-- Table structure for test_case
-- ----------------------------
DROP TABLE IF EXISTS `test_case`;
CREATE TABLE `test_case` (
  `case_id` int(11) NOT NULL AUTO_INCREMENT COMMENT '用例Id',
  `case_name` varchar(120) DEFAULT NULL COMMENT '用例名称',
  `interface_id` int(11) NOT NULL COMMENT '所属接口',
  `parameter_json` longtext NOT NULL COMMENT '用例实参',
  `case_type` char(1) DEFAULT NULL COMMENT '用例类型，auto,manual',
  `status` char(1) DEFAULT NULL COMMENT '用例状态（1：正常；2：禁用）',
  `env` char(1) DEFAULT NULL COMMENT '所属环境',
  `first_run_time` datetime DEFAULT NULL COMMENT '首次执行时间',
  `last_run_time` datetime DEFAULT NULL COMMENT '最近执行时间',
  `run_count` int(11) DEFAULT '0' COMMENT '运行次数',
  `check_rule_flag` char(1) DEFAULT NULL COMMENT '校验规则',
  `check_expression` varchar(255) DEFAULT NULL COMMENT '校验表达式',
  `pre_action_id` int(11) DEFAULT NULL COMMENT '前置动作',
  `create_by` varchar(64) DEFAULT NULL COMMENT '创建人',
  `create_time` datetime DEFAULT NULL COMMENT '创建时间',
  `update_by` varchar(64) DEFAULT NULL,
  `update_time` datetime DEFAULT NULL COMMENT '修改时间',
  `remark` varchar(255) DEFAULT NULL COMMENT '备注',
  PRIMARY KEY (`case_id`)
) ENGINE=InnoDB AUTO_INCREMENT=2 DEFAULT CHARSET=utf8;

-- ----------------------------
-- Records of test_case
-- ----------------------------
INSERT INTO `test_case` VALUES ('1', 'rqerqwe', '1', '{ \"AIPG\":{ \"INFO\":{ \"TRX_CODE\":\"100030\", \"VERSION\":\"2.0\", \"DATA_TYPE\":\"0\", \"LEVEL\":\"0\", \"REQ_SN\":\"2019121220151335559\", \"SIGNED_MSG\":\"signedMsg\" }, \"BODY\":{ \"BUSINESS_CODE\":\"04900\", \"DEVICE_INFO\":\" ABCD:EF01:2345:6789:ABCD:EF01:2345:6789|F0E1D2C3B4A5|352044063995403|460030912121001|898600680113F0123014|968778695A4B|116.360207,-39.921064| \", \"REMARK\":\"张思远做的单笔付款\", \"TERMINALID\":\"1111111111122233\", \"BANK_SHORT_NAME\":\"平安银行\", \"ACCOUNT_TYPE\":\"00\", \"MERC_ORDER_NO\":\"zsy20191212201514820167\", \"TRANS_AMT\":\"0.01\", \"BANK_PROVINCE\":\"北京\", \"MERC_ORDER_DATE\":\"20191212\", \"NOTIFY_URL\":\"http://10.63.13.21:12790/simulator-web/mercservice/payOutBackNotify\", \"BANK_NAME\":\"平安银行\", \"BANK_NO\":\"105\", \"BANK_CITY\":\"北京\", \"TERMINAL_TYPE\":\"01\", \"CURRENCY\":\"CNY\", \"ACCOUNT_PROP\":\"0\", \"MERCHANT_ID\":\"800010000020019\", \"REMARK2\":\"备注2\", \"REMARK3\":\"备注3\", \"EXTEND1\":null, \"EXTEND2\":null, \"EXTEND3\":null, \"ACCOUNT_NO\":\"9559794382528934794\", \"ACCOUNT_NAME\":\"张思远\" } } }', '1', '1', '1', null, null, '0', '1', 'qewrwqdqwed', '1', null, '2020-01-02 15:26:30', null, '2020-01-02 15:56:15', null);

-- ----------------------------
-- Table structure for test_interface_info
-- ----------------------------
DROP TABLE IF EXISTS `test_interface_info`;
CREATE TABLE `test_interface_info` (
  `interface_id` int(11) NOT NULL AUTO_INCREMENT COMMENT '接口Id',
  `interface_name` varchar(120) NOT NULL COMMENT '接口英文名称，必须为英文',
  `interface_ch_name` varchar(120) DEFAULT NULL COMMENT '接口中文名称',
  `request_url` text NOT NULL COMMENT '请求路径',
  `interface_type` char(2) NOT NULL COMMENT '接口分类（收、付、退、鉴权等）',
  `interface_protocol` char(2) NOT NULL COMMENT '接口协议（http、https、dubbo）',
  `request_type` char(2) NOT NULL COMMENT '请求类型（协议http(s)时，为post、get等）',
  `status` char(1) DEFAULT NULL COMMENT '接口状态（1：正常；2：禁用）',
  `create_by` varchar(64) DEFAULT NULL COMMENT '创建人',
  `create_time` datetime DEFAULT NULL COMMENT '创建时间',
  `update_by` varchar(64) DEFAULT NULL,
  `update_time` datetime DEFAULT NULL COMMENT '修改人',
  `remark` varchar(255) DEFAULT NULL COMMENT '修改时间',
  PRIMARY KEY (`interface_id`)
) ENGINE=InnoDB AUTO_INCREMENT=6 DEFAULT CHARSET=utf8;

-- ----------------------------
-- Records of test_interface_info
-- ----------------------------
INSERT INTO `test_interface_info` VALUES ('1', 'singlePay', '单笔代付', '/merc-payoutgateway-web//payout/singlepay', '2', '1', '1', '1', 'admin', '2019-12-06 16:23:01', 'admin', '2019-12-09 17:13:45', '12312');
INSERT INTO `test_interface_info` VALUES ('2', 'ceshicehihsi', '测试测试', '/ceshi/ceshi', '1', '3', '2', '2', null, '2019-12-06 17:18:53', 'admin', '2020-01-06 13:52:14', '4444444');
INSERT INTO `test_interface_info` VALUES ('3', 'adfad', '测试123123', '/test/1234', '5', '3', '2', '1', 'admin', '2019-12-09 17:16:26', null, null, 'asdfasdfkashdfasdf');
INSERT INTO `test_interface_info` VALUES ('5', '234234', '234234', '234234', '1', '2', '1', '1', 'admin', '2020-01-05 18:23:41', null, null, 'qwerqwerqewr');

-- ----------------------------
-- Table structure for test_message
-- ----------------------------
DROP TABLE IF EXISTS `test_message`;
CREATE TABLE `test_message` (
  `message_id` int(11) NOT NULL AUTO_INCREMENT COMMENT '报文Id',
  `message_name` varchar(120) DEFAULT NULL,
  `message_type` char(1) DEFAULT NULL COMMENT '报文格式：xml、json、url',
  `message_res` char(1) DEFAULT NULL COMMENT '报文来源，请求或响应',
  `interface_id` int(11) DEFAULT NULL COMMENT '所属接口',
  `parameter_json` longtext NOT NULL COMMENT '入参报文',
  `status` char(1) DEFAULT NULL COMMENT '报文状态（1：正常；2：禁用）',
  `create_by` varchar(64) DEFAULT NULL COMMENT '创建人',
  `create_time` datetime DEFAULT NULL COMMENT '创建时间',
  `update_by` varchar(64) DEFAULT NULL COMMENT '修改人',
  `update_time` datetime DEFAULT NULL COMMENT '修改时间',
  `remark` varchar(255) DEFAULT NULL COMMENT '备注',
  PRIMARY KEY (`message_id`)
) ENGINE=InnoDB AUTO_INCREMENT=10 DEFAULT CHARSET=utf8;

-- ----------------------------
-- Records of test_message
-- ----------------------------
INSERT INTO `test_message` VALUES ('2', '123123', '1', '2', '2', '[]', '1', 'admin', '2019-12-12 16:52:53', 'admin', '2020-01-03 16:53:02', '撒旦法');
INSERT INTO `test_message` VALUES ('7', '单笔代付', '1', '1', '1', '[{\"parentNode\":\"INFO\",\"id\":\"TRX_CODE\",\"name\":\"交易代码\",\"type\":\"String\",\"length\":\"20\",\"isRequire\":\"Y\"},{\"parentNode\":\"INFO\",\"id\":\"VERSION\",\"name\":\"版本\",\"type\":\"String\",\"length\":\"3\",\"isRequire\":\"Y\"},{\"parentNode\":\"INFO\",\"id\":\"DATA_TYPE\",\"name\":\"数据格式\",\"type\":\"Int\",\"length\":\"1\",\"isRequire\":\"Y\"},{\"parentNode\":\"INFO\",\"id\":\"REQ_SN\",\"name\":\"请求流水号\",\"type\":\"String\",\"length\":\"32\",\"isRequire\":\"Y\"},{\"parentNode\":\"INFO\",\"id\":\"GZIP_CHARSET\",\"name\":\"编码格式\",\"type\":\"String\",\"length\":\"8\",\"isRequire\":\"N\"},{\"parentNode\":\"INFO\",\"id\":\"SIGNED_MSG\",\"name\":\"签名信息\",\"type\":\"String\",\"length\":\"\",\"isRequire\":\"Y\"},{\"parentNode\":\"BODY\",\"id\":\"MERCHANT_ID\",\"name\":\"商户编号\",\"type\":\"String\",\"length\":\"16\",\"isRequire\":\"Y\"},{\"parentNode\":\"BODY\",\"id\":\"MERC_ORDER_NO\",\"name\":\"商户订单编号\",\"type\":\"String\",\"length\":\"32\",\"isRequire\":\"Y\"},{\"parentNode\":\"BODY\",\"id\":\"MERC_ORDER_DATE\",\"name\":\"商户订单日期\",\"type\":\"String\",\"length\":\"8\",\"isRequire\":\"Y\"}]', '1', 'admin', '2020-01-03 16:25:25', 'admin', '2020-01-05 16:17:56', '单笔代付');
INSERT INTO `test_message` VALUES ('9', '请问', '2', '1', '3', '[{\"parentNode\":\"INFO\",\"id\":\"额\",\"name\":\" 额\",\"type\":\"String\",\"length\":\"额\",\"isRequire\":\"额\"}]', '1', 'admin', '2020-01-03 16:32:27', 'admin', '2020-01-05 19:25:53', '额');

-- ----------------------------
-- Table structure for test_result
-- ----------------------------
DROP TABLE IF EXISTS `test_result`;
CREATE TABLE `test_result` (
  `result_id` bigint(20) NOT NULL,
  `test_plan_id` bigint(20) NOT NULL,
  `test_title` varchar(50) NOT NULL,
  `test_result` char(1) NOT NULL,
  `case_count` int(10) DEFAULT NULL,
  `success_count` int(10) DEFAULT NULL,
  `fail_count` int(10) DEFAULT NULL,
  `skip_count` int(10) DEFAULT NULL,
  `duration` int(11) DEFAULT NULL,
  `report_path` varchar(100) DEFAULT NULL,
  `create_by` varchar(64) DEFAULT NULL,
  `create_time` datetime DEFAULT NULL,
  `update_by` varchar(64) DEFAULT NULL,
  `update_time` datetime DEFAULT NULL,
  `remark` varchar(255) DEFAULT NULL,
  PRIMARY KEY (`result_id`)
) ENGINE=InnoDB DEFAULT CHARSET=utf8;

-- ----------------------------
-- Records of test_result
-- ----------------------------

-- ----------------------------
-- Table structure for workorder
-- ----------------------------
DROP TABLE IF EXISTS `workorder`;
CREATE TABLE `workorder` (
  `work_order_id` bigint(20) NOT NULL AUTO_INCREMENT,
  `work_order_num` varchar(20) NOT NULL,
  `work_order_name` varchar(50) NOT NULL,
  `work_order_type` char(1) NOT NULL,
  `status` char(1) NOT NULL DEFAULT '0',
  `start_time` date NOT NULL,
  `end_time` date NOT NULL,
  `create_by` varchar(64) DEFAULT '' COMMENT '创建者',
  `create_time` datetime DEFAULT NULL COMMENT '创建时间',
  `update_by` varchar(64) DEFAULT '' COMMENT '更新者',
  `update_time` datetime DEFAULT NULL COMMENT '更新时间',
  `remark` varchar(500) DEFAULT NULL COMMENT '备注',
  PRIMARY KEY (`work_order_id`)
) ENGINE=InnoDB AUTO_INCREMENT=15 DEFAULT CHARSET=utf8;

-- ----------------------------
-- Records of workorder
-- ----------------------------
INSERT INTO `workorder` VALUES ('11', 'BG2018080812', '23', '3', '1', '2019-08-09', '2019-08-24', 'admin', '2019-08-04 14:31:19', 'admin', '2019-08-18 13:41:21', '我单位');
INSERT INTO `workorder` VALUES ('12', 'DB12345621', 'DB创建', '2', '3', '2019-08-09', '2019-08-24', 'admin', '2019-08-04 14:33:44', 'admin', '2019-08-18 13:40:50', 'remark');
INSERT INTO `workorder` VALUES ('13', 'CF2018081111', '测试工单创建', '4', '0', '2019-08-09', '2019-08-24', 'admin', '2019-08-05 21:09:11', 'admin', '2019-09-21 12:56:07', '备注');
INSERT INTO `workorder` VALUES ('14', '123', 'asfdsfasd', '2', '0', '2019-12-30', '2020-01-03', 'admin', '2020-01-03 16:29:57', 'admin', '2020-01-05 14:48:31', null);
